,Date,Close,High,Low,Open,Volume
0,1980-03-17,1.7505265474319458,1.8910793682732225,1.7505265474319458,0.0,405600
1,1980-03-18,1.737748146057129,1.7633034636894072,1.7121934133351897,0.0,24000
2,1980-03-19,1.737748146057129,1.7888587813216856,1.7249707796961593,0.0,34800
3,1980-03-20,1.7505265474319458,1.7505265474319458,1.7121938535824177,0.0,56400
4,1980-03-21,1.737748146057129,1.7633034636894072,1.737748146057129,0.0,108600
5,1980-03-24,1.737748146057129,1.7633034636894072,1.7121934133351897,0.0,34200
6,1980-03-25,1.6738604307174683,1.7121931078719885,1.5716397633353356,0.0,48000
7,1980-03-26,1.6355271339416504,1.6994145150552216,1.6355271339416506,0.0,53400
8,1980-03-27,1.35442054271698,1.5844165170411846,1.3416431835578606,0.0,402000
9,1980-03-28,1.533307433128357,1.558862751983952,1.4438646944993252,0.0,198000
10,1980-03-31,1.571638822555542,1.5971941203312847,1.5333061683468703,0.0,14400
11,1980-04-01,1.5588629245758057,1.5844176613503644,1.5333076028908146,0.0,10200
12,1980-04-02,1.4821970462799072,1.5333070875618917,1.4821970462799072,0.0,22800
13,1980-04-03,1.494974970817566,1.5205302934940006,1.4821976019345757,0.0,99000
14,1980-04-07,1.4821970462799072,1.4949744103728444,1.4694190972767345,0.0,48000
15,1980-04-08,1.520530104637146,1.520530104637146,1.4694194656324537,0.0,49200
16,1980-04-09,1.533307433128357,1.533307433128357,1.494974747300148,0.0,5400
17,1980-04-10,1.5588629245758057,1.571640292963085,1.5460849712780942,0.0,41400
18,1980-04-11,1.520530104637146,1.5844175260274382,1.520530104637146,0.0,61800
19,1980-04-14,1.5588629245758057,1.5588629245758054,1.5333076028908146,0.0,36600
20,1980-04-15,1.5844172239303589,1.6355278531899087,1.584417223930359,0.0,42000
21,1980-04-16,1.5588629245758057,1.6099729830353553,1.5588629245758054,0.0,54600
22,1980-04-17,1.571638822555542,1.5971941203312847,1.571638822555542,0.0,37800
23,1980-04-18,1.571638822555542,1.5971941203312847,1.571638822555542,0.0,19800
24,1980-04-21,1.5460845232009888,1.6099725164426084,1.5460845232009888,0.0,70800
25,1980-04-22,1.6355271339416504,1.6355271339416506,1.5588618086773547,0.0,85800
26,1980-04-23,1.6099721193313599,1.6610821503718398,1.6099721193313599,0.0,12000
27,1980-04-24,1.6099721193313599,1.6227494808639504,1.5971947577987695,0.0,64800
28,1980-04-25,1.6227498054504395,1.6227498054504395,1.5971950772737376,0.0,19200
29,1980-04-28,1.6099721193313599,1.6099721193313599,1.6099721193313599,0.0,1200
30,1980-04-29,1.6355271339416504,1.6355271339416506,1.6099718305502142,0.0,22200
31,1980-04-30,1.5971940755844116,1.6227487877343305,1.5971940755844116,0.0,27600
32,1980-05-01,1.5971940755844116,1.6227487877343305,1.5971940755844116,0.0,3600
33,1980-05-02,1.6355271339416504,1.6355271339416506,1.5716391679180661,0.0,163200
34,1980-05-05,1.6227498054504395,1.6355277544490254,1.6227498054504395,0.0,10800
35,1980-05-06,1.7121931314468384,1.7121931314468384,1.597195098399892,0.0,40200
36,1980-05-07,1.737748146057129,1.7633034636894072,1.6994154620638808,0.0,69000
37,1980-05-08,1.6866377592086792,1.750525748088173,1.6866377592086792,0.0,31800
38,1980-05-09,1.6483033895492554,1.6866360265155171,1.6483033895492554,0.0,8400
39,1980-05-12,1.5971940755844116,1.6355267287191584,1.5844161345995837,0.0,14400
40,1980-05-13,1.6227498054504395,1.6355277544490254,1.5971950772737376,0.0,20400
41,1980-05-14,1.6099721193313599,1.6483047888392495,1.6099721193313599,0.0,10800
42,1980-05-15,1.6610828638076782,1.661082863807678,1.6355281297667275,0.0,16200
43,1980-05-16,1.6610828638076782,1.6866381827589982,1.661082863807678,0.0,4800
44,1980-05-19,1.6738604307174683,1.673860430717468,1.6483051176443761,0.0,24000
45,1980-05-20,1.6866377592086792,1.6866377592086792,1.6355277190512176,0.0,57600
46,1980-05-21,1.6866377592086792,1.7377477993661408,1.6866377592086792,0.0,9000
47,1980-05-22,1.763303279876709,1.8655239548396545,1.737747964908403,0.0,123000
48,1980-05-23,1.8910785913467407,1.8910785913467405,1.8144132351447073,0.0,118800
49,1980-05-27,1.903855800628662,1.9421884638298432,1.903855800628662,0.0,76200
50,1980-05-28,1.8655242919921875,1.9038569789172983,1.839968972405319,0.0,19200
51,1980-05-29,1.8399693965911865,1.8655247220695703,1.8144140711128025,0.0,15600
52,1980-05-30,1.8655242919921875,1.8783016593304298,1.839968972405319,0.0,22200
53,1980-06-02,1.8399693965911865,1.8655247220695703,1.8399693965911865,0.0,35400
54,1980-06-03,1.8399693965911865,1.8399693965911865,1.8399693965911865,0.0,9000
55,1980-06-04,1.7760803699493408,1.8271909919734777,1.7760803699493408,0.0,35400
56,1980-06-05,1.8016356229782104,1.827190933167816,1.7888582603384924,0.0,10800
57,1980-06-06,1.8016356229782104,1.827190933167816,1.8016356229782104,0.0,11400
58,1980-06-09,1.7760803699493408,1.8144130440123496,1.7760803699493408,0.0,30600
59,1980-06-10,1.8016356229782104,1.8144129856179287,1.8016356229782104,0.0,20400
60,1980-06-11,1.8016356229782104,1.827190933167816,1.8016356229782104,0.0,19800
61,1980-06-12,1.8144131898880005,1.8271911388764532,1.8016358258097822,0.0,12000
62,1980-06-13,1.7760803699493408,1.8144130440123496,1.7760803699493408,0.0,30600
63,1980-06-16,1.7888587713241577,1.788858771324158,1.7633034538347023,0.0,10800
64,1980-06-17,1.7888587713241577,1.788858771324158,1.7760808201242622,0.0,10200
65,1980-06-18,1.8144131898880005,1.865523816021342,1.8144131898880005,0.0,28200
66,1980-06-19,1.8399693965911865,1.8655247220695703,1.8399693965911865,0.0,27000
67,1980-06-20,1.7888587713241577,1.8399688213927328,1.788858771324158,0.0,18600
68,1980-06-23,1.8016356229782104,1.8144129856179287,1.7888582603384924,0.0,7200
69,1980-06-24,1.7760803699493408,1.8016356809614091,1.7633030068984006,0.0,13200
70,1980-06-25,1.763303279876709,1.8016359598740288,1.763303279876709,0.0,13200
71,1980-06-26,1.7888587713241577,1.8016361376137175,1.7633034538347023,0.0,28200
72,1980-06-27,1.763303279876709,1.788858594845015,1.763303279876709,0.0,24000
73,1980-06-30,1.7121931314468384,1.7377478599615535,1.7121931314468384,0.0,24000
74,1980-07-01,1.737748146057129,1.737748146057129,1.7121934133351897,0.0,10200
75,1980-07-02,1.737748146057129,1.737748146057129,1.7249707796961593,0.0,18000
76,1980-07-03,1.8016356229782104,1.827190933167816,1.7377476399592815,0.0,19800
77,1980-07-07,1.7888587713241577,1.8271914551031732,1.788858771324158,0.0,20400
78,1980-07-08,1.7888587713241577,1.788858771324158,1.788858771324158,0.0,10800
79,1980-07-09,1.8016356229782104,1.827190933167816,1.7888582603384924,0.0,112200
80,1980-07-10,1.8016356229782104,1.8144129856179287,1.8016356229782104,0.0,82800
81,1980-07-11,1.8271912336349487,1.8271912336349485,1.801635919242974,0.0,3000
82,1980-07-14,1.8271912336349487,1.8399685983758034,1.8144132839838287,0.0,51000
83,1980-07-15,1.8655242919921875,1.8783016593304298,1.839968972405319,0.0,58800
84,1980-07-16,1.8399693965911865,1.8399693965911865,1.8399693965911865,0.0,10200
85,1980-07-17,1.8399693965911865,1.8399693965911865,1.8271920263072539,0.0,50400
86,1980-07-18,1.8399693965911865,1.852746766875119,1.8399693965911865,0.0,83400
87,1980-07-21,1.8399693965911865,1.852746766875119,1.8271920263072539,0.0,49800
88,1980-07-22,1.8399693965911865,1.852746766875119,1.8399693965911865,0.0,9600
89,1980-07-23,1.8527456521987915,1.8527456521987913,1.8399682896021652,0.0,12600
90,1980-07-24,1.8399693965911865,1.852746766875119,1.8399693965911865,0.0,21000
91,1980-07-25,1.8527456521987915,1.8527456521987913,1.8399682896021652,0.0,34200
92,1980-07-28,1.8783016204833984,1.8910789875573792,1.8655242534094176,0.0,22200
93,1980-07-29,2.018854856491089,2.0444095888486022,1.8910788550621989,0.0,110400
94,1980-07-30,2.0444092750549316,2.0827419526179005,2.0444092750549316,0.0,90600
95,1980-07-31,2.018854856491089,2.05718753993769,2.018854856491089,0.0,52800
96,1980-08-01,2.0060765743255615,2.031631887375839,2.0060765743255615,0.0,211800
97,1980-08-04,1.9932992458343506,2.01885455934077,1.967743932327931,0.0,19800
98,1980-08-05,2.018854856491089,2.0444095888486022,2.0060769054020016,0.0,146400
99,1980-08-06,2.0316321849823,2.0571875017760832,2.0316321849823,0.0,37800
100,1980-08-07,2.1594085693359375,2.197741269294035,2.031633097779142,0.0,146400
101,1980-08-08,2.1210741996765137,2.197739539242052,2.108296838052298,0.0,153600
102,1980-08-11,2.108297348022461,2.1338526623625182,2.095519983307564,0.0,55800
103,1980-08-12,2.0955209732055664,2.133853670368409,2.0699656467934915,0.0,281400
104,1980-08-13,2.069965362548828,2.0827427315450255,2.0444100396459732,0.0,105600
105,1980-08-14,2.069965362548828,2.0827427315450255,2.0444100396459732,0.0,209400
106,1980-08-15,2.0827412605285645,2.1082965653819983,2.069963900556871,0.0,117000
107,1980-08-18,2.0444092750549316,2.0827419526179005,2.0444092750549316,0.0,85800
108,1980-08-19,2.018854856491089,2.0699649061164465,2.018854856491089,0.0,174000
109,1980-08-20,2.069965362548828,2.0827427315450255,2.0060773477469205,0.0,100800
110,1980-08-21,2.0827412605285645,2.0827412605285645,2.044408595703437,0.0,210600
111,1980-08-22,2.172186851501465,2.2105195572049574,2.108298813692087,0.0,166200
112,1980-08-25,2.1849634647369385,2.2232961571007444,2.1721860955858254,0.0,90600
113,1980-08-26,2.2744059562683105,2.351071332152752,2.1977405803838685,0.0,206400
114,1980-08-27,2.32551646232605,2.32551646232605,2.236073139025963,0.0,126000
115,1980-08-28,2.2744059562683105,2.3255165967982045,2.2616285885910363,0.0,55200
116,1980-08-29,2.2999606132507324,2.2999606132507324,2.248850572370793,0.0,47400
117,1980-09-02,2.2871830463409424,2.2999604091997705,2.2744050985719353,0.0,32400
118,1980-09-03,2.2616283893585205,2.2871837073722356,2.2616283893585205,0.0,78000
119,1980-09-04,2.2616283893585205,2.299961073923919,2.2616283893585205,0.0,267600
120,1980-09-05,2.2871830463409424,2.312737772058598,2.2616277357131076,0.0,23400
121,1980-09-08,2.2871830463409424,2.3255157198276053,2.2871830463409424,0.0,33000
122,1980-09-09,2.236072063446045,2.2744047307331776,2.236072063446045,0.0,71400
123,1980-09-10,2.2871830463409424,2.2999604091997705,2.2488503728542795,0.0,113400
124,1980-09-11,2.4405157566070557,2.453293130022368,2.325517641137257,0.0,171000
125,1980-09-12,2.555511236190796,2.606621262045192,2.4532905995719454,0.0,251400
126,1980-09-15,2.4532899856567383,2.5171779406698533,2.4149573296308517,0.0,75000
127,1980-09-16,2.4277353286743164,2.453290634419542,2.4277353286743164,0.0,105600
128,1980-09-17,2.4277353286743164,2.4405132740019626,2.389402662511511,0.0,88800
129,1980-09-18,2.4149587154388428,2.4532913934616816,2.4149587154388428,0.0,56400
130,1980-09-19,2.4149587154388428,2.4149587154388428,2.3894034017868675,0.0,34200
131,1980-09-22,2.4149587154388428,2.440514029090818,2.4021813510679793,0.0,40800
132,1980-09-23,2.3894033432006836,2.4788466463343974,2.3894033432006836,0.0,90000
133,1980-09-24,2.3766257762908936,2.3766257762908936,2.3382931024797498,0.0,42000
134,1980-09-25,2.3382935523986816,2.3766262335855455,2.3255161869731595,0.0,43200
135,1980-09-26,2.2871830463409424,2.312737772058598,2.2871830463409424,0.0,48600
136,1980-09-29,2.2616283893585205,2.299961073923919,2.223295704793122,0.0,153000
137,1980-09-30,2.351069927215576,2.3766252322093493,2.325515207131853,0.0,91800
138,1980-10-01,2.363849401473999,2.3766267697822556,2.3510714482553143,0.0,76200
139,1980-10-02,2.3894033432006836,2.402181292168491,2.3638486150855376,0.0,109200
140,1980-10-03,2.3894033432006836,2.3894033432006836,2.376625979143111,0.0,61200
141,1980-10-06,2.4405157566070557,2.4405157566070557,2.4149604248657686,0.0,58200
142,1980-10-07,2.4405157566070557,2.46607050343768,2.427737798281081,0.0,46800
143,1980-10-08,2.4532899856567383,2.4660673426953963,2.4277346866695098,0.0,55200
144,1980-10-09,2.4405157566070557,2.478848461763655,2.4405157566070557,0.0,33600
145,1980-10-10,2.644953966140747,2.644953966140747,2.453290635260983,0.0,206400
146,1980-10-13,2.7599527835845947,2.785508096921199,2.5938447091722687,0.0,936000
147,1980-10-14,2.6832878589630127,2.7471758600989102,2.6321778090004955,0.0,273600
148,1980-10-15,2.6832878589630127,2.73439790892553,2.6449551752635414,0.0,423600
149,1980-10-16,2.7088418006896973,2.7471744649215792,2.670509136457815,0.0,717600
150,1980-10-17,2.6321773529052734,2.657732081003324,2.619399403946015,0.0,94800
151,1980-10-20,2.6194002628326416,2.6577329524590234,2.606622894593989,0.0,40200
152,1980-10-21,2.644953966140747,2.6705092718947383,2.6193986603867563,0.0,76800
153,1980-10-22,2.644953966140747,2.644953966140747,2.6066212999647944,0.0,54000
154,1980-10-23,2.6066226959228516,2.6449553826275998,2.6066226959228516,0.0,111000
155,1980-10-24,2.6705100536346436,2.6705100536346436,2.58106674976792,0.0,39000
156,1980-10-27,2.6194002628326416,2.6577329524590234,2.6194002628326416,0.0,46800
157,1980-10-28,2.6066226959228516,2.619400063187641,2.5938453286580625,0.0,38400
158,1980-10-29,2.593843936920166,2.619398657738251,2.593843936920166,0.0,43200
159,1980-10-30,2.5810678005218506,2.593845754796287,2.5810678005218506,0.0,63000
160,1980-10-31,2.5810678005218506,2.5810678005218506,2.5427351075194937,0.0,51000
161,1980-11-03,2.593843936920166,2.593843936920166,2.5555112707829717,0.0,42000
162,1980-11-05,2.542733907699585,2.6449545691086325,2.4916238694501613,0.0,54600
163,1980-11-06,2.5044009685516357,2.5171789154484716,2.4916236065649384,0.0,147000
164,1980-11-07,2.4916255474090576,2.5044029193486494,2.4916255474090576,0.0,13800
165,1980-11-10,2.555511236190796,2.555511236190796,2.5171785705724843,0.0,27000
166,1980-11-11,2.5810678005218506,2.5810678005218506,2.517180368791574,0.0,27600
167,1980-11-12,2.6321773529052734,2.670510029962582,2.60662203989699,0.0,82800
168,1980-11-13,2.6321773529052734,2.657732081003324,2.6321773529052734,0.0,62400
169,1980-11-14,2.6066226959228516,2.657732749892389,2.5938453286580625,0.0,52800
170,1980-11-17,2.5810678005218506,2.5810678005218506,2.5555130617939303,0.0,30600
171,1980-11-18,2.593843936920166,2.6066212973292084,2.568288631192014,0.0,105600
172,1980-11-19,2.593843936920166,2.593843936920166,2.5555112707829717,0.0,22200
173,1980-11-20,2.593843936920166,2.657731323875445,2.593843936920166,0.0,36000
174,1980-11-21,2.555511236190796,2.619398622281276,2.555511236190796,0.0,81600
175,1980-11-24,2.529956340789795,2.5555116503132784,2.5044010312663114,0.0,43800
176,1980-11-25,2.5044009685516357,2.5427336394218654,2.5044009685516357,0.0,39000
177,1980-11-26,2.5682897567749023,2.632177756639908,2.5555123907660304,0.0,81000
178,1980-11-28,2.5171799659729004,2.555512652840963,2.5171799659729004,0.0,20400
179,1980-12-01,2.555511236190796,2.555511236190796,2.5299559308085686,0.0,33000
180,1980-12-02,2.555511236190796,2.555511236190796,2.5299559308085686,0.0,58200
181,1980-12-03,2.4916255474090576,2.5299582481384277,2.4916255474090576,0.0,10800
182,1980-12-04,2.5171799659729004,2.529957333292127,2.5044020137432907,0.0,24000
183,1980-12-05,2.542733907699585,2.542733907699585,2.504401232784967,0.0,22800
184,1980-12-08,2.4277353286743164,2.5171786063275734,2.4277353286743164,0.0,47400
185,1980-12-09,2.402181625366211,2.453291673596023,2.402181625366211,0.0,31800
186,1980-12-10,2.2744059562683105,2.4021819726826465,2.2744059562683105,0.0,61200
187,1980-12-11,2.2232961654663086,2.2744062271735386,2.1977408421574594,0.0,89400
188,1980-12-12,2.2999606132507324,2.2999606132507324,2.223295259475708,0.0,17400
189,1980-12-15,2.2744059562683105,2.2744059562683105,2.2744059562683105,0.0,5400
190,1980-12-16,2.312739372253418,2.312739372253418,2.274406672244187,0.0,11400
191,1980-12-17,2.312739372253418,2.312739372253418,2.312739372253418,2.312739372253418,0
192,1980-12-18,2.2999606132507324,2.3382932901382447,2.2999606132507324,0.0,31800
193,1980-12-19,2.2999606132507324,2.3382932901382447,2.2999606132507324,0.0,9600
194,1980-12-22,2.2999606132507324,2.2999606132507324,2.2999606132507324,0.0,12600
195,1980-12-23,2.2999606132507324,2.2999606132507324,2.248850572370793,0.0,58200
196,1980-12-24,2.2871830463409424,2.2871830463409424,2.2488503728542795,0.0,27600
197,1980-12-26,2.2488510608673096,2.2616284276352423,2.2488510608673096,0.0,9000
198,1980-12-29,2.2744059562683105,2.2744059562683105,2.2744059562683105,0.0,3600
199,1980-12-30,2.2488510608673096,2.2616284276352423,2.2488510608673096,0.0,7200
200,1980-12-31,2.2488510608673096,2.274405794403175,2.2488510608673096,0.0,37200
201,1981-01-02,2.2871830463409424,2.2871830463409424,2.2616277357131076,0.0,3000
202,1981-01-05,2.2999606132507324,2.3127379772431595,2.2744053003556473,0.0,12000
203,1981-01-06,2.363849401473999,2.402182091309197,2.3255167116388016,0.0,16200
204,1981-01-07,2.32551646232605,2.3382938292644773,2.261628457813183,0.0,56400
205,1981-01-08,2.351069927215576,2.351069927215576,2.3382925671737147,0.0,94200
206,1981-01-09,2.363849401473999,2.363849401473999,2.3255167116388016,0.0,6600
207,1981-01-12,2.363849401473999,2.363849401473999,2.363849401473999,0.0,10800
208,1981-01-13,2.2744059562683105,2.3638492847404255,2.2616285885910363,0.0,63600
209,1981-01-14,2.2744059562683105,2.2744059562683105,2.2616285885910363,0.0,22800
210,1981-01-15,2.32551646232605,2.32551646232605,2.261628457813183,0.0,40200
211,1981-01-16,2.363849401473999,2.363849401473999,2.2999613901118603,0.0,49800
212,1981-01-19,2.32551646232605,2.3510711962029043,2.32551646232605,0.0,10200
213,1981-01-20,2.32551646232605,2.363849148051697,2.32551646232605,0.0,18000
214,1981-01-21,2.312739372253418,2.312739372253418,2.312739372253418,0.0,4200
215,1981-01-22,2.2744059562683105,2.2744059562683105,2.2488512209137625,0.0,62400
216,1981-01-23,2.363849401473999,2.363849401473999,2.274406068584919,0.0,34200
217,1981-01-26,2.312739372253418,2.3382947005631,2.312739372253418,0.0,32400
218,1981-01-27,2.312739372253418,2.312739372253418,2.312739372253418,0.0,600
219,1981-01-28,2.312739372253418,2.312739372253418,2.2871846288543196,0.0,22800
220,1981-01-29,2.3382935523986816,2.3382935523986816,2.2999608712118182,0.0,45000
221,1981-01-30,2.32551646232605,2.3510711962029043,2.32551646232605,0.0,16800
222,1981-02-02,2.312739372253418,2.351072072262649,2.312739372253418,0.0,27000
223,1981-02-03,2.2999606132507324,2.3255159261458176,2.2871832492583053,0.0,22800
224,1981-02-04,2.32551646232605,2.32551646232605,2.29996114353883,0.0,12000
225,1981-02-05,2.3382935523986816,2.351070917824204,2.3382935523986816,0.0,37200
226,1981-02-06,2.3766257762908936,2.3766257762908936,2.3255157395127632,0.0,27000
227,1981-02-09,2.32551646232605,2.3766265149901242,2.32551646232605,0.0,19800
228,1981-02-10,2.351069927215576,2.351069927215576,2.325515207131853,0.0,28200
229,1981-02-11,2.351069927215576,2.351069927215576,2.325515207131853,0.0,27000
230,1981-02-12,2.351069927215576,2.3638478721674874,2.3382925671737147,0.0,268200
231,1981-02-13,2.351069927215576,2.351069927215576,2.351069927215576,0.0,13200
232,1981-02-17,2.363849401473999,2.363849401473999,2.363849401473999,0.0,14400
233,1981-02-18,2.363849401473999,2.389404138090512,2.363849401473999,0.0,31800
234,1981-02-19,2.3382935523986816,2.389403599011068,2.3255161869731595,0.0,92400
235,1981-02-20,2.3382935523986816,2.3382935523986816,2.3382935523986816,0.0,82200
236,1981-02-23,2.351069927215576,2.3638478721674874,2.3382925671737147,0.0,36000
237,1981-02-24,2.351069927215576,2.3638478721674874,2.351069927215576,0.0,27000
238,1981-02-25,2.3766257762908936,2.4021810871350504,2.3510704654467363,0.0,23400
239,1981-02-26,2.4149587154388428,2.440514029090818,2.3894034017868675,0.0,31800
240,1981-02-27,2.4532899856567383,2.4532899856567383,2.4149573296308517,0.0,35400
241,1981-03-02,2.4532899856567383,2.478845284643967,2.4532899856567383,0.0,38400
242,1981-03-03,2.4532899856567383,2.4532899856567383,2.4149573296308517,0.0,18000
243,1981-03-04,2.4532899856567383,2.4532899856567383,2.4277346866695098,0.0,13800
244,1981-03-05,2.5044009685516357,2.5044009685516357,2.4788462445782415,0.0,34800
245,1981-03-06,2.478847026824951,2.5044017588626204,2.478847026824951,0.0,21600
246,1981-03-09,2.5044009685516357,2.5299562774351685,2.453290935694709,0.0,16800
247,1981-03-10,2.555511236190796,2.5810659566629646,2.5044006254263413,0.0,43800
248,1981-03-11,2.5810678005218506,2.619400493524207,2.5810678005218506,0.0,43200
249,1981-03-12,2.5810678005218506,2.5810678005218506,2.5810678005218506,0.0,5400
250,1981-03-13,2.529956340789795,2.606621684450092,2.529956340789795,0.0,21600
251,1981-03-16,2.5810678005218506,2.593845754796287,2.5555130617939303,0.0,36600
252,1981-03-17,2.6066226959228516,2.6449553826275998,2.6066226959228516,0.0,58200
253,1981-03-18,2.6194002628326416,2.6577329524590234,2.606622894593989,0.0,45600
254,1981-03-19,2.6194002628326416,2.6577329524590234,2.6194002628326416,0.0,28200
255,1981-03-20,2.6321773529052734,2.6321773529052734,2.619399403946015,0.0,8400
256,1981-03-23,2.6577322483062744,2.6577322483062744,2.606622203982588,0.0,27600
257,1981-03-24,2.6577322483062744,2.6577322483062744,2.6321775185995664,0.0,10200
258,1981-03-25,2.6577322483062744,2.7088428775402305,2.6577322483062744,0.0,12600
259,1981-03-26,2.6705100536346436,2.7088427310317424,2.6705100536346436,0.0,19200
260,1981-03-27,2.7343969345092773,2.734396934509277,2.657731594430418,0.0,67800
261,1981-03-30,2.811062812805176,2.8493954901839293,2.7727301354264227,0.0,282600
262,1981-03-31,2.8493950366973877,2.8621729837301637,2.8238403124521265,0.0,114000
263,1981-04-01,2.811062812805176,2.823840761871586,2.7855080844928324,0.0,124200
264,1981-04-02,2.811062812805176,2.823840761871586,2.7727301354264227,0.0,38400
265,1981-04-03,2.8621745109558105,2.8877292488368065,2.8238418192238597,0.0,109200
266,1981-04-06,2.811062812805176,2.8621734392503395,2.811062812805176,0.0,79200
267,1981-04-07,2.811062812805176,2.823840761871586,2.811062812805176,0.0,24600
268,1981-04-08,2.811062812805176,2.823840761871586,2.811062812805176,0.0,22200
269,1981-04-09,2.8749501705169678,2.8749501705169678,2.8110621939798874,0.0,237600
270,1981-04-10,2.811062812805176,2.874950803406511,2.811062812805176,0.0,66000
271,1981-04-13,2.8493950366973877,2.8621729837301637,2.8110623654193505,0.0,33000
272,1981-04-14,2.8366198539733887,2.8366198539733887,2.7855097813044267,0.0,105600
273,1981-04-15,2.7855091094970703,2.8110638472129783,2.7855091094970703,0.0,27600
274,1981-04-16,2.823840618133545,2.8621732935611037,2.811062669717553,0.0,62400
275,1981-04-20,2.9388363361358643,2.97716898145542,2.8238384001771966,0.0,105600
276,1981-04-21,2.964393138885498,2.989948448802583,2.9132831039614913,0.0,195600
277,1981-04-22,2.964393138885498,2.964393138885498,2.9132831039614913,0.0,76800
278,1981-04-23,3.0282821655273438,3.0538374842571896,2.9388394273384297,0.0,57600
279,1981-04-24,3.0921692848205566,3.1049466480730135,3.0155039354854205,0.0,260400
280,1981-04-27,3.066614866256714,3.1943902907139545,3.041059547401119,0.0,712200
281,1981-04-28,2.9771716594696045,3.079391748997215,2.9771716594696045,0.0,64800
282,1981-04-29,2.913283348083496,2.964393387290329,2.8877280360249737,0.0,32400
283,1981-04-30,2.9005072116851807,2.951617272516174,2.900507211685181,0.0,31800
284,1981-05-01,2.9005072116851807,2.9132845806653145,2.8877292577945886,0.0,18600
285,1981-05-04,2.7599527835845947,2.8877281804471346,2.7599527835845947,0.0,39000
286,1981-05-05,2.811062812805176,2.8366181260277576,2.7599527712702505,0.0,69000
287,1981-05-06,2.7855091094970703,2.7855091094970703,2.759953786870709,0.0,36600
288,1981-05-07,2.7599527835845947,2.785508096921199,2.7599527835845947,0.0,8400
289,1981-05-08,2.7855091094970703,2.8110638472129783,2.772731155728663,0.0,13800
290,1981-05-11,2.7855091094970703,2.8366191698393397,2.759953786870709,0.0,65400
291,1981-05-12,2.7855091094970703,2.7982864783550245,2.759953786870709,0.0,42600
292,1981-05-13,2.8493950366973877,2.8493950366973877,2.7982850032967197,0.0,21000
293,1981-05-14,2.913283348083496,2.9516160237161735,2.913283348083496,0.0,45000
294,1981-05-15,2.964393138885498,2.964393138885498,2.938838413878576,0.0,20400
295,1981-05-18,2.9516170024871826,3.002727058642366,2.9260616819543874,0.0,34800
296,1981-05-19,2.9388363361358643,2.989946334925355,2.9260583977561794,0.0,23400
297,1981-05-20,3.0155041217803955,3.0155041217803955,2.9260608187568833,0.0,27600
298,1981-05-21,2.9771716594696045,3.0410590691967925,2.9771716594696045,0.0,10200
299,1981-05-22,2.964393138885498,3.015503758719668,2.964393138885498,0.0,24600
300,1981-05-26,2.9388363361358643,2.989946334925355,2.9132810442862436,0.0,40800
301,1981-05-27,2.9260599613189697,2.9260599613189697,2.900505240723736,0.0,19800
302,1981-05-28,2.9260599613189697,2.9388379065266483,2.8877272955160573,0.0,46200
303,1981-05-29,2.9260599613189697,2.964392627121882,2.9260599613189697,0.0,14400
304,1981-06-01,2.8877296447753906,2.938840297366113,2.862174903390567,0.0,63000
305,1981-06-02,2.913283348083496,2.913283348083496,2.8877280360249737,0.0,11400
306,1981-06-03,2.811062812805176,2.913283480785265,2.811062812805176,0.0,58200
307,1981-06-04,2.811062812805176,2.8366181260277576,2.7727301354264227,0.0,24000
308,1981-06-05,2.8621745109558105,2.8621745109558105,2.8110638653729048,0.0,11400
309,1981-06-08,2.8621745109558105,2.9005072026877614,2.8493965571048556,0.0,34800
310,1981-06-09,2.8621745109558105,2.9005072026877614,2.8621745109558105,0.0,18000
311,1981-06-10,2.8493950366973877,2.8621729837301637,2.8493950366973877,0.0,43200
312,1981-06-11,2.823840618133545,2.8621732935611037,2.823840618133545,0.0,23400
313,1981-06-12,2.823840618133545,2.823840618133545,2.811062669717553,0.0,9600
314,1981-06-15,2.811062812805176,2.823840761871586,2.811062812805176,0.0,15600
315,1981-06-16,2.8366198539733887,2.862175182763167,2.8110645251836104,0.0,24000
316,1981-06-17,2.8621745109558105,2.8621745109558105,2.8493965571048556,0.0,19800
317,1981-06-18,2.8621745109558105,2.8877292488368065,2.8621745109558105,0.0,27000
318,1981-06-19,2.9005072116851807,2.9388399035360404,2.8621745198343214,0.0,43800
319,1981-06-22,2.913283348083496,2.9260607116576516,2.8877280360249737,0.0,7200
320,1981-06-23,2.8366198539733887,2.8877299266423506,2.8366198539733887,0.0,10200
321,1981-06-24,2.8877296447753906,2.8877296447753906,2.8493969477876178,0.0,9600
322,1981-06-25,2.9005072116851807,2.900507211685181,2.8621745198343214,0.0,16800
323,1981-06-26,2.8877296447753906,2.913284971070752,2.8877296447753906,0.0,13800
324,1981-06-29,2.8493950366973877,2.900505655008201,2.8493950366973877,0.0,12000
325,1981-06-30,2.811062812805176,2.8366181260277576,2.811062812805176,0.0,30000
326,1981-07-01,2.7982864379882812,2.798286437988281,2.798286437988281,0.0,1200
327,1981-07-02,2.8366198539733887,2.874952554702759,2.8110645251836104,0.0,28200
328,1981-07-06,2.823840618133545,2.8366179816393284,2.823840618133545,0.0,160200
329,1981-07-07,2.823840618133545,2.8366179816393284,2.811062669717553,0.0,76200
330,1981-07-08,2.8493950366973877,2.8493950366973877,2.8366176745747573,0.0,4800
331,1981-07-09,2.8366198539733887,2.8366198539733887,2.8110645251836104,0.0,37800
332,1981-07-10,2.811062812805176,2.811062812805176,2.811062812805176,0.0,10200
333,1981-07-13,2.811062812805176,2.811062812805176,2.798285448649004,0.0,5400
334,1981-07-14,2.7982864379882812,2.811063806661915,2.798286437988281,0.0,34800
335,1981-07-15,2.7727296352386475,2.7982849438511685,2.772729635238648,0.0,22800
336,1981-07-16,2.8366198539733887,2.8366198539733887,2.7727318244542403,0.0,130200
337,1981-07-17,2.823840618133545,2.8366179816393284,2.811062669717553,0.0,17400
338,1981-07-20,2.8493950366973877,2.8493950366973877,2.7855076411740893,0.0,148200
339,1981-07-21,2.7855091094970703,2.8366191698393397,2.7855091094970703,0.0,122400
340,1981-07-22,2.7855091094970703,2.7982864783550245,2.7855091094970703,0.0,2400
341,1981-07-23,2.7982864379882812,2.798286437988281,2.785509069314647,0.0,18600
342,1981-07-24,2.7727296352386475,2.7982849438511685,2.772729635238648,0.0,27000
343,1981-07-27,2.8366198539733887,2.8366198539733887,2.7982871532440186,0.0,33600
344,1981-07-28,2.8366198539733887,2.8366198539733887,2.8110645251836104,0.0,98400
345,1981-07-29,2.7982864379882812,2.849396497593261,2.785509069314647,0.0,30600
346,1981-07-30,2.823840618133545,2.849395345145112,2.823840618133545,0.0,42000
347,1981-07-31,2.8493950366973877,2.8621729837301637,2.8238403124521265,0.0,60600
348,1981-08-03,2.8621745109558105,2.9005072026877614,2.8493965571048556,0.0,34800
349,1981-08-04,2.9516170024871826,2.9516170024871826,2.8366189374552144,0.0,33000
350,1981-08-05,2.989949941635132,2.989949941635132,2.951617250075707,0.0,30000
351,1981-08-06,2.989949941635132,3.0027273105181216,2.964394618958697,0.0,34200
352,1981-08-07,3.0027287006378174,3.002728700637818,2.9899513258395145,0.0,15600
353,1981-08-10,3.0027287006378174,3.002728700637818,2.9771739510412116,0.0,12600
354,1981-08-11,3.0155041217803955,3.028281485822226,3.0027261728283317,0.0,24000
355,1981-08-12,3.0027287006378174,3.028284035145149,3.002728700637818,0.0,19200
356,1981-08-13,3.0027287006378174,3.0155066603468463,2.9771739510412116,0.0,24000
357,1981-08-14,2.989949941635132,2.989949941635132,2.989949941635132,0.0,10800
358,1981-08-17,3.0027287006378174,3.0155066603468463,2.9771739510412116,0.0,36000
359,1981-08-18,2.9388363361358643,2.97716898145542,2.938836336135864,0.0,37200
360,1981-08-19,2.9388363361358643,2.964391043075735,2.938836336135864,0.0,25200
361,1981-08-20,2.913283348083496,2.9260607116576516,2.9005059845093406,0.0,15000
362,1981-08-21,2.8877296447753906,2.90050760037834,2.8877296447753906,0.0,13200
363,1981-08-24,2.8749501705169678,2.9005054781138218,2.8749501705169678,0.0,33000
364,1981-08-25,2.8749501705169678,2.8749501705169678,2.8621728091735954,0.0,42600
365,1981-08-26,2.8621745109558105,2.8621745109558105,2.8493965571048556,0.0,14400
366,1981-08-27,2.7727296352386475,2.836617614314883,2.772729635238648,0.0,14400
367,1981-08-28,2.7727296352386475,2.772729635238648,2.772729635238648,2.772729635238648,0
368,1981-08-31,2.7727296352386475,2.8110623057023623,2.772729635238648,0.0,33000
369,1981-09-01,2.7599527835845947,2.7599527835845947,2.7343974702479903,0.0,13200
370,1981-09-02,2.7343969345092773,2.734396934509277,2.7088422110897414,0.0,3600
371,1981-09-03,2.6705100536346436,2.7088427310317424,2.6705100536346436,0.0,42000
372,1981-09-04,2.6321773529052734,2.657732081003324,2.6321773529052734,0.0,6600
373,1981-09-08,2.5810678005218506,2.606623124160247,2.5555130617939303,0.0,42000
374,1981-09-09,2.555511236190796,2.5938439018091075,2.5299559308085686,0.0,15600
375,1981-09-10,2.529956340789795,2.5555116503132784,2.529956340789795,0.0,106800
376,1981-09-11,2.6194002628326416,2.6194002628326416,2.5555128367289544,0.0,19800
377,1981-09-14,2.555511236190796,2.5938439018091075,2.555511236190796,0.0,9000
378,1981-09-15,2.593843936920166,2.593843936920166,2.5555112707829717,0.0,8400
379,1981-09-16,2.542733907699585,2.568289219279397,2.529956544364779,0.0,16200
380,1981-09-17,2.529956340789795,2.5555116503132784,2.529956340789795,0.0,24000
381,1981-09-18,2.5044009685516357,2.5299562774351685,2.5044009685516357,0.0,46800
382,1981-09-21,2.4532899856567383,2.5299552977085114,2.4532899856567383,0.0,13200
383,1981-09-22,2.4405157566070557,2.453293130022368,2.427737798281081,0.0,34800
384,1981-09-23,2.4277353286743164,2.4405132740019626,2.4277353286743164,0.0,3600
385,1981-09-24,2.402181625366211,2.402181625366211,2.3766263087961472,0.0,6000
386,1981-09-25,2.3766257762908936,2.4021810871350504,2.363848413323907,0.0,1201800
387,1981-09-28,2.351069927215576,2.351069927215576,2.2999599021380797,0.0,24000
388,1981-09-29,2.351069927215576,2.4021805372031224,2.351069927215576,0.0,40200
389,1981-09-30,2.351069927215576,2.3894025922512108,2.325515207131853,0.0,46200
390,1981-10-01,2.363849401473999,2.363849401473999,2.312738758420117,0.0,15000
391,1981-10-02,2.3766257762908936,2.38940313925788,2.3510704654467363,0.0,58800
392,1981-10-05,2.478847026824951,2.478847026824951,2.402181660891296,0.0,65400
393,1981-10-06,2.4149587154388428,2.478846707113657,2.4149587154388428,0.0,10200
394,1981-10-07,2.478847026824951,2.478847026824951,2.3894037099621377,0.0,36600
395,1981-10-08,2.4532899856567383,2.478845284643967,2.4532899856567383,0.0,16800
396,1981-10-09,2.4532899856567383,2.478845284643967,2.4405126286180803,0.0,6000
397,1981-10-12,2.4916255474090576,2.4916255474090576,2.478848175469466,0.0,13200
398,1981-10-13,2.5044009685516357,2.5044009685516357,2.453290935694709,0.0,16200
399,1981-10-14,2.4532899856567383,2.491622641682625,2.4532899856567383,0.0,16800
400,1981-10-15,2.4532899856567383,2.4532899856567383,2.4532899856567383,0.0,1200
401,1981-10-16,2.4405157566070557,2.453293130022368,2.4149604248657686,0.0,19200
402,1981-10-19,2.4149587154388428,2.440514029090818,2.4149587154388428,0.0,2400
403,1981-10-20,2.4149587154388428,2.440514029090818,2.376626037416004,0.0,32400
404,1981-10-21,2.402181625366211,2.402181625366211,2.3894036746260214,0.0,9600
405,1981-10-22,2.4405157566070557,2.4405157566070557,2.4149604248657686,0.0,2400
406,1981-10-23,2.4532899856567383,2.4532899856567383,2.4405126286180803,0.0,7200
407,1981-10-26,2.4277353286743164,2.453290634419542,2.414957968256737,0.0,6000
408,1981-10-27,2.4532899856567383,2.4532899856567383,2.4277346866695098,0.0,13200
409,1981-10-28,2.4660685062408447,2.478846454218332,2.453291143173545,0.0,4800
410,1981-10-29,2.5171799659729004,2.529957333292127,2.478847279104838,0.0,13800
411,1981-10-30,2.555511236190796,2.555511236190796,2.5044006254263413,0.0,15600
412,1981-11-02,2.6194002628326416,2.6577329524590234,2.5810675732062593,0.0,15000
413,1981-11-03,2.6194002628326416,2.644955584220371,2.606622894593989,0.0,29400
414,1981-11-04,2.6194002628326416,2.644955584220371,2.6194002628326416,0.0,22200
415,1981-11-05,2.6577322483062744,2.6832875629232524,2.593844839129234,0.0,199200
416,1981-11-06,2.6832878589630127,2.6832878589630127,2.670510492699967,0.0,8400
417,1981-11-09,2.6577322483062744,2.7088428775402305,2.6577322483062744,0.0,87600
418,1981-11-10,2.644953966140747,2.644953966140747,2.644953966140747,0.0,600
419,1981-11-11,2.6066226959228516,2.6321780153628107,2.6066226959228516,0.0,17400
420,1981-11-12,2.5810678005218506,2.619400493524207,2.5810678005218506,0.0,18600
421,1981-11-13,2.555511236190796,2.5682885964268802,2.555511236190796,0.0,9000
422,1981-11-16,2.529956340789795,2.54273370309646,2.529956340789795,0.0,5400
423,1981-11-17,2.4532899856567383,2.504399998721283,2.4532899856567383,0.0,41400
424,1981-11-18,2.4660685062408447,2.4660685062408447,2.4405137801062455,0.0,10800
425,1981-11-19,2.4149587154388428,2.4532913934616816,2.4149587154388428,0.0,33000
426,1981-11-20,2.478847026824951,2.5299570758106134,2.4277363929289653,0.0,54000
427,1981-11-23,2.5044009685516357,2.5299562774351685,2.5044009685516357,0.0,23400
428,1981-11-24,2.542733907699585,2.542733907699585,2.529956544364779,0.0,16200
429,1981-11-25,2.555511236190796,2.555511236190796,2.5299559308085686,0.0,30000
430,1981-11-27,2.5810678005218506,2.5810678005218506,2.5555130617939303,0.0,48600
431,1981-11-30,2.593843936920166,2.619398657738251,2.593843936920166,0.0,10800
432,1981-12-01,2.644953966140747,2.644953966140747,2.581065994210803,0.0,13200
433,1981-12-02,2.6321773529052734,2.6832873940116073,2.6321773529052734,0.0,12600
434,1981-12-03,2.6194002628326416,2.632178215981719,2.606622894593989,0.0,40200
435,1981-12-04,2.6577322483062744,2.6577322483062744,2.606622203982588,0.0,9000
436,1981-12-07,2.6194002628326416,2.632178215981719,2.6194002628326416,0.0,10800
437,1981-12-08,2.6066226959228516,2.6449553826275998,2.6066226959228516,0.0,13800
438,1981-12-09,2.6194002628326416,2.632178215981719,2.6194002628326416,0.0,1200
439,1981-12-10,2.7343969345092773,2.734396934509277,2.64495423272065,0.0,67800
440,1981-12-11,2.7599527835845947,2.7599527835845947,2.747175419371413,0.0,58800
441,1981-12-14,2.69606614112854,2.7855094900863886,2.69606614112854,0.0,22800
442,1981-12-15,2.69606614112854,2.69606614112854,2.6705113999210406,0.0,10800
443,1981-12-16,2.6705100536346436,2.6705100536346436,2.6705100536346436,0.0,7800
444,1981-12-17,2.6832878589630127,2.6960652252260586,2.670510492699967,0.0,10200
445,1981-12-18,2.6832878589630127,2.6832878589630127,2.657732541526587,0.0,75000
446,1981-12-21,2.6832878589630127,2.6832878589630127,2.6832878589630127,0.0,1200
447,1981-12-22,2.7599527835845947,2.7599527835845947,2.6832874284850226,0.0,39000
448,1981-12-23,2.7855091094970703,2.8110638472129783,2.759953786870709,0.0,46800
449,1981-12-24,2.7599527835845947,2.7599527835845947,2.7599527835845947,0.0,4200
450,1981-12-28,2.7855091094970703,2.7855091094970703,2.759953786870709,0.0,3600
451,1981-12-29,2.811062812805176,2.811062812805176,2.7727301354264227,0.0,13200
452,1981-12-30,2.964393138885498,2.989948448802583,2.8110624492033143,0.0,114600
453,1981-12-31,2.9388363361358643,2.938836336135864,2.938836336135864,0.0,30600
454,1982-01-04,2.9260599613189697,2.9260599613189697,2.913282601021353,0.0,15000
455,1982-01-05,2.8621745109558105,2.9132845716282594,2.8621745109558105,0.0,18600
456,1982-01-06,2.7982864379882812,2.836619128919627,2.798286437988281,0.0,14400
457,1982-01-07,2.8366198539733887,2.8493972259129805,2.7982871532440186,0.0,28800
458,1982-01-08,2.8366198539733887,2.862175182763167,2.8366198539733887,0.0,15000
459,1982-01-11,2.7982864379882812,2.798286437988281,2.798286437988281,0.0,6000
460,1982-01-12,2.7471766471862793,2.7599540171101404,2.721621322428055,0.0,21000
461,1982-01-13,2.69606614112854,2.721621467246573,2.69606614112854,0.0,21600
462,1982-01-14,2.6832878589630127,2.6832878589630127,2.657732541526587,0.0,10200
463,1982-01-15,2.6577322483062744,2.6577322483062744,2.6577322483062744,0.0,1200
464,1982-01-18,2.6066226959228516,2.6321780153628107,2.6066226959228516,0.0,2400
465,1982-01-19,2.6577322483062744,2.6577322483062744,2.606622203982588,0.0,73200
466,1982-01-20,2.644953966140747,2.644953966140747,2.632176605718785,0.0,3600
467,1982-01-21,2.6194002628326416,2.6194002628326416,2.6194002628326416,0.0,600
468,1982-01-22,2.6321773529052734,2.6321773529052734,2.60662203989699,0.0,2400
469,1982-01-25,2.542733907699585,2.606621894194015,2.542733907699585,0.0,24000
470,1982-01-26,2.542733907699585,2.542733907699585,2.542733907699585,0.0,2400
471,1982-01-27,2.542733907699585,2.542733907699585,2.542733907699585,0.0,5400
472,1982-01-28,2.6066226959228516,2.6066226959228516,2.5555126419533147,0.0,25800
473,1982-01-29,2.6577322483062744,2.6577322483062744,2.606622203982588,0.0,88800
474,1982-02-01,2.6321773529052734,2.670510029962582,2.6321773529052734,0.0,21000
475,1982-02-02,2.6832878589630127,2.6832878589630127,2.6321778090004955,0.0,19200
476,1982-02-03,2.7088418006896973,2.7088418006896973,2.7088418006896973,0.0,46200
477,1982-02-04,2.6832878589630127,2.6832878589630127,2.6832878589630127,0.0,3600
478,1982-02-05,2.6832878589630127,2.708843176399439,2.6832878589630127,0.0,14400
479,1982-02-08,2.6577322483062744,2.6960649277766064,2.6577322483062744,0.0,26400
480,1982-02-09,2.6321773529052734,2.6449547169542984,2.6321773529052734,0.0,3600
481,1982-02-10,2.593843936920166,2.619398657738251,2.593843936920166,0.0,15000
482,1982-02-11,2.5682897567749023,2.5810671227837743,2.5682897567749023,0.0,23400
483,1982-02-12,2.5682897567749023,2.5682897567749023,2.5555123907660304,0.0,15000
484,1982-02-16,2.5682897567749023,2.5810671227837743,2.5555123907660304,0.0,156600
485,1982-02-17,2.593843936920166,2.593843936920166,2.5555112707829717,0.0,12600
486,1982-02-18,2.6194002628326416,2.6194002628326416,2.5938455263553366,0.0,30600
487,1982-02-19,2.5682897567749023,2.593845073702969,2.5682897567749023,0.0,67200
488,1982-02-22,2.5810678005218506,2.5810678005218506,2.5682904311578905,0.0,9600
489,1982-02-23,2.542733907699585,2.568289219279397,2.5171791810299733,0.0,78600
490,1982-02-24,2.529956340789795,2.529956340789795,2.529956340789795,0.0,3600
491,1982-02-25,2.555511236190796,2.555511236190796,2.555511236190796,0.0,10800
492,1982-02-26,2.5171799659729004,2.542734700611353,2.5171799659729004,0.0,25200
493,1982-03-01,2.5171799659729004,2.542734700611353,2.5171799659729004,0.0,12600
494,1982-03-02,2.6577322483062744,2.6832875629232524,2.593844839129234,0.0,46800
495,1982-03-03,2.6194002628326416,2.6577329524590234,2.6194002628326416,0.0,79200
496,1982-03-04,2.555511236190796,2.5938439018091075,2.555511236190796,0.0,7800
497,1982-03-05,2.5044009685516357,2.5427336394218654,2.5044009685516357,0.0,18000
498,1982-03-08,2.478847026824951,2.542734441829448,2.478847026824951,0.0,30000
499,1982-03-09,2.402181625366211,2.4660690394258973,2.402181625366211,0.0,119400
500,1982-03-10,2.3766257762908936,2.38940313925788,2.3766257762908936,0.0,5400
501,1982-03-11,2.3766257762908936,2.3766257762908936,2.3766257762908936,0.0,4800
502,1982-03-12,2.363849401473999,2.363849401473999,2.363849401473999,0.0,3000
503,1982-03-15,2.5044009685516357,2.5044009685516357,2.3510702850707164,0.0,33000
504,1982-03-16,2.5810678005218506,2.606623124160247,2.517180368791574,0.0,33600
505,1982-03-17,2.7982864379882812,2.836619128919627,2.619400352005183,0.0,85800
506,1982-03-18,2.721620559692383,2.8110632939140383,2.721620559692383,0.0,15600
507,1982-03-19,2.69606614112854,2.7343988378503226,2.69606614112854,0.0,16800
508,1982-03-22,2.721620559692383,2.721620559692383,2.6960652420960507,0.0,13800
509,1982-03-23,2.69606614112854,2.7343988378503226,2.69606614112854,0.0,27000
510,1982-03-24,2.6577322483062744,2.6832875629232524,2.6321775185995664,0.0,52200
511,1982-03-25,2.6321773529052734,2.657732081003324,2.60662203989699,0.0,18600
512,1982-03-26,2.6194002628326416,2.6577329524590234,2.606622894593989,0.0,19800
513,1982-03-29,2.555511236190796,2.619398622281276,2.555511236190796,0.0,542400
514,1982-03-30,2.6577322483062744,2.6577322483062744,2.58106688936561,0.0,37800
515,1982-03-31,2.6705100536346436,2.6960647819592167,2.6705100536346436,0.0,59400
516,1982-04-01,2.721620559692383,2.721620559692383,2.6832878757530536,0.0,10200
517,1982-04-02,2.7599527835845947,2.7599527835845947,2.696064792698204,0.0,30600
518,1982-04-05,2.7471766471862793,2.7982867117922257,2.7471766471862793,0.0,58200
519,1982-04-06,2.823840618133545,2.849395345145112,2.7599526307842113,0.0,25200
520,1982-04-07,2.823840618133545,2.8621732935611037,2.823840618133545,0.0,100200
521,1982-04-08,2.7982864379882812,2.811063806661915,2.785509069314647,0.0,70800
522,1982-04-12,2.721620559692383,2.7855085612280446,2.7088431933493857,0.0,93000
523,1982-04-13,2.7088418006896973,2.7216191604636455,2.6960638560057113,0.0,24600
524,1982-04-14,2.7855091094970703,2.7982864783550245,2.7343984642443475,0.0,33600
525,1982-04-15,2.7855091094970703,2.7855091094970703,2.7343984642443475,0.0,21600
526,1982-04-16,2.811062812805176,2.8366181260277576,2.7855080844928324,0.0,17400
527,1982-04-19,2.7599527835845947,2.8238407744709852,2.7599527835845947,0.0,16800
528,1982-04-20,2.7088418006896973,2.7471744649215792,2.7088418006896973,0.0,22200
529,1982-04-21,2.6832878589630127,2.6832878589630127,2.670510492699967,0.0,3600
530,1982-04-22,2.7343969345092773,2.734396934509277,2.6705095410503117,0.0,85800
531,1982-04-23,2.6832878589630127,2.708843176399439,2.657732541526587,0.0,18600
532,1982-04-26,2.69606614112854,2.69606614112854,2.69606614112854,0.0,3600
533,1982-04-27,2.6832878589630127,2.6960652252260586,2.670510492699967,0.0,8400
534,1982-04-28,2.6577322483062744,2.6832875629232524,2.6577322483062744,0.0,16200
535,1982-04-29,2.6194002628326416,2.632178215981719,2.6194002628326416,0.0,8400
536,1982-04-30,2.6194002628326416,2.6194002628326416,2.5938455263553366,0.0,11400
537,1982-05-03,2.5810678005218506,2.606623124160247,2.5810678005218506,0.0,3000
538,1982-05-04,2.4916255474090576,2.5810683208073897,2.4916255474090576,0.0,59400
539,1982-05-05,2.5044009685516357,2.5044009685516357,2.4788462445782415,0.0,18000
540,1982-05-06,2.5171799659729004,2.5171799659729004,2.5044020137432907,0.0,46200
541,1982-05-07,2.5810678005218506,2.5810678005218506,2.529957738155534,0.0,12600
542,1982-05-10,2.4916255474090576,2.555513576928206,2.478848175469466,0.0,33000
543,1982-05-11,2.4532899856567383,2.491622641682625,2.4532899856567383,0.0,67800
544,1982-05-12,2.4532899856567383,2.4532899856567383,2.4405126286180803,0.0,8400
545,1982-05-13,2.4149587154388428,2.4532913934616816,2.4149587154388428,0.0,127800
546,1982-05-14,2.4149587154388428,2.440514029090818,2.4149587154388428,0.0,17400
547,1982-05-17,2.2999606132507324,2.414958643913269,2.2999606132507324,0.0,70200
548,1982-05-18,2.2999606132507324,2.3255159261458176,2.2999606132507324,0.0,12600
549,1982-05-19,2.312739372253418,2.3255173288635507,2.299962000553869,0.0,70800
550,1982-05-20,2.2999606132507324,2.3255159261458176,2.2871832492583053,0.0,25800
551,1982-05-21,2.32551646232605,2.32551646232605,2.29996114353883,0.0,1800
552,1982-05-24,2.32551646232605,2.32551646232605,2.29996114353883,0.0,10200
553,1982-05-25,2.2999606132507324,2.3382932901382447,2.2999606132507324,0.0,12000
554,1982-05-26,2.312739372253418,2.3382947005631,2.2871846288543196,0.0,15000
555,1982-05-27,2.32551646232605,2.3510711962029043,2.29996114353883,0.0,18600
556,1982-05-28,2.3766257762908936,2.414958450102037,2.3510704654467363,0.0,37800
557,1982-06-01,2.312739372253418,2.363850028872782,2.312739372253418,0.0,69600
558,1982-06-02,2.32551646232605,2.32551646232605,2.32551646232605,0.0,600
559,1982-06-03,2.312739372253418,2.312739372253418,2.312739372253418,0.0,1200
560,1982-06-04,2.3382935523986816,2.3382935523986816,2.3382935523986816,0.0,4800
561,1982-06-07,2.3382935523986816,2.3382935523986816,2.3382935523986816,0.0,3000
562,1982-06-08,2.312739372253418,2.3382947005631,2.312739372253418,0.0,2400
563,1982-06-09,2.2999606132507324,2.3255159261458176,2.2999606132507324,0.0,19800
564,1982-06-10,2.2744059562683105,2.2999612765332573,2.2744059562683105,0.0,24000
565,1982-06-11,2.312739372253418,2.3382947005631,2.299962000553869,0.0,16200
566,1982-06-14,2.312739372253418,2.312739372253418,2.312739372253418,2.312739372253418,0
567,1982-06-15,2.32551646232605,2.3510711962029043,2.32551646232605,0.0,24600
568,1982-06-16,2.351069927215576,2.351069927215576,2.351069927215576,0.0,1200
569,1982-06-17,2.32551646232605,2.3510711962029043,2.32551646232605,0.0,21000
570,1982-06-18,2.351069927215576,2.3638478721674874,2.351069927215576,0.0,13200
571,1982-06-21,2.351069927215576,2.351069927215576,2.325515207131853,0.0,17400
572,1982-06-22,2.2999606132507324,2.3255159261458176,2.2999606132507324,0.0,51600
573,1982-06-23,2.2999606132507324,2.3255159261458176,2.2871832492583053,0.0,24000
574,1982-06-24,2.2871830463409424,2.2871830463409424,2.2616277357131076,0.0,14400
575,1982-06-25,2.2488510608673096,2.2616284276352423,2.2488510608673096,0.0,13800
576,1982-06-28,2.2488510608673096,2.2488510608673096,2.2360731091890185,0.0,3600
577,1982-06-29,2.2488510608673096,2.2488510608673096,2.2488510608673096,0.0,9600
578,1982-06-30,2.2488510608673096,2.2488510608673096,2.2488510608673096,0.0,600
579,1982-07-01,2.2616283893585205,2.2616283893585205,2.2616283893585205,0.0,2400
580,1982-07-02,2.2488510608673096,2.2488510608673096,2.2488510608673096,0.0,10800
581,1982-07-06,2.2616283893585205,2.274405755910204,2.2616283893585205,0.0,3600
582,1982-07-07,2.2488510608673096,2.2488510608673096,2.2488510608673096,0.0,3000
583,1982-07-08,2.2616283893585205,2.274405755910204,2.2616283893585205,0.0,2400
584,1982-07-09,2.312739372253418,2.312739372253418,2.2871846288543196,0.0,6600
585,1982-07-12,2.312739372253418,2.3382947005631,2.312739372253418,0.0,77400
586,1982-07-13,2.312739372253418,2.3255173288635507,2.299962000553869,0.0,10200
587,1982-07-14,2.312739372253418,2.312739372253418,2.2871846288543196,0.0,3600
588,1982-07-15,2.312739372253418,2.312739372253418,2.2871846288543196,0.0,4200
589,1982-07-16,2.32551646232605,2.3382938292644773,2.3127385104772573,0.0,97800
590,1982-07-19,2.351069927215576,2.351069927215576,2.3127372621799416,0.0,326400
591,1982-07-20,2.351069927215576,2.3766252322093493,2.325515207131853,0.0,24000
592,1982-07-21,2.312739372253418,2.3255173288635507,2.312739372253418,0.0,7200
593,1982-07-22,2.3382935523986816,2.3382935523986816,2.3127382366373403,0.0,58800
594,1982-07-23,2.312739372253418,2.3382947005631,2.312739372253418,0.0,3000
595,1982-07-26,2.2999606132507324,2.3382932901382447,2.2999606132507324,0.0,11400
596,1982-07-27,2.2744059562683105,2.2999612765332573,2.2744059562683105,0.0,32400
597,1982-07-28,2.2871830463409424,2.2871830463409424,2.2871830463409424,0.0,34800
598,1982-07-29,2.312739372253418,2.312739372253418,2.2871846288543196,0.0,9000
599,1982-07-30,2.312739372253418,2.3382947005631,2.312739372253418,0.0,3600
600,1982-08-02,2.32551646232605,2.32551646232605,2.32551646232605,0.0,30600
601,1982-08-03,2.32551646232605,2.3382938292644773,2.32551646232605,0.0,14400
602,1982-08-04,2.32551646232605,2.3510711962029043,2.32551646232605,0.0,167400
603,1982-08-05,2.312739372253418,2.3382947005631,2.312739372253418,0.0,20400
604,1982-08-06,2.312739372253418,2.3382947005631,2.312739372253418,0.0,9000
605,1982-08-09,2.3382935523986816,2.3382935523986816,2.3127382366373403,0.0,37800
606,1982-08-10,2.3382935523986816,2.351070917824204,2.3127382366373403,0.0,10800
607,1982-08-11,2.3382935523986816,2.3382935523986816,2.3382935523986816,2.3382935523986816,0
608,1982-08-12,2.3382935523986816,2.3382935523986816,2.3127382366373403,0.0,5400
609,1982-08-13,2.312739372253418,2.312739372253418,2.312739372253418,0.0,16800
610,1982-08-16,2.312739372253418,2.312739372253418,2.312739372253418,0.0,29400
611,1982-08-17,2.3382935523986816,2.3382935523986816,2.3127382366373403,0.0,25800
612,1982-08-18,2.312739372253418,2.3255173288635507,2.312739372253418,0.0,39600
613,1982-08-19,2.312739372253418,2.312739372253418,2.312739372253418,0.0,8400
614,1982-08-20,2.312739372253418,2.312739372253418,2.312739372253418,0.0,2400
615,1982-08-23,2.32551646232605,2.32551646232605,2.3127385104772573,0.0,4200
616,1982-08-24,2.4149587154388428,2.4149587154388428,2.338293359393165,0.0,60600
617,1982-08-25,2.4277353286743164,2.4405132740019626,2.414957968256737,0.0,33000
618,1982-08-26,2.3894033432006836,2.4277360202836373,2.3894033432006836,0.0,9000
619,1982-08-27,2.351069927215576,2.3894025922512108,2.351069927215576,0.0,20400
620,1982-08-30,2.363849401473999,2.3766267697822556,2.3382940799470577,0.0,33000
621,1982-08-31,2.3894033432006836,2.3894033432006836,2.3894033432006836,0.0,1800
622,1982-09-01,2.363849401473999,2.363849401473999,2.363849401473999,0.0,22800
623,1982-09-02,2.402181625366211,2.402181625366211,2.3894036746260214,0.0,2400
624,1982-09-03,2.402181625366211,2.4277363570259594,2.402181625366211,0.0,18600
625,1982-09-07,2.4277353286743164,2.4405132740019626,2.4021806078391577,0.0,18600
626,1982-09-08,2.4532899856567383,2.4532899856567383,2.4277346866695098,0.0,36000
627,1982-09-09,2.5044009685516357,2.5044009685516357,2.4660682976814057,0.0,12600
628,1982-09-10,2.4532899856567383,2.504399998721283,2.4277346866695098,0.0,37200
629,1982-09-13,2.4532899856567383,2.4532899856567383,2.4532899856567383,0.0,6600
630,1982-09-14,2.478847026824951,2.478847026824951,2.453291709876958,0.0,12600
631,1982-09-15,2.478847026824951,2.478847026824951,2.453291709876958,0.0,16800
632,1982-09-16,2.4532899856567383,2.504399998721283,2.4532899856567383,0.0,16800
633,1982-09-17,2.4660685062408447,2.4660685062408447,2.453291143173545,0.0,1800
634,1982-09-20,2.4277353286743164,2.4916233005823476,2.4277353286743164,0.0,21600
635,1982-09-21,2.4277353286743164,2.453290634419542,2.4277353286743164,0.0,12000
636,1982-09-22,2.4532899856567383,2.478845284643967,2.4405126286180803,0.0,370200
637,1982-09-23,2.4277353286743164,2.4277353286743164,2.4277353286743164,0.0,1800
638,1982-09-24,2.4277353286743164,2.4277353286743164,2.4277353286743164,0.0,5400
639,1982-09-27,2.402181625366211,2.414958991196085,2.402181625366211,0.0,4200
640,1982-09-28,2.402181625366211,2.402181625366211,2.3766263087961472,0.0,7200
641,1982-09-29,2.3766257762908936,2.38940313925788,2.3766257762908936,0.0,64200
642,1982-09-30,2.351069927215576,2.351069927215576,2.351069927215576,0.0,16200
643,1982-10-01,2.351069927215576,2.351069927215576,2.351069927215576,0.0,3000
644,1982-10-04,2.351069927215576,2.351069927215576,2.351069927215576,0.0,3000
645,1982-10-05,2.3766257762908936,2.3766257762908936,2.3766257762908936,0.0,4800
646,1982-10-06,2.4277353286743164,2.4277353286743164,2.4021806078391577,0.0,16800
647,1982-10-07,2.4532899856567383,2.5299552977085114,2.4277346866695098,0.0,45000
648,1982-10-08,2.4532899856567383,2.4532899856567383,2.4277346866695098,0.0,44400
649,1982-10-11,2.4532899856567383,2.478845284643967,2.4532899856567383,0.0,19800
650,1982-10-12,2.363849401473999,2.453292149452651,2.363849401473999,0.0,47400
651,1982-10-13,2.402181625366211,2.402181625366211,2.363848942966273,0.0,62400
652,1982-10-14,2.529956340789795,2.54273370309646,2.4021809629926847,0.0,111000
653,1982-10-15,2.555511236190796,2.555511236190796,2.5044006254263413,0.0,137400
654,1982-10-18,2.542733907699585,2.5555118559445913,2.5171791810299733,0.0,43200
655,1982-10-19,2.6066226959228516,2.6066226959228516,2.529957322513356,0.0,130800
656,1982-10-20,2.6832878589630127,2.6832878589630127,2.6066224915640697,0.0,175200
657,1982-10-21,2.7599527835845947,2.8110628253475625,2.7343974702479903,0.0,92400
658,1982-10-22,2.6577322483062744,2.7343976072469385,2.6577322483062744,0.0,64800
659,1982-10-25,2.6194002628326416,2.6577329524590234,2.606622894593989,0.0,14400
660,1982-10-26,2.6066226959228516,2.6066226959228516,2.6066226959228516,0.0,7800
661,1982-10-27,2.6066226959228516,2.6066226959228516,2.581067376482893,0.0,19800
662,1982-10-28,2.6321773529052734,2.6449547169542984,2.6321773529052734,0.0,10200
663,1982-10-29,2.6066226959228516,2.6066226959228516,2.6066226959228516,0.0,15000
664,1982-11-01,2.6321773529052734,2.6321773529052734,2.60662203989699,0.0,27600
665,1982-11-02,2.69606614112854,2.708844096642823,2.657733444406757,0.0,96000
666,1982-11-03,2.8621745109558105,2.8621745109558105,2.7216211129685055,0.0,405600
667,1982-11-04,2.811062812805176,2.887728167562683,2.811062812805176,0.0,43200
668,1982-11-05,2.8366198539733887,2.8366198539733887,2.7982871532440186,0.0,12600
669,1982-11-08,2.8366198539733887,2.8493972259129805,2.8110645251836104,0.0,40200
670,1982-11-09,2.8621745109558105,2.8621745109558105,2.8110638653729048,0.0,10800
671,1982-11-10,2.823840618133545,2.874950657066887,2.823840618133545,0.0,37800
672,1982-11-11,2.811062812805176,2.811062812805176,2.811062812805176,0.0,6600
673,1982-11-12,2.9388363361358643,2.938836336135864,2.836615753647132,0.0,16200
674,1982-11-15,2.9260599613189697,2.9388379065266483,2.900505240723736,0.0,192600
675,1982-11-16,2.8877296447753906,2.913284971070752,2.8877296447753906,0.0,84000
676,1982-11-17,2.9005072116851807,2.926061949645448,2.8877292577945886,0.0,60000
677,1982-11-18,3.0027287006378174,3.002728700637818,2.9388412417355765,0.0,31800
678,1982-11-19,3.143277645111084,3.1943876557526845,3.0282796824850684,0.0,127200
679,1982-11-22,3.066614866256714,3.1432802379131317,3.066614866256714,0.0,111600
680,1982-11-23,2.964393138885498,3.04105848372659,2.964393138885498,0.0,261000
681,1982-11-24,3.0027287006378174,3.002728700637818,2.9643959913321827,0.0,25800
682,1982-11-26,3.0282821655273438,3.0282821655273438,2.9771721129780166,0.0,3600
683,1982-11-29,2.9771716594696045,3.0410590691967925,2.9771716594696045,0.0,16200
684,1982-11-30,2.989949941635132,2.989949941635132,2.951617250075707,0.0,18600
685,1982-12-01,3.1305017471313477,3.1560564719027635,3.0921690750640662,0.0,103200
686,1982-12-02,3.104947566986084,3.1305028859643236,3.104947566986084,0.0,27600
687,1982-12-03,3.117724895477295,3.1432802141396077,3.1049475286013197,0.0,37200
688,1982-12-06,3.1305017471313477,3.1305017471313477,3.104946437449774,0.0,15000
689,1982-12-07,3.2199442386627197,3.2199442386627197,3.143278899646941,0.0,40200
690,1982-12-08,3.2071692943573,3.258279363919179,3.2071692943573,0.0,16800
691,1982-12-09,3.0921692848205566,3.1688346341556928,3.0921692848205566,0.0,37800
692,1982-12-10,3.0410592555999756,3.0793919377500187,3.041059255599976,0.0,24000
693,1982-12-13,2.989949941635132,3.0282826331945563,2.989949941635132,0.0,89400
694,1982-12-14,2.964393138885498,3.015503758719668,2.964393138885498,0.0,25200
695,1982-12-15,2.913283348083496,2.9388386601420184,2.913283348083496,0.0,22200
696,1982-12-16,2.913283348083496,2.913283348083496,2.8877280360249737,0.0,4200
697,1982-12-17,2.9260599613189697,2.9260599613189697,2.913282601021353,0.0,4200
698,1982-12-20,2.9388363361358643,2.938836336135864,2.9260583977561794,0.0,4200
699,1982-12-21,2.9388363361358643,2.938836336135864,2.938836336135864,2.938836336135864,0
700,1982-12-22,2.989949941635132,2.989949941635132,2.964394618958697,0.0,13800
701,1982-12-23,3.0410592555999756,3.0921698884069073,3.0155045241068215,0.0,37200
702,1982-12-27,3.117724895477295,3.117724895477295,3.015504790648769,0.0,15600
703,1982-12-28,3.066614866256714,3.104947552084923,3.066614866256714,0.0,28200
704,1982-12-29,3.066614866256714,3.092170185112309,3.066614866256714,0.0,10200
705,1982-12-30,3.066614866256714,3.066614866256714,3.066614866256714,0.0,6600
706,1982-12-31,3.0921692848205566,3.0921692848205566,3.0921692848205566,0.0,5400
707,1983-01-03,3.066614866256714,3.104947552084923,3.066614866256714,0.0,24000
708,1983-01-04,3.066614866256714,3.066614866256714,3.066614866256714,0.0,31800
709,1983-01-05,3.066614866256714,3.092170185112309,3.066614866256714,0.0,3600
710,1983-01-06,3.143277645111084,3.1688329428868265,3.0666123366937406,0.0,51600
711,1983-01-07,3.104947566986084,3.1560576200321924,3.104947566986084,0.0,53400
712,1983-01-10,3.0793936252593994,3.1049489556672,3.0666162525108147,0.0,46800
713,1983-01-11,3.156057357788086,3.156057357788086,3.092169943016596,0.0,34800
714,1983-01-12,3.143277645111084,3.1688329428868265,3.117722347335341,0.0,66000
715,1983-01-13,3.143277645111084,3.1688329428868265,3.143277645111084,0.0,360600
716,1983-01-14,3.0921692848205566,3.1177240113254703,3.0921692848205566,0.0,9600
717,1983-01-17,3.104947566986084,3.104947566986084,3.0538375139399756,0.0,28200
718,1983-01-18,3.0921692848205566,3.1049466480730135,3.0921692848205566,0.0,15600
719,1983-01-19,3.0921692848205566,3.1049466480730135,3.0921692848205566,0.0,19800
720,1983-01-20,3.0921692848205566,3.1177240113254703,3.0666139734054454,0.0,37200
721,1983-01-21,3.156057357788086,3.168835308670641,3.1177246749610634,0.0,37800
722,1983-01-24,3.0538370609283447,3.0921697412541804,3.041059110879544,0.0,72000
723,1983-01-25,3.066614866256714,3.066614866256714,3.041059547401119,0.0,6000
724,1983-01-26,3.0793936252593994,3.1049489556672,3.0793936252593994,0.0,8400
725,1983-01-27,3.0921692848205566,3.1177240113254703,3.0921692848205566,0.0,13800
726,1983-01-28,3.117724895477295,3.1305028472636325,3.117724895477295,0.0,1800
727,1983-01-31,3.0793936252593994,3.0921715829186156,3.0793936252593994,0.0,24600
728,1983-02-01,3.0921692848205566,3.1049466480730135,3.079391336657902,0.0,25800
729,1983-02-02,3.0921692848205566,3.1049466480730135,3.079391336657902,0.0,68400
730,1983-02-03,3.1305017471313477,3.1688344191986286,3.1177237998354825,0.0,91200
731,1983-02-04,3.143277645111084,3.143277645111084,3.143277645111084,0.0,72600
732,1983-02-07,3.3221662044525146,3.322166204452514,3.1688354655533266,0.0,151800
733,1983-02-08,3.2710533142089844,3.3221639152298708,3.2710533142089844,0.0,88800
734,1983-02-09,3.3221662044525146,3.322166204452514,3.232722883487755,0.0,105000
735,1983-02-10,3.3732755184173584,3.3988308309512005,3.3477202058835167,0.0,54000
736,1983-02-11,3.347720146179199,3.360498094673346,3.3477201461791997,0.0,28800
737,1983-02-14,3.3604979515075684,3.373275314547154,3.347720003557795,0.0,10200
738,1983-02-15,3.437164545059204,3.4627192803984106,3.360499169220786,0.0,50400
739,1983-02-16,3.5010526180267334,3.5010526180267334,3.449942552953152,0.0,35400
740,1983-02-17,3.526606559753418,3.526606559753418,3.4627185647877923,0.0,97800
741,1983-02-18,3.462718963623047,3.5010516480355176,3.4627189636230473,0.0,12600
742,1983-02-22,3.411607027053833,3.4243843864922665,3.4116070270538326,0.0,180600
743,1983-02-23,3.3732755184173584,3.3860528822291682,3.3732755184173584,0.0,31800
744,1983-02-24,3.5010526180267334,3.5010526180267334,3.3732771628875264,0.0,98400
745,1983-02-25,3.462718963623047,3.5010516480355176,3.449941597122339,0.0,56400
746,1983-02-28,3.4499425888061523,3.462719958979707,3.4243872635485277,0.0,18000
747,1983-03-01,3.4499425888061523,3.449942588806152,3.4116098933749726,0.0,171600
748,1983-03-02,3.462718963623047,3.4627189636230473,3.449941597122339,0.0,8400
749,1983-03-03,3.6543819904327393,3.679937305580476,3.5010512693668865,0.0,246600
750,1983-03-04,3.5777170658111572,3.6799377539464544,3.577717065811157,0.0,80400
751,1983-03-07,3.5649406909942627,3.5649406909942627,3.526607995392174,0.0,30000
752,1983-03-08,3.5393872261047363,3.5777199418564516,3.5393872261047368,0.0,49200
753,1983-03-09,3.5393872261047363,3.5777199418564516,3.5393872261047368,0.0,312000
754,1983-03-10,3.641606092453003,3.66716141789653,3.577718071299444,0.0,82200
755,1983-03-11,3.7693822383880615,3.7693822383880615,3.66716208776283,0.0,61200
756,1983-03-14,3.7310476303100586,3.807712996582939,3.7310476303100586,0.0,103800
757,1983-03-15,3.7310476303100586,3.7310476303100586,3.679937581098247,0.0,44400
758,1983-03-16,3.7310476303100586,3.7310476303100586,3.6927149471736183,0.0,67200
759,1983-03-17,3.667160749435425,3.7182708060954663,3.6416054286501987,0.0,33600
760,1983-03-18,3.679938793182373,3.679938793182373,3.616050771941673,0.0,83400
761,1983-03-21,3.692713499069214,3.718268806108722,3.667158776939803,0.0,34200
762,1983-03-22,3.692713499069214,3.718268806108722,3.6927134990692143,0.0,108000
763,1983-03-23,3.679938793182373,3.7182714889446893,3.654383467703989,0.0,60000
764,1983-03-24,3.7182700634002686,3.7438253790810214,3.6927147477195157,0.0,121200
765,1983-03-25,3.8971567153930664,4.063264831129489,3.6799379602682167,0.0,168600
766,1983-03-28,3.8332679271698,3.8843779712286417,3.8332679271698,0.0,36000
767,1983-03-29,3.807710647583008,3.8332659488788554,3.8077106475830083,0.0,63000
768,1983-03-30,3.85882306098938,3.884377789367228,3.8460451118902155,0.0,58200
769,1983-03-31,3.9099340438842773,3.9738220500289843,3.8971566766194887,0.0,39000
770,1983-04-04,3.85882306098938,3.884377789367228,3.8460451118902155,0.0,28200
771,1983-04-05,3.85882306098938,3.871600425178304,3.8588230609893794,0.0,67800
772,1983-04-06,3.7949373722076416,3.8460474448766035,3.7949373722076416,0.0,8400
773,1983-04-07,3.756603240966797,3.7821585600251306,3.743825873892816,0.0,16800
774,1983-04-08,3.7310476303100586,3.7693803134464985,3.705492898159316,0.0,58800
775,1983-04-11,3.679938793182373,3.6927161634663053,3.628828727136124,0.0,76800
776,1983-04-12,3.679938793182373,3.6927161634663053,3.6416060974200564,0.0,33600
777,1983-04-13,3.7054922580718994,3.718269621940107,3.667159581557053,0.0,156600
778,1983-04-14,3.7821576595306396,3.7821576595306396,3.7310470335829096,0.0,46800
779,1983-04-15,3.961045503616333,3.961045503616333,3.8843801029985294,0.0,73200
780,1983-04-18,3.986598491668701,4.0249311694732075,3.986598491668701,0.0,53400
781,1983-04-19,3.9738223552703857,4.06326510281504,3.973822355270386,0.0,47400
782,1983-04-20,4.012153148651123,4.012153148651123,3.948265167794432,0.0,189600
783,1983-04-21,4.076041221618652,4.076041221618652,3.999375865820745,0.0,76200
784,1983-04-22,4.076041221618652,4.114373899517606,4.050486492959514,0.0,97800
785,1983-04-25,4.0632643699646,4.127152369493898,4.0632643699646,0.0,25200
786,1983-04-26,3.9738223552703857,4.012155044919584,3.9482670338674453,0.0,42000
787,1983-04-27,4.0888190269470215,4.101596390826875,3.97382099729767,0.0,83400
788,1983-04-28,4.421034336090088,4.548810290511672,4.139928289200812,0.0,369000
789,1983-04-29,4.625478744506836,4.676588809752541,4.49770270402681,0.0,378000
790,1983-05-02,4.51047945022583,4.587144820003548,4.51047945022583,0.0,128400
791,1983-05-03,4.446592330932617,4.484925023440657,4.446592330932617,0.0,69600
792,1983-05-04,4.446592330932617,4.446592330932617,4.395482269225387,0.0,60000
793,1983-05-05,4.536035060882568,4.561590384054711,4.446592307145769,0.0,45600
794,1983-05-06,4.612699508666992,4.689364877702513,4.599922142131188,0.0,87600
795,1983-05-09,4.638256549835205,4.676589248594174,4.587146479793435,0.0,53400
796,1983-05-10,4.8426947593688965,4.893805386294167,4.62547664212235,0.0,105600
797,1983-05-11,4.778807163238525,4.932137868102753,4.778807163238525,0.0,147600
798,1983-05-12,4.714919567108154,4.842694970162676,4.714919567108154,0.0,165600
799,1983-05-13,4.855471134185791,4.881025854452154,4.714917833080579,0.0,45600
800,1983-05-16,4.919360637664795,4.932138588209246,4.804362592226577,0.0,94200
801,1983-05-17,5.213245391845703,5.213245391845703,4.91936126547251,0.0,171600
802,1983-05-18,5.111021518707275,5.213242147950827,5.008801474373741,0.0,130200
803,1983-05-19,5.047137260437012,5.0854699470101785,4.983249254511609,0.0,97200
804,1983-05-20,4.983251094818115,5.021583795547485,4.970473722878523,0.0,18600
805,1983-05-23,4.919360637664795,4.94491595384339,4.881027955852056,0.0,47400
806,1983-05-24,4.906579971313477,4.906579971313477,4.881024672326248,0.0,70200
807,1983-05-25,4.957693576812744,4.957693576812744,4.881028209207854,0.0,35400
808,1983-05-26,5.008802890777588,5.008802890777588,4.957692269247594,0.0,19200
809,1983-05-27,5.05991268157959,5.05991268157959,4.983247337919293,0.0,60600
810,1983-05-31,5.008802890777588,5.0471355644699925,4.957692269247594,0.0,44400
811,1983-06-01,5.034358978271484,5.034358978271484,5.008804245504901,0.0,135600
812,1983-06-02,5.136579513549805,5.162134830477871,5.008804098730116,0.0,55200
813,1983-06-03,5.353797912597656,5.404907958368635,5.162134509818626,0.0,79800
814,1983-06-06,5.404909133911133,5.4432418228041195,5.328243756125159,0.0,24000
815,1983-06-07,5.417682647705078,5.443237950423545,5.39212792989661,0.0,46200
816,1983-06-08,5.315464973449707,5.481573052807109,5.289909659352316,0.0,82800
817,1983-06-09,5.417682647705078,5.417682647705078,5.2771299450285065,0.0,48600
818,1983-06-10,5.737127780914307,5.775460481933978,5.4176882158099815,0.0,1670400
819,1983-06-13,5.877671718597412,5.877671718597412,5.749896437185418,0.0,78600
820,1983-06-14,5.801013469696045,5.85212411218845,5.801013469696045,0.0,56400
821,1983-06-15,5.83934211730957,5.903230083748718,5.826564757985747,0.0,29400
822,1983-06-16,5.801013469696045,5.85212411218845,5.801013469696045,0.0,56400
823,1983-06-17,5.826566696166992,5.826566696166992,5.80101138410847,0.0,12600
824,1983-06-20,5.634904384613037,5.801012482159867,5.634904384613037,0.0,84000
825,1983-06-21,5.392132759094238,5.519908217302359,5.392132759094238,0.0,64800
826,1983-06-22,5.571017742156982,5.596573065279096,5.2643562043334695,0.0,542400
827,1983-06-23,5.443241119384766,5.57101653754575,5.4176858017884335,0.0,59400
828,1983-06-24,5.417682647705078,5.417682647705078,5.341017324459676,0.0,58800
829,1983-06-27,5.213245391845703,5.443241512074191,5.213245391845703,0.0,75600
830,1983-06-28,5.162136554718018,5.2388019461994215,5.149358599530771,0.0,48000
831,1983-06-29,5.2643537521362305,5.2643537521362305,5.200466351456137,0.0,75000
832,1983-06-30,5.315464973449707,5.366575016734233,5.289909659352316,0.0,157800
833,1983-07-01,5.341020107269287,5.341020107269287,5.289910060112696,0.0,77400
834,1983-07-05,5.251575946807861,5.289908617952444,5.251575946807861,0.0,47400
835,1983-07-06,5.251575946807861,5.251575946807861,5.213243275663278,0.0,22800
836,1983-07-07,5.226021766662598,5.251577081249473,5.187689087237419,0.0,99000
837,1983-07-08,5.123801231384277,5.251576623357202,5.111023282749832,0.0,123000
838,1983-07-11,4.983251094818115,5.111026568945817,4.983251094818115,0.0,45000
839,1983-07-12,4.855471134185791,4.983246490247767,4.829915829009375,0.0,119400
840,1983-07-13,4.8043622970581055,4.829917611666643,4.727696938142762,0.0,66000
841,1983-07-14,4.932137489318848,4.932137489318848,4.804361521804928,0.0,57000
842,1983-07-15,4.996026039123535,4.996026039123535,4.957693357020515,0.0,39000
843,1983-07-18,4.983251094818115,4.996028466757707,4.957695766028337,0.0,111000
844,1983-07-19,4.906579971313477,4.970467926326592,4.906579971313477,0.0,85800
845,1983-07-20,4.957693576812744,4.957693576812744,4.90658352671293,0.0,24600
846,1983-07-21,5.226021766662598,5.226021766662598,5.0343583695367045,0.0,343800
847,1983-07-22,5.162136554718018,5.264356686752877,5.11102590379007,0.0,3153000
848,1983-07-25,4.957693576812744,5.136579629527598,4.957693576812744,0.0,15600
849,1983-07-26,4.957693576812744,4.9704715280204494,4.90658352671293,0.0,117000
850,1983-07-27,4.651031970977783,4.957693432468853,4.6382546050524285,0.0,41400
851,1983-07-28,4.651031970977783,4.702142604499842,4.599921922366045,0.0,34200
852,1983-07-29,4.574365139007568,4.625475756142937,4.574365139007568,0.0,36600
853,1983-08-01,4.5488128662109375,4.5488128662109375,4.472147484111374,0.0,36600
854,1983-08-02,4.663811206817627,4.689365945709348,4.574367865965163,0.0,93000
855,1983-08-03,4.651031970977783,4.676587287738812,4.599921922366045,0.0,52200
856,1983-08-04,4.663811206817627,4.689365945709348,4.5871458203215045,0.0,47400
857,1983-08-05,4.7021403312683105,4.7660277149192956,4.7021403312683105,0.0,48000
858,1983-08-08,4.599921226501465,4.676586580276489,4.574365913606379,0.0,21600
859,1983-08-09,4.599921226501465,4.651031267381404,4.574365913606379,0.0,12000
860,1983-08-10,4.599921226501465,4.62547653939655,4.599921226501465,0.0,22800
861,1983-08-11,4.599921226501465,4.612698590493892,4.599921226501465,0.0,25200
862,1983-08-12,4.612699508666992,4.6510321931847525,4.612699508666992,0.0,7200
863,1983-08-15,4.651031970977783,4.702142604499842,4.6382546050524285,0.0,15600
864,1983-08-16,4.651031970977783,4.714919970425196,4.651031970977783,0.0,46200
865,1983-08-17,4.651031970977783,4.651031970977783,4.651031970977783,0.0,79800
866,1983-08-18,4.651031970977783,4.676587287738812,4.651031970977783,0.0,5400
867,1983-08-19,4.651031970977783,4.689364653664167,4.6382546050524285,0.0,24000
868,1983-08-22,4.676587104797363,4.702142420558705,4.676587104797363,0.0,3600
869,1983-08-23,4.599921226501465,4.676586580276489,4.599921226501465,0.0,42600
870,1983-08-24,4.497701168060303,4.599921848553825,4.497701168060303,0.0,6600
871,1983-08-25,4.421034336090088,4.523254982645332,4.421034336090088,0.0,87600
872,1983-08-26,4.408258438110352,4.408258438110352,4.369925756039827,0.0,22200
873,1983-08-29,4.318817615509033,4.408260384869529,4.293262287872933,0.0,34800
874,1983-08-30,4.344372749328613,4.43381611165165,4.344372749328613,0.0,39600
875,1983-08-31,4.497701168060303,4.52325648441126,4.369925756126133,0.0,49800
876,1983-09-01,4.47214412689209,4.497698845134496,4.47214412689209,0.0,39000
877,1983-09-02,4.408258438110352,4.4465911201808765,4.408258438110352,0.0,313800
878,1983-09-06,4.7021403312683105,4.753250355171105,4.4849217060888655,0.0,90600
879,1983-09-07,4.599921226501465,4.727696621156428,4.599921226501465,0.0,67200
880,1983-09-08,4.625478744506836,4.625478744506836,4.599923419428729,0.0,14400
881,1983-09-09,4.612699508666992,4.6510321931847525,4.599922142131188,0.0,50400
882,1983-09-12,4.599921226501465,4.740474570059086,4.599921226501465,0.0,43200
883,1983-09-13,4.5488128662109375,4.57436760363716,4.523257543874267,0.0,46200
884,1983-09-14,4.45936918258667,4.548812511331802,4.421036494527442,0.0,43800
885,1983-09-15,4.408258438110352,4.4465911201808765,4.408258438110352,0.0,3000
886,1983-09-16,4.45936918258667,4.45936918258667,4.408259126811167,0.0,31800
887,1983-09-19,4.446592330932617,4.446592330932617,4.306038930099649,0.0,376800
888,1983-09-20,4.625478744506836,4.625478744506836,4.472147963859212,0.0,112800
889,1983-09-21,4.651031970977783,4.804362701723318,4.651031970977783,0.0,153000
890,1983-09-22,4.714919567108154,4.7532522465155385,4.6254768434610165,0.0,253200
891,1983-09-23,4.651031970977783,4.75325265311158,4.651031970977783,0.0,23400
892,1983-09-26,4.5488128662109375,4.676588308073395,4.5488128662109375,0.0,28200
893,1983-09-27,4.421034336090088,4.548810290511672,4.421034336090088,0.0,299400
894,1983-09-28,4.446592330932617,4.472147654241467,4.395482269225387,0.0,51600
895,1983-09-29,4.5488128662109375,4.5488128662109375,4.472147484111374,0.0,9000
896,1983-09-30,4.599921226501465,4.599921226501465,4.4977005598313555,0.0,13200
897,1983-10-03,4.574365139007568,4.625475756142937,4.574365139007568,0.0,36000
898,1983-10-04,4.5871453285217285,4.5871453285217285,4.548812639383414,0.0,7800
899,1983-10-05,4.5871453285217285,4.5871453285217285,4.5871453285217285,0.0,600
900,1983-10-06,4.574365139007568,4.587143085746477,4.536032468611108,0.0,19200
901,1983-10-07,4.5871453285217285,4.6254780176600425,4.536034686397031,0.0,342000
902,1983-10-10,4.574365139007568,4.625475756142937,4.574365139007568,0.0,33000
903,1983-10-11,4.612699508666992,4.638254826648948,4.523256773095668,0.0,30000
904,1983-10-12,4.625478744506836,4.676588809752541,4.625478744506836,0.0,19800
905,1983-10-13,4.612699508666992,4.663810144630904,4.612699508666992,0.0,12000
906,1983-10-14,4.599921226501465,4.651031267381404,4.599921226501465,0.0,39000
907,1983-10-17,4.497701168060303,4.548811800762218,4.472146436619655,0.0,24600
908,1983-10-18,4.47214412689209,4.510476789165708,4.446588823739675,0.0,120000
909,1983-10-19,4.2932586669921875,4.395479306414407,4.2932586669921875,0.0,242400
910,1983-10-20,4.344372749328613,4.369928079265284,4.318818004302563,0.0,63600
911,1983-10-21,4.2932586669921875,4.357146639744834,4.2932586669921875,0.0,97800
912,1983-10-24,4.254929065704346,4.267706435496055,4.191041046924806,0.0,27600
913,1983-10-25,4.242149353027344,4.254926715762278,4.216594042647302,0.0,42600
914,1983-10-26,4.203815937042236,4.2677033243373295,4.203815937042236,0.0,9600
915,1983-10-27,3.9993770122528076,4.229373145575534,3.999377012252808,0.0,19800
916,1983-10-28,3.8843777179718018,4.0121536971534635,3.8843777179718018,0.0,47400
917,1983-10-31,3.6543819904327393,3.858823341794065,3.577716629899813,0.0,120000
918,1983-11-01,3.552161693572998,3.628827049657953,3.552161693572998,0.0,47400
919,1983-11-02,3.679938793182373,3.679938793182373,3.564940705895424,0.0,102600
920,1983-11-03,3.8716015815734863,3.8716015815734863,3.718270825867606,0.0,314400
921,1983-11-04,3.8843777179718018,3.935488343608558,3.8588229900636524,0.0,52800
922,1983-11-07,3.8843777179718018,3.8843777179718018,3.8588229900636524,0.0,59400
923,1983-11-08,3.8716015815734863,3.8971569024946047,3.8588242135681345,0.0,30600
924,1983-11-09,3.85882306098938,3.8588230609893794,3.8460451118902155,0.0,12600
925,1983-11-10,3.85882306098938,3.871600425178304,3.8460451118902155,0.0,33000
926,1983-11-11,3.85882306098938,3.871600425178304,3.794935070224278,0.0,168600
927,1983-11-14,3.8716015815734863,3.8716015815734863,3.8588242135681345,0.0,13800
928,1983-11-15,3.8716015815734863,3.8716015815734863,3.8588242135681345,0.0,3000
929,1983-11-16,3.8332679271698,3.8588232416543544,3.8332679271698,0.0,27000
930,1983-11-17,3.807710647583008,3.8077106475830083,3.7566006299012784,0.0,39000
931,1983-11-18,3.7693822383880615,3.8204928986113025,3.756604865787564,0.0,63600
932,1983-11-21,3.7054922580718994,3.756602298454953,3.7054922580718994,0.0,16200
933,1983-11-22,3.526606559753418,3.718269959740017,3.4754965147270847,0.0,214200
934,1983-11-23,3.5777170658111572,3.577717065811157,3.552162332460098,0.0,14400
935,1983-11-25,3.6288273334503174,3.667160014490601,3.6032720177866966,0.0,28800
936,1983-11-28,3.6288273334503174,3.6543820642036438,3.6032720177866966,0.0,22800
937,1983-11-29,3.552161693572998,3.6543817784127723,3.52660637990793,0.0,25200
938,1983-11-30,3.552161693572998,3.5777164223278173,3.552161693572998,0.0,36600
939,1983-12-01,3.5393872261047363,3.564942564909488,3.526609849157773,0.0,32400
940,1983-12-02,3.5138299465179443,3.564940002479414,3.4882746260820072,0.0,43800
941,1983-12-05,3.475496768951416,3.5138294517526805,3.475496768951416,0.0,12000
942,1983-12-06,3.3349430561065674,3.4754964066980034,3.2455003338630677,0.0,462600
943,1983-12-07,3.245500087738037,3.347720166861451,3.2199447755020754,0.0,518400
944,1983-12-08,3.104947566986084,3.245500944000845,3.079392248007845,0.0,327000
945,1983-12-09,3.0921692848205566,3.1177240113254703,3.0155039354854205,0.0,199200
946,1983-12-12,3.117724895477295,3.117724895477295,3.079392209939007,0.0,31200
947,1983-12-13,3.0410592555999756,3.1432799363035278,3.0155045241068215,0.0,144600
948,1983-12-14,3.0921692848205566,3.0921692848205566,3.0155039354854205,0.0,150600
949,1983-12-15,3.0282821655273438,3.0921701698967765,3.0282821655273438,0.0,60000
950,1983-12-16,3.0538370609283447,3.0921697412541804,3.041059110879544,0.0,51000
951,1983-12-19,3.0538370609283447,3.104947106392698,3.0538370609283447,0.0,17400
952,1983-12-20,3.0155041217803955,3.028281485822226,3.0155041217803955,0.0,221400
953,1983-12-21,3.066614866256714,3.0793922332293278,3.015504813455891,0.0,64200
954,1983-12-22,2.9260599613189697,3.066613264233003,2.9260599613189697,0.0,126000
955,1983-12-23,2.9516170024871826,2.964394370298377,2.887728993610398,0.0,84000
956,1983-12-27,2.9516170024871826,3.002727058642366,2.9260616819543874,0.0,116400
957,1983-12-28,2.9771716594696045,3.02828170423341,2.9260610297955236,0.0,35400
958,1983-12-29,3.0282821655273438,3.0538374842571896,3.015504798617603,0.0,162600
959,1983-12-30,3.347720146179199,3.3477201461791997,3.041058740883083,0.0,225600
960,1984-01-03,3.232722759246826,3.347720809001579,3.2327227592468266,0.0,24000
961,1984-01-04,3.168835163116455,3.2710552560196895,3.168835163116455,0.0,298200
962,1984-01-05,3.2071692943573,3.21994666552013,3.168836595958251,0.0,177000
963,1984-01-06,3.156057357788086,3.2582780402969203,3.156057357788086,0.0,85200
964,1984-01-09,3.168835163116455,3.1943898938871165,3.117724531754543,0.0,99600
965,1984-01-10,3.066614866256714,3.1560576048857456,3.066614866256714,0.0,228000
966,1984-01-11,3.1305017471313477,3.1560564719027635,3.066613765382493,0.0,48600
967,1984-01-12,3.0921692848205566,3.1560566859930383,3.0921692848205566,0.0,65400
968,1984-01-13,3.104947566986084,3.1432802529982578,3.0282821949617365,0.0,301800
969,1984-01-16,3.066614866256714,3.1177249190575367,3.066614866256714,0.0,211800
970,1984-01-17,3.0793936252593994,3.1049489556672,3.0666162525108147,0.0,60600
971,1984-01-18,3.0921692848205566,3.1305019594881247,3.0666139734054454,0.0,67800
972,1984-01-19,3.0921692848205566,3.1177240113254703,3.0921692848205566,0.0,10800
973,1984-01-20,3.0921692848205566,3.1177240113254703,3.0921692848205566,0.0,30000
974,1984-01-23,3.0410592555999756,3.117724619900062,3.041059255599976,0.0,52800
975,1984-01-24,3.0282821655273438,3.0666148511669307,3.015504798617603,0.0,33000
976,1984-01-25,2.8621745109558105,2.9899499550921607,2.8621745109558105,0.0,91200
977,1984-01-26,2.823840618133545,2.849395345145112,2.7855079427059866,0.0,70800
978,1984-01-27,2.823840618133545,2.8621732935611037,2.811062669717553,0.0,63600
979,1984-01-30,2.7088418006896973,2.8493945129332405,2.683286496231763,0.0,948600
980,1984-01-31,2.6705100536346436,2.7471754084288413,2.6705100536346436,0.0,187800
981,1984-02-01,2.593843936920166,2.657731323875445,2.491623298917626,0.0,268800
982,1984-02-02,2.529956340789795,2.593844322143427,2.5044010312663114,0.0,285600
983,1984-02-03,2.5682897567749023,2.5810671227837743,2.5044017569098966,0.0,723000
984,1984-02-06,2.555511236190796,2.6321765674274196,2.555511236190796,0.0,48000
985,1984-02-07,2.555511236190796,2.5938439018091075,2.5299559308085686,0.0,91800
986,1984-02-08,2.529956340789795,2.5810663749266083,2.529956340789795,0.0,102000
987,1984-02-09,2.529956340789795,2.529956340789795,2.5044010312663114,0.0,39000
988,1984-02-10,2.5682897567749023,2.5682897567749023,2.5044017569098966,0.0,160200
989,1984-02-13,2.5044009685516357,2.5555115863187012,2.4788462445782415,0.0,198600
990,1984-02-14,2.542733907699585,2.542733907699585,2.4788465061153553,0.0,28800
991,1984-02-15,2.555511236190796,2.555511236190796,2.5299559308085686,0.0,13800
992,1984-02-16,2.5682897567749023,2.5682897567749023,2.5682897567749023,0.0,19200
993,1984-02-17,2.478847026824951,2.5682897587774405,2.478847026824951,0.0,27000
994,1984-02-21,2.402181625366211,2.5171796725660247,2.402181625366211,0.0,52200
995,1984-02-22,2.3766257762908936,2.4277358130690234,2.3766257762908936,0.0,844800
996,1984-02-23,2.4149587154388428,2.440514029090818,2.3894034017868675,0.0,27000
997,1984-02-24,2.5171799659729004,2.529957333292127,2.453291959556002,0.0,57000
998,1984-02-27,2.5810678005218506,2.606623124160247,2.5555130617939303,0.0,83400
999,1984-02-28,2.555511236190796,2.606621262045192,2.542733291044653,0.0,34800
1000,1984-02-29,2.555511236190796,2.555511236190796,2.555511236190796,0.0,4200
1001,1984-03-01,2.555511236190796,2.555511236190796,2.555511236190796,0.0,3000
1002,1984-03-02,2.555511236190796,2.555511236190796,2.555511236190796,0.0,7200
1003,1984-03-05,2.555511236190796,2.555511236190796,2.5299559308085686,0.0,10800
1004,1984-03-06,2.478847026824951,2.555512392758606,2.478847026824951,0.0,40200
1005,1984-03-07,2.4405157566070557,2.478848461763655,2.4405157566070557,0.0,18600
1006,1984-03-08,2.3894033432006836,2.440513969251444,2.3894033432006836,0.0,31800
1007,1984-03-09,2.363849401473999,2.389404138090512,2.3510714482553143,0.0,45000
1008,1984-03-12,2.32551646232605,2.3510711962029043,2.32551646232605,0.0,121200
1009,1984-03-13,2.2999606132507324,2.3255159261458176,2.26162793636322,0.0,226200
1010,1984-03-14,2.2871830463409424,2.2999604091997705,2.2488503728542795,0.0,819600
1011,1984-03-15,2.351069927215576,2.351069927215576,2.3127372621799416,0.0,91200
1012,1984-03-16,2.402181625366211,2.504401721825835,2.3766263087961472,0.0,169200
1013,1984-03-19,2.4532899856567383,2.4532899856567383,2.363847316566307,0.0,52800
1014,1984-03-20,2.5171799659729004,2.5171799659729004,2.478847279104838,0.0,36000
1015,1984-03-21,2.529956340789795,2.5555116503132784,2.529956340789795,0.0,36000
1016,1984-03-22,2.529956340789795,2.54273370309646,2.529956340789795,0.0,15000
1017,1984-03-23,2.5171799659729004,2.555512652840963,2.5171799659729004,0.0,22200
1018,1984-03-26,2.542733907699585,2.5555118559445913,2.5171791810299733,0.0,25200
1019,1984-03-27,2.555511236190796,2.5938439018091075,2.542733291044653,0.0,30600
1020,1984-03-28,2.6705100536346436,2.6832874177969304,2.58106674976792,0.0,78600
1021,1984-03-29,2.721620559692383,2.7471758772887154,2.6705105094100565,0.0,74400
1022,1984-03-30,2.69606614112854,2.721621467246573,2.69606614112854,0.0,34200
1023,1984-04-02,2.721620559692383,2.721620559692383,2.6705105094100565,0.0,22800
1024,1984-04-03,2.6832878589630127,2.7216205426624844,2.6832878589630127,0.0,16200
1025,1984-04-04,2.5810678005218506,2.708843833803357,2.5810678005218506,0.0,52800
1026,1984-04-05,2.3766257762908936,2.5555117823796243,2.3766257762908936,0.0,30600
1027,1984-04-06,2.32551646232605,2.3766265149901242,2.287183776600403,0.0,81600
1028,1984-04-09,2.351069927215576,2.351069927215576,2.2999599021380797,0.0,45000
1029,1984-04-10,2.3894033432006836,2.402181292168491,2.376625979143111,0.0,36000
1030,1984-04-11,2.32551646232605,2.402181833777344,2.3127385104772573,0.0,72600
1031,1984-04-12,2.312739372253418,2.3382947005631,2.2488519288450886,0.0,642600
1032,1984-04-13,2.2616283893585205,2.3127384404756026,2.2616283893585205,0.0,37200
1033,1984-04-16,2.312739372253418,2.3255173288635507,2.2616293005446377,0.0,60600
1034,1984-04-17,2.2999606132507324,2.3255159261458176,2.26162793636322,0.0,87600
1035,1984-04-18,2.3382935523986816,2.3382935523986816,2.2999608712118182,0.0,27000
1036,1984-04-19,2.3382935523986816,2.363848868160023,2.3127382366373403,0.0,113400
1037,1984-04-23,2.351069927215576,2.414957897244984,2.351069927215576,0.0,112200
1038,1984-04-24,2.4532899856567383,2.4532899856567383,2.3510693746177367,0.0,102600
1039,1984-04-25,2.5810678005218506,2.6321784477986436,2.4788476757892175,0.0,247200
1040,1984-04-26,2.69606614112854,2.7471767933646056,2.606623377081225,0.0,65400
1041,1984-04-27,2.6705100536346436,2.734397459356316,2.6705100536346436,0.0,69000
1042,1984-04-30,2.6705100536346436,2.6705100536346436,2.606622063002732,0.0,251400
1043,1984-05-01,2.69606614112854,2.7343988378503226,2.6832887705247903,0.0,394800
1044,1984-05-02,2.7855091094970703,2.8110638472129783,2.7343984642443475,0.0,145200
1045,1984-05-03,2.7471766471862793,2.811064081716087,2.7471766471862793,0.0,139200
1046,1984-05-04,2.69606614112854,2.759954163968356,2.69606614112854,0.0,73800
1047,1984-05-07,2.69606614112854,2.69606614112854,2.657733444406757,0.0,80400
1048,1984-05-08,2.6832878589630127,2.7216205426624844,2.6832878589630127,0.0,81600
1049,1984-05-09,2.6577322483062744,2.7216202423935845,2.6577322483062744,0.0,105000
1050,1984-05-10,2.6832878589630127,2.708843176399439,2.670510492699967,0.0,82200
1051,1984-05-11,2.6832878589630127,2.7216205426624844,2.657732541526587,0.0,33000
1052,1984-05-14,2.6705100536346436,2.6832874177969304,2.657732104562118,0.0,19800
1053,1984-05-15,2.644953966140747,2.6705092718947383,2.644953966140747,0.0,108000
1054,1984-05-16,2.644953966140747,2.696063992738662,2.644953966140747,0.0,16800
1055,1984-05-17,2.6066226959228516,2.6066226959228516,2.568290009218104,0.0,109200
1056,1984-05-18,2.5171799659729004,2.632178026577088,2.5171799659729004,0.0,22800
1057,1984-05-21,2.4916255474090576,2.517180876198836,2.4916255474090576,0.0,10200
1058,1984-05-22,2.529956340789795,2.529956340789795,2.4788463066529816,0.0,27000
1059,1984-05-23,2.555511236190796,2.555511236190796,2.5299559308085686,0.0,18000
1060,1984-05-24,2.5171799659729004,2.581067387479416,2.5171799659729004,0.0,7800
1061,1984-05-25,2.555511236190796,2.5682885964268802,2.5299559308085686,0.0,9600
1062,1984-05-29,2.5171799659729004,2.529957333292127,2.4916246464240643,0.0,18600
1063,1984-05-30,2.555511236190796,2.555511236190796,2.4532905995719454,0.0,220200
1064,1984-05-31,2.6577322483062744,2.6577322483062744,2.58106688936561,0.0,460800
1065,1984-06-01,2.644953966140747,2.708841938070691,2.632176605718785,0.0,209400
1066,1984-06-04,2.7471766471862793,2.7471766471862793,2.68328862774597,0.0,30000
1067,1984-06-05,2.6832878589630127,2.7727305926250017,2.6832878589630127,0.0,52800
1068,1984-06-06,2.6832878589630127,2.6832878589630127,2.6832878589630127,0.0,2400
1069,1984-06-07,2.69606614112854,2.721621467246573,2.69606614112854,0.0,43800
1070,1984-06-08,2.7088418006896973,2.7343965202375937,2.683286496231763,0.0,15600
1071,1984-06-11,2.7343969345092773,2.759952242838939,2.734396934509277,0.0,41400
1072,1984-06-12,2.7343969345092773,2.759952242838939,2.734396934509277,0.0,35400
1073,1984-06-13,2.7471766471862793,2.785509341868365,2.721621322428055,0.0,107400
1074,1984-06-14,2.7343969345092773,2.759952242838939,2.734396934509277,0.0,42600
1075,1984-06-15,2.721620559692383,2.73439792603538,2.6705105094100565,0.0,94200
1076,1984-06-18,2.7471766471862793,2.7471766471862793,2.708843952504194,0.0,9000
1077,1984-06-19,2.811062812805176,2.8366181260277576,2.7599527712702505,0.0,11400
1078,1984-06-20,2.7727296352386475,2.8110623057023623,2.721619602923739,0.0,28800
1079,1984-06-21,2.6577322483062744,2.747175557010563,2.6577322483062744,0.0,32400
1080,1984-06-22,2.6705100536346436,2.6960647819592167,2.644954740399831,0.0,94200
1081,1984-06-25,2.6832878589630127,2.6832878589630127,2.657732541526587,0.0,14400
1082,1984-06-26,2.7343969345092773,2.734396934509277,2.7088422110897414,0.0,15600
1083,1984-06-27,2.6832878589630127,2.708843176399439,2.6832878589630127,0.0,10800
1084,1984-06-28,2.6832878589630127,2.708843176399439,2.6832878589630127,0.0,4800
1085,1984-06-29,2.6832878589630127,2.708843176399439,2.6832878589630127,0.0,27600
1086,1984-07-02,2.6705100536346436,2.7088427310317424,2.6705100536346436,0.0,19200
1087,1984-07-03,2.7088418006896973,2.7216191604636455,2.670509136457815,0.0,12600
1088,1984-07-05,2.6066226959228516,2.7088433887723062,2.6066226959228516,0.0,58200
1089,1984-07-06,2.542733907699585,2.5810665826142025,2.5171791810299733,0.0,39600
1090,1984-07-09,2.5044009685516357,2.568288948305398,2.5044009685516357,0.0,38400
1091,1984-07-10,2.5171799659729004,2.555512652840963,2.5171799659729004,0.0,91200
1092,1984-07-11,2.542733907699585,2.5555118559445913,2.5171791810299733,0.0,43200
1093,1984-07-12,2.542733907699585,2.5555118559445913,2.5171791810299733,0.0,17400
1094,1984-07-13,2.542733907699585,2.542733907699585,2.5171791810299733,0.0,51000
1095,1984-07-16,2.529956340789795,2.529956340789795,2.4916236689596465,0.0,31200
1096,1984-07-17,2.529956340789795,2.54273370309646,2.5044010312663114,0.0,84600
1097,1984-07-18,2.5044009685516357,2.5044009685516357,2.4788462445782415,0.0,57600
1098,1984-07-19,2.555511236190796,2.555511236190796,2.5299559308085686,0.0,27600
1099,1984-07-20,2.555511236190796,2.555511236190796,2.5299559308085686,0.0,20400
1100,1984-07-23,2.529956340789795,2.5555116503132784,2.51717897848313,0.0,53400
1101,1984-07-24,2.5044009685516357,2.5555115863187012,2.5044009685516357,0.0,225000
1102,1984-07-25,2.4916255474090576,2.5044029193486494,2.4532928466796875,0.0,362400
1103,1984-07-26,2.478847026824951,2.478847026824951,2.478847026824951,0.0,600
1104,1984-07-27,2.5044009685516357,2.5555115863187012,2.4916236065649384,0.0,46200
1105,1984-07-30,2.5044009685516357,2.5299562774351685,2.5044009685516357,0.0,7800
1106,1984-07-31,2.542733907699585,2.542733907699585,2.504401232784967,0.0,25800
1107,1984-08-01,2.6832878589630127,2.6832878589630127,2.568289807864598,0.0,7800
1108,1984-08-02,2.7599527835845947,2.785508096921199,2.6577321151484186,0.0,68400
1109,1984-08-03,2.8877296447753906,2.913284971070752,2.7855095094150206,0.0,249000
1110,1984-08-06,2.913283348083496,2.9899486993488513,2.8877280360249737,0.0,156000
1111,1984-08-07,2.8621745109558105,2.9005072026877614,2.8366191881643577,0.0,85800
1112,1984-08-08,2.8749501705169678,2.8749501705169678,2.8621728091735954,0.0,333600
1113,1984-08-09,2.913283348083496,2.913283348083496,2.836617996818141,0.0,132000
1114,1984-08-10,2.964393138885498,3.04105848372659,2.964393138885498,0.0,189000
1115,1984-08-13,3.0155041217803955,3.0155041217803955,2.9899488087865014,0.0,10200
1116,1984-08-14,3.0155041217803955,3.028281485822226,2.9899488087865014,0.0,14400
1117,1984-08-15,2.9260599613189697,3.002725292924795,2.913282601021353,0.0,72600
1118,1984-08-16,2.964393138885498,2.964393138885498,2.887727794044406,0.0,34800
1119,1984-08-17,2.964393138885498,2.964393138885498,2.938838413878576,0.0,61800
1120,1984-08-20,2.989949941635132,3.0027273105181216,2.9388398811927168,0.0,67200
1121,1984-08-21,3.066614866256714,3.092170185112309,2.989949494600296,0.0,168000
1122,1984-08-22,3.066614866256714,3.104947552084923,3.066614866256714,0.0,207600
1123,1984-08-23,3.117724895477295,3.117724895477295,3.066614843063032,0.0,22200
1124,1984-08-24,3.1816132068634033,3.2582785853420395,3.1432805176240852,0.0,143400
1125,1984-08-27,3.156057357788086,3.168835308670641,3.092169943016596,0.0,34200
1126,1984-08-28,3.156057357788086,3.156057357788086,3.1305026258436186,0.0,16200
1127,1984-08-29,3.2582786083221436,3.2582786083221436,3.194390597502549,0.0,144000
1128,1984-08-30,3.2710533142089844,3.2710533142089844,3.245498598608489,0.0,48000
1129,1984-08-31,3.2582786083221436,3.2710559765218936,3.2582786083221436,0.0,16800
1130,1984-09-04,3.0921692848205566,3.2582773467432857,3.0282812987378773,0.0,64800
1131,1984-09-05,3.0282821655273438,3.1177249037162578,2.9899494798877573,0.0,59400
1132,1984-09-06,3.0410592555999756,3.053837206256864,3.002726573449933,0.0,68400
1133,1984-09-07,3.117724895477295,3.156057581015583,3.041059524400719,0.0,350400
1134,1984-09-10,3.168835163116455,3.168835163116455,3.117724531754543,0.0,46200
1135,1984-09-11,3.3988327980041504,3.3988327980041504,3.168836606821401,0.0,87600
1136,1984-09-12,3.3604979515075684,3.398830625536513,3.3349426405182094,0.0,118800
1137,1984-09-13,3.347720146179199,3.4243854975032284,3.3477201461791997,0.0,32400
1138,1984-09-14,3.3221662044525146,3.398831573902108,3.296610886332533,0.0,80400
1139,1984-09-17,3.245500087738037,3.347720166861451,3.245500087738037,0.0,27600
1140,1984-09-18,3.168835163116455,3.258277890634359,3.168835163116455,0.0,138600
1141,1984-09-19,3.156057357788086,3.2071679914976636,3.1305026258436186,0.0,48600
1142,1984-09-20,3.168835163116455,3.168835163116455,3.1305024820501686,0.0,51000
1143,1984-09-21,3.1816132068634033,3.2710559534516723,3.130503149514452,0.0,64200
1144,1984-09-24,3.2199442386627197,3.296609577678499,3.2071668771301294,0.0,220800
1145,1984-09-25,3.2582786083221436,3.2710559765218936,3.207168550612722,0.0,199200
1146,1984-09-26,3.2710533142089844,3.2710533142089844,3.1943879975876026,0.0,75600
1147,1984-09-27,3.2199442386627197,3.2582769081706093,3.2199442386627197,0.0,20400
1148,1984-09-28,3.168835163116455,3.232722574953403,3.168835163116455,0.0,54000
1149,1984-10-01,3.1305017471313477,3.1560564719027635,3.1305017471313477,0.0,19200
1150,1984-10-02,3.0921692848205566,3.1177240113254703,3.0666139734054454,0.0,70800
1151,1984-10-03,3.0538370609283447,3.066614426066862,3.002726430553708,0.0,126000
1152,1984-10-04,3.0410592555999756,3.0666145720034415,3.041059255599976,0.0,80400
1153,1984-10-05,3.0410592555999756,3.0666145720034415,3.0155045241068215,0.0,40800
1154,1984-10-08,3.066614866256714,3.066614866256714,2.938839441799473,0.0,90000
1155,1984-10-09,3.0410592555999756,3.0666145720034415,3.041059255599976,0.0,3600
1156,1984-10-10,3.0410592555999756,3.041059255599976,3.0155045241068215,0.0,20400
1157,1984-10-11,3.0921692848205566,3.0921692848205566,3.0666139734054454,0.0,24000
1158,1984-10-12,3.1305017471313477,3.1305017471313477,3.104946437449774,0.0,4200
1159,1984-10-15,3.117724895477295,3.156057581015583,3.117724895477295,0.0,22200
1160,1984-10-16,3.0538370609283447,3.1432797867185336,3.015504380602509,0.0,46200
1161,1984-10-17,3.0921692848205566,3.0921692848205566,3.0666139734054454,0.0,47400
1162,1984-10-18,3.0793936252593994,3.1177263284157846,3.0666162525108147,0.0,43800
1163,1984-10-19,3.117724895477295,3.194390266553871,3.117724895477295,0.0,334200
1164,1984-10-22,3.104947566986084,3.1560576200321924,3.104947566986084,0.0,66600
1165,1984-10-23,3.104947566986084,3.1305028859643236,3.104947566986084,0.0,11400
1166,1984-10-24,3.104947566986084,3.104947566986084,3.104947566986084,0.0,57000
1167,1984-10-25,3.0921692848205566,3.1177240113254703,3.0921692848205566,0.0,26400
1168,1984-10-26,3.0921692848205566,3.2199446720757177,3.0921692848205566,0.0,70800
1169,1984-10-29,3.168835163116455,3.1943898938871165,3.117724531754543,0.0,48000
1170,1984-10-30,3.3604979515075684,3.3604979515075684,3.1432792703734846,0.0,79200
1171,1984-10-31,3.309386968612671,3.3221649151689028,3.2710542987642226,0.0,32400
1172,1984-11-01,3.3349430561065674,3.3349430561065674,3.2966103773007447,0.0,34200
1173,1984-11-02,3.3732755184173584,3.3988308309512005,3.334942842071707,0.0,56400
1174,1984-11-05,3.3732755184173584,3.3860528822291682,3.360498154605549,0.0,11400
1175,1984-11-06,3.3732755184173584,3.3860528822291682,3.3732755184173584,0.0,20400
1176,1984-11-07,3.3732755184173584,3.3732755184173584,3.3477202058835167,0.0,17400
1177,1984-11-08,3.347720146179199,3.3477201461791997,3.322165419011331,0.0,21000
1178,1984-11-09,3.347720146179199,3.39883077033536,3.3477201461791997,0.0,43800
1179,1984-11-12,3.347720146179199,3.3732754582572797,3.3477201461791997,0.0,79800
1180,1984-11-13,3.3604979515075684,3.4116079885760993,3.3604979515075684,0.0,198600
1181,1984-11-14,3.2966067790985107,3.3732720530310343,3.2966067790985107,0.0,49200
1182,1984-11-15,3.2199442386627197,3.245499546638019,3.2199442386627197,0.0,36600
1183,1984-11-16,3.117724895477295,3.2199455852161836,3.117724895477295,0.0,51000
1184,1984-11-19,3.168835163116455,3.168835163116455,3.117724531754543,0.0,51600
1185,1984-11-20,3.168835163116455,3.1943898938871165,3.168835163116455,0.0,10800
1186,1984-11-21,3.168835163116455,3.1816125285017858,3.1432798474354993,0.0,61800
1187,1984-11-23,3.245500087738037,3.245500087738037,3.194389463266114,0.0,166800
1188,1984-11-26,3.2710533142089844,3.3349412730301187,3.2710533142089844,0.0,59400
1189,1984-11-27,3.3221662044525146,3.322166204452514,3.2710555682125517,0.0,13200
1190,1984-11-28,3.2582786083221436,3.3221666191417385,3.2582786083221436,0.0,45000
1191,1984-11-29,3.2710533142089844,3.28383125691918,3.245498598608489,0.0,31800
1192,1984-11-30,3.309386968612671,3.309386968612671,3.232721628915774,0.0,33000
1193,1984-12-03,3.3988327980041504,3.3988327980041504,3.3093894448260404,0.0,121200
1194,1984-12-04,3.3988327980041504,3.4116101692107828,3.3732774706803244,0.0,40800
1195,1984-12-05,3.3988327980041504,3.4499428677412407,3.3732774706803244,0.0,79200
1196,1984-12-06,3.3349430561065674,3.3604983702805358,3.322165691474713,0.0,34800
1197,1984-12-07,3.2966067790985107,3.322162065379226,3.271051492817796,0.0,29400
1198,1984-12-10,3.309386968612671,3.309386968612671,3.2966096069665625,0.0,12600
1199,1984-12-11,3.3221662044525146,3.33494357105733,3.3093882529373486,0.0,15600
1200,1984-12-12,3.2710533142089844,3.3349412730301187,3.2710533142089844,0.0,79200
1201,1984-12-13,3.232722759246826,3.2327227592468266,3.1943900759952424,0.0,29400
1202,1984-12-14,3.2966067790985107,3.2966067790985107,3.2454967914467026,0.0,21000
1203,1984-12-17,3.2966067790985107,3.3093841297840574,3.2966067790985107,0.0,17400
1204,1984-12-18,3.4499425888061523,3.449942588806152,3.3349445025126134,0.0,69600
1205,1984-12-19,3.3988327980041504,3.4499428677412407,3.3988327980041504,0.0,50400
1206,1984-12-20,3.3732755184173584,3.42438555857482,3.3732755184173584,0.0,10200
1207,1984-12-21,3.3221662044525146,3.3477209376621455,3.322166204452514,0.0,9600
1208,1984-12-24,3.2966067790985107,3.2966067790985107,3.271051492817796,0.0,33600
1209,1984-12-26,3.2838337421417236,3.3093884770821766,3.2710557897611077,0.0,17400
1210,1984-12-27,3.2966067790985107,3.2966067790985107,3.271051492817796,0.0,39600
1211,1984-12-28,3.309386968612671,3.309386968612671,3.2966096069665625,0.0,100800
1212,1984-12-31,3.3860533237457275,3.3860533237457275,3.322165911446006,0.0,101400
1213,1985-01-02,3.3988327980041504,3.424387540417415,3.3860548418869567,0.0,40800
1214,1985-01-03,3.411607027053833,3.4116070270538326,3.373274363828509,0.0,14400
1215,1985-01-04,3.309386968612671,3.3732749466634595,3.309386968612671,0.0,37800
1216,1985-01-07,3.309386968612671,3.3732749466634595,3.309386968612671,0.0,44400
1217,1985-01-08,3.2838337421417236,3.3349437969330196,3.283833742141724,0.0,4800
1218,1985-01-09,3.309386968612671,3.3221649151689028,3.283832245320454,0.0,30000
1219,1985-01-10,3.3221662044525146,3.322166204452514,3.232722883487755,0.0,199200
1220,1985-01-11,3.2966067790985107,3.3349394160647727,3.2966067790985107,0.0,31800
1221,1985-01-14,3.4499425888061523,3.475497914063776,3.3221671323390582,0.0,187800
1222,1985-01-15,3.603271245956421,3.6160486085961394,3.475495864828732,0.0,261000
1223,1985-01-16,3.552161693572998,3.616049100370295,3.53938374428534,0.0,69600
1224,1985-01-17,3.641606092453003,3.6799387881630343,3.5393853755894127,0.0,138000
1225,1985-01-18,3.679938793182373,3.7054941186607566,3.654383467703989,0.0,78600
1226,1985-01-21,3.8204896450042725,3.8460443684423433,3.7054916348025735,0.0,533400
1227,1985-01-22,3.8843777179718018,3.897155666836105,3.7949350004728215,0.0,272400
1228,1985-01-23,3.8716015815734863,3.8971569024946047,3.846046260652368,0.0,208200
1229,1985-01-24,3.8460440635681152,3.8588220091843755,3.8460440635681152,0.0,133800
1230,1985-01-25,3.8460440635681152,3.8715993698905553,3.8460440635681152,0.0,100200
1231,1985-01-28,3.85882306098938,3.8588230609893794,3.8077124344132027,0.0,40200
1232,1985-01-29,3.85882306098938,3.8588230609893794,3.8077124344132027,0.0,37200
1233,1985-01-30,3.7821576595306396,3.871600377573819,3.756602346556775,0.0,98400
1234,1985-01-31,3.7310476303100586,3.794935630507567,3.705492898159316,0.0,100200
1235,1985-02-01,3.7693822383880615,3.7693822383880615,3.7054947904749485,0.0,75000
1236,1985-02-04,3.807710647583008,3.8077106475830083,3.7566006299012784,0.0,127800
1237,1985-02-05,3.85882306098938,3.871600425178304,3.8332677477012913,0.0,206400
1238,1985-02-06,3.8843777179718018,3.90993303079018,3.8332676772452743,0.0,237600
1239,1985-02-07,3.8971567153930664,3.9227114501768936,3.8843787630907665,0.0,229200
1240,1985-02-08,3.9738223552703857,3.973822355270386,3.8716016545690484,0.0,247800
1241,1985-02-11,3.986598491668701,3.9993758559667882,3.9610431781622815,0.0,142200
1242,1985-02-12,3.9993770122528076,3.999377012252808,3.9354895873812157,0.0,120600
1243,1985-02-13,4.024933338165283,4.024933338165283,3.986600639706566,0.0,86400
1244,1985-02-14,4.0377092361450195,4.0377092361450195,3.999376551672407,0.0,49800
1245,1985-02-15,3.9993770122528076,4.050487654042579,3.999377012252808,0.0,72600
1246,1985-02-19,3.986598491668701,3.9993758559667882,3.986598491668701,0.0,64200
1247,1985-02-20,3.807710647583008,3.9482639273452214,3.8077106475830083,0.0,100200
1248,1985-02-21,3.7821576595306396,3.8332677005681375,3.7821576595306396,0.0,75600
1249,1985-02-22,3.7693822383880615,3.80771494110018,3.7310495356759437,0.0,80400
1250,1985-02-25,3.7693822383880615,3.794937568499682,3.7438274931870663,0.0,88200
1251,1985-02-26,3.85882306098938,3.871600425178304,3.7566023927472654,0.0,60000
1252,1985-02-27,3.8716015815734863,3.884378949578838,3.807713571725898,0.0,84000
1253,1985-02-28,4.076041221618652,4.076041221618652,3.973821137161607,0.0,139200
1254,1985-03-01,4.0377092361450195,4.1015972385694885,4.024931869624264,0.0,249600
1255,1985-03-04,4.0888190269470215,4.114373754706727,4.063263714277091,0.0,257400
1256,1985-03-05,4.0632643699646,4.101597052700115,4.0632643699646,0.0,120600
1257,1985-03-06,4.0377092361450195,4.050487187576121,3.999376551672407,0.0,114000
1258,1985-03-07,4.0632643699646,4.0760417359063315,4.037709053170817,0.0,361800
1259,1985-03-08,4.050486087799072,4.063263450850552,4.050486087799072,0.0,25800
1260,1985-03-11,4.050486087799072,4.076040813902032,4.050486087799072,0.0,54000
1261,1985-03-12,4.0377092361450195,4.063264554096876,4.024931869624264,0.0,96600
1262,1985-03-13,3.8332679271698,4.037708688315433,3.8332679271698,0.0,217200
1263,1985-03-14,3.7182700634002686,3.76938010985148,3.6927147477195157,0.0,46800
1264,1985-03-15,3.7182700634002686,3.7182700634002686,3.6671600169490572,0.0,120600
1265,1985-03-18,3.6543819904327393,3.718269985846939,3.6543819904327397,0.0,113400
1266,1985-03-19,3.756603240966797,3.756603240966797,3.654382549643835,0.0,102600
1267,1985-03-20,3.7182700634002686,3.756602744466251,3.6927147477195157,0.0,124200
1268,1985-03-21,3.7182700634002686,3.7182700634002686,3.6927147477195157,0.0,35400
1269,1985-03-22,3.807710647583008,3.8332659488788554,3.71826797041249,0.0,309600
1270,1985-03-25,3.7693822383880615,3.80771494110018,3.7693822383880615,0.0,205800
1271,1985-03-26,3.7693822383880615,3.782160195899184,3.756604865787564,0.0,5400
1272,1985-03-27,3.8332679271698,3.8332679271698,3.7566025686264037,0.0,60600
1273,1985-03-28,3.8204896450042725,3.833267006723308,3.794934336656075,0.0,51600
1274,1985-03-29,3.679938793182373,3.7566041847070055,3.6671614228984404,0.0,158400
1275,1985-04-01,3.6288273334503174,3.6288273334503174,3.577716702123076,0.0,87600
1276,1985-04-02,3.6543819904327393,3.705492620728212,3.6543819904327397,0.0,190800
1277,1985-04-03,3.590496301651001,3.6671616989466767,3.57771834549468,0.0,101400
1278,1985-04-04,3.6160495281219482,3.628827478921143,3.590494796344195,0.0,18600
1279,1985-04-08,3.590496301651001,3.6032736728967594,3.590496301651001,0.0,22800
1280,1985-04-09,3.590496301651001,3.6032736728967594,3.57771834549468,0.0,60000
1281,1985-04-10,3.590496301651001,3.590496301651001,3.57771834549468,0.0,33600
1282,1985-04-11,3.5010526180267334,3.6032733330844033,3.5010526180267334,0.0,111000
1283,1985-04-12,3.488274097442627,3.513829414005718,3.4499414150531473,0.0,40800
1284,1985-04-15,3.526606559753418,3.539383924782432,3.4882738797560986,0.0,49800
1285,1985-04-16,3.488274097442627,3.501051463269015,3.4754967316162384,0.0,68400
1286,1985-04-17,3.462718963623047,3.475496915034101,3.4243862792105766,0.0,58200
1287,1985-04-18,3.4243857860565186,3.4627184649486074,3.4243857860565186,0.0,118200
1288,1985-04-19,3.4243857860565186,3.437163735627389,3.4243857860565186,0.0,18600
1289,1985-04-22,3.4243857860565186,3.437163735627389,3.4116084213959095,0.0,36600
1290,1985-04-23,3.5138299465179443,3.513829946517944,3.424386617447367,0.0,33000
1291,1985-04-24,3.6543819904327393,3.6543819904327397,3.4882739042481594,0.0,57600
1292,1985-04-25,3.5777170658111572,3.6543824356850414,3.577717065811157,0.0,66600
1293,1985-04-26,3.526606559753418,3.5521618747217243,3.5138291947244045,0.0,84000
1294,1985-04-29,3.5777170658111572,3.577717065811157,3.526607014198685,0.0,107400
1295,1985-04-30,3.4499425888061523,3.552163304926135,3.3988325232014174,0.0,88800
1296,1985-05-01,3.347720146179199,3.449940809581309,3.322165419011331,0.0,80400
1297,1985-05-02,3.309386968612671,3.3349422768150108,3.309386968612671,0.0,69000
1298,1985-05-03,3.309386968612671,3.3349422768150108,3.309386968612671,0.0,14400
1299,1985-05-06,3.309386968612671,3.3221649151689028,3.309386968612671,0.0,30000
1300,1985-05-07,3.3221662044525146,3.322166204452514,3.2710555682125517,0.0,258000
1301,1985-05-08,3.168835163116455,3.2966105717006453,3.168835163116455,0.0,37200
1302,1985-05-09,3.347720146179199,3.3477201461791997,3.1432794042851926,0.0,60000
1303,1985-05-10,3.5138299465179443,3.5777173702421807,3.3477212410499604,0.0,128400
1304,1985-05-13,3.475496768951416,3.526606817716328,3.449941452113799,0.0,88800
1305,1985-05-14,3.437164545059204,3.5010519683176193,3.437164545059204,0.0,13200
1306,1985-05-15,3.3860533237457275,3.4116086396117957,3.3604985927899587,0.0,69000
1307,1985-05-16,3.3732755184173584,3.4116081947630104,3.3732755184173584,0.0,18600
1308,1985-05-17,3.3988327980041504,3.3988327980041504,3.3477221433564983,0.0,117000
1309,1985-05-20,3.5393872261047363,3.5777199418564516,3.4371670407073793,0.0,123000
1310,1985-05-21,3.552161693572998,3.552161693572998,3.501051066242862,0.0,22200
1311,1985-05-22,3.4243857860565186,3.526606458072176,3.4243857860565186,0.0,77400
1312,1985-05-23,3.411607027053833,3.4243843864922665,3.4116070270538326,0.0,35400
1313,1985-05-24,3.411607027053833,3.4116070270538326,3.4116070270538326,3.4116070270538326,0
1314,1985-05-28,3.4243857860565186,3.4243857860565186,3.4116084213959095,0.0,115200
1315,1985-05-29,3.475496768951416,3.475496768951416,3.4371640861501516,0.0,22200
1316,1985-05-30,3.4243857860565186,3.501051143840696,3.4243857860565186,0.0,57000
1317,1985-05-31,3.4243857860565186,3.437163735627389,3.4243857860565186,0.0,88200
1318,1985-06-03,3.4243857860565186,3.4499411002879983,3.4243857860565186,0.0,22800
1319,1985-06-04,3.475496768951416,3.475496768951416,3.449941452113799,0.0,6600
1320,1985-06-05,3.462718963623047,3.5010516480355176,3.4627189636230473,0.0,33000
1321,1985-06-06,3.411607027053833,3.4754949940660467,3.4116070270538326,0.0,73200
1322,1985-06-07,3.2710533142089844,3.398829231851253,3.2710533142089844,0.0,116400
1323,1985-06-10,3.245500087738037,3.2710548150637826,3.2199447755020754,0.0,59400
1324,1985-06-11,3.3349430561065674,3.3604983702805358,3.2455003338630677,0.0,63000
1325,1985-06-12,3.2582786083221436,3.3221666191417385,3.232723287012221,0.0,58200
1326,1985-06-13,3.2199442386627197,3.2582769081706093,3.2071668771301294,0.0,156600
1327,1985-06-14,3.2199442386627197,3.2199442386627197,3.092168868606461,0.0,255000
1328,1985-06-17,3.232722759246826,3.2582780763846584,3.2327227592468266,0.0,27600
1329,1985-06-18,3.3221662044525146,3.322166204452514,3.258278201607736,0.0,227400
1330,1985-06-19,3.2966067790985107,3.3477167667503194,3.2966067790985107,0.0,17400
1331,1985-06-20,3.2582786083221436,3.2838339296320664,3.2582786083221436,0.0,69000
1332,1985-06-21,3.232722759246826,3.2838333935224906,3.2327227592468266,0.0,23400
1333,1985-06-24,3.2582786083221436,3.2582786083221436,3.2199459188124715,0.0,52800
1334,1985-06-25,3.194387674331665,3.2710529831949042,3.194387674331665,0.0,101400
1335,1985-06-26,3.3221662044525146,3.33494357105733,3.1688354655533266,0.0,45000
1336,1985-06-27,3.2710533142089844,3.3093859725196757,3.2327206558982935,0.0,53400
1337,1985-06-28,3.245500087738037,3.2710548150637826,3.207167411839203,0.0,220800
1338,1985-07-01,3.552161693572998,3.552161693572998,3.2199449555681103,0.0,225600
1339,1985-07-02,3.4499425888061523,3.552163304926135,3.449942588806152,0.0,156600
1340,1985-07-03,3.3988327980041504,3.5010529374783315,3.3988327980041504,0.0,97200
1341,1985-07-05,3.3604979515075684,3.4116079885760993,3.3604979515075684,0.0,35400
1342,1985-07-08,3.3349430561065674,3.386053099544244,3.3349430561065674,0.0,43800
1343,1985-07-09,3.347720146179199,3.4243854975032284,3.3477201461791997,0.0,55200
1344,1985-07-10,3.475496768951416,3.5010515008787113,3.3732760865112703,0.0,173400
1345,1985-07-11,3.488274097442627,3.501051463269015,3.4754967316162384,0.0,9600
1346,1985-07-12,3.5010526180267334,3.5010526180267334,3.488275247985965,0.0,201000
1347,1985-07-15,3.4499425888061523,3.4882752842373317,3.4371652186325967,0.0,15600
1348,1985-07-16,3.526606559753418,3.526606559753418,3.4499411997587788,0.0,96600
1349,1985-07-17,3.5777170658111572,3.60327238407257,3.526607014198685,0.0,212400
1350,1985-07-18,3.5393872261047363,3.564942564909488,3.5393872261047368,0.0,47400
1351,1985-07-19,3.4499425888061523,3.513830609494956,3.3221671323390582,0.0,421200
1352,1985-07-22,3.4243857860565186,3.4499411002879983,3.3732757425038207,0.0,396600
1353,1985-07-23,3.5393872261047363,3.6032752806612027,3.449944417654343,0.0,481200
1354,1985-07-24,3.552161693572998,3.5777164223278173,3.5138290155305207,0.0,375600
1355,1985-07-25,3.5649406909942627,3.5904960163658273,3.5521633207637384,0.0,27600
1356,1985-07-26,3.5777170658111572,3.577717065811157,3.5649396991356275,0.0,54000
1357,1985-07-29,3.6288273334503174,3.6416046988269803,3.5649393367464124,0.0,91200
1358,1985-07-30,3.5777170658111572,3.616049750748099,3.577717065811157,0.0,105000
1359,1985-07-31,3.667160749435425,3.6671607494354252,3.6288280607127916,0.0,18600
1360,1985-08-01,3.667160749435425,3.6671607494354252,3.6416054286501987,0.0,8400
1361,1985-08-02,3.679938793182373,3.679938793182373,3.6416060974200564,0.0,141000
1362,1985-08-05,3.6288273334503174,3.6799373798672645,3.61604938316336,0.0,18600
1363,1985-08-06,3.590496301651001,3.6543837427903556,3.590496301651001,0.0,61800
1364,1985-08-07,3.552161693572998,3.5777164223278173,3.52660637990793,0.0,16200
1365,1985-08-08,3.5649406909942627,3.6032733865963515,3.5521633207637384,0.0,25200
1366,1985-08-09,3.5649406909942627,3.5649406909942627,3.5521633207637384,0.0,26400
1367,1985-08-12,3.5393872261047363,3.5521651879625242,3.5393872261047368,0.0,30600
1368,1985-08-13,3.488274097442627,3.526606779832106,3.4882740974426265,0.0,85200
1369,1985-08-14,3.5010526180267334,3.5010526180267334,3.4754978779451964,0.0,6600
1370,1985-08-15,3.5010526180267334,3.5266079430187776,3.5010526180267334,0.0,21600
1371,1985-08-16,3.488274097442627,3.501051463269015,3.4754967316162384,0.0,12600
1372,1985-08-19,3.5138299465179443,3.513829946517944,3.4882746260820072,0.0,4200
1373,1985-08-20,3.5010526180267334,3.539385313059546,3.5010526180267334,0.0,3000
1374,1985-08-21,3.462718963623047,3.5266069659472796,3.449941597122339,0.0,43800
1375,1985-08-22,3.4243857860565186,3.475496414519478,3.4243857860565186,0.0,18000
1376,1985-08-23,3.411607027053833,3.4243843864922665,3.4116070270538326,0.0,12600
1377,1985-08-26,3.552161693572998,3.552161693572998,3.4116083457804978,0.0,63000
1378,1985-08-27,3.475496768951416,3.5138294517526805,3.475496768951416,0.0,28200
1379,1985-08-28,3.462718963623047,3.475496915034101,3.437164230621631,0.0,46200
1380,1985-08-29,3.4499425888061523,3.449942588806152,3.4243872635485277,0.0,6600
1381,1985-08-30,3.3732755184173584,3.4116081947630104,3.360498154605549,0.0,45000
1382,1985-09-03,3.3349430561065674,3.37327573491239,3.3349430561065674,0.0,304800
1383,1985-09-04,3.3349430561065674,3.3349430561065674,3.3349430561065674,0.0,19200
1384,1985-09-05,3.3349430561065674,3.3349430561065674,3.322165691474713,0.0,66600
1385,1985-09-06,3.3349430561065674,3.3604983702805358,3.3349430561065674,0.0,66000
1386,1985-09-09,3.3988327980041504,3.3988327980041504,3.334944772149866,0.0,24000
1387,1985-09-10,3.347720146179199,3.4243854975032284,3.3477201461791997,0.0,16800
1388,1985-09-11,3.3221662044525146,3.360498889177311,3.322166204452514,0.0,34800
1389,1985-09-12,3.3221662044525146,3.33494357105733,3.322166204452514,0.0,45000
1390,1985-09-13,3.2966067790985107,3.322162065379226,3.2966067790985107,0.0,59400
1391,1985-09-16,3.3221662044525146,3.33494357105733,3.296610886332533,0.0,106800
1392,1985-09-17,3.347720146179199,3.360498094673346,3.322165419011331,0.0,40200
1393,1985-09-18,3.3349430561065674,3.3349430561065674,3.2966103773007447,0.0,43800
1394,1985-09-19,3.5138299465179443,3.616050058440884,3.373276561485897,0.0,190800
1395,1985-09-20,3.3604979515075684,3.46271802564463,3.3604979515075684,0.0,79200
1396,1985-09-23,3.3604979515075684,3.4116079885760993,3.3604979515075684,0.0,19200
1397,1985-09-24,3.3349430561065674,3.37327573491239,3.3349430561065674,0.0,47400
1398,1985-09-25,3.2966067790985107,3.3093841297840574,3.271051492817796,0.0,26400
1399,1985-09-26,3.2966067790985107,3.322162065379226,3.271051492817796,0.0,103200
1400,1985-09-30,3.2966067790985107,3.3093841297840574,3.2454967914467026,0.0,45000
1401,1985-10-01,3.2966067790985107,3.2966067790985107,3.2966067790985107,0.0,13800
1402,1985-10-02,3.245500087738037,3.2710548150637826,3.245500087738037,0.0,10800
1403,1985-10-03,3.156057357788086,3.2199453574698973,3.1305026258436186,0.0,50400
1404,1985-10-04,3.066614866256714,3.1943902907139545,3.066614866256714,0.0,109200
1405,1985-10-07,2.989949941635132,3.0155052643115665,2.964394618958697,0.0,41400
1406,1985-10-08,2.9771716594696045,3.0027263893963694,2.9643937095959467,0.0,51000
1407,1985-10-09,3.0410592555999756,3.041059255599976,3.002726573449933,0.0,57000
1408,1985-10-10,3.0410592555999756,3.041059255599976,3.0155045241068215,0.0,39600
1409,1985-10-11,3.0538370609283447,3.0538370609283447,3.015504380602509,0.0,30600
1410,1985-10-14,3.0282821655273438,3.0282821655273438,3.0282821655273438,0.0,600
1411,1985-10-15,3.066614866256714,3.066614866256714,3.015504813455891,0.0,33000
1412,1985-10-16,3.1305017471313477,3.1688344191986286,3.04105845570092,0.0,42000
1413,1985-10-17,3.0155041217803955,3.1943895580069537,3.0155041217803955,0.0,256200
1414,1985-10-18,3.0410592555999756,3.041059255599976,3.041059255599976,0.0,24000
1415,1985-10-21,3.0282821655273438,3.0282821655273438,3.0282821655273438,0.0,1200
1416,1985-10-22,2.9771716594696045,3.0027263893963694,2.9388389796691814,0.0,124800
1417,1985-10-23,2.964393138885498,3.002725811306044,2.964393138885498,0.0,218400
1418,1985-10-24,2.964393138885498,2.977171086299122,2.964393138885498,0.0,88200
1419,1985-10-25,2.9388363361358643,2.938836336135864,2.9260583977561794,0.0,90600
1420,1985-10-28,2.8366198539733887,2.913285255432129,2.8110645251836104,0.0,165600
1421,1985-10-29,2.8493950366973877,2.887727707975425,2.8366176745747573,0.0,115200
1422,1985-10-30,2.8877296447753906,2.989950365046298,2.8493969477876178,0.0,91200
1423,1985-10-31,2.8493950366973877,2.8749503458527945,2.8493950366973877,0.0,92400
1424,1985-11-01,2.8877296447753906,2.90050760037834,2.874952274082979,0.0,17400
1425,1985-11-04,2.8749501705169678,2.88772753186034,2.8749501705169678,0.0,70800
1426,1985-11-05,2.8493950366973877,2.900505655008201,2.8493950366973877,0.0,26400
1427,1985-11-06,2.8621745109558105,2.8877292488368065,2.8493965571048556,0.0,22200
1428,1985-11-07,2.8621745109558105,2.8877292488368065,2.8621745109558105,0.0,24000
1429,1985-11-08,2.9005072116851807,2.900507211685181,2.8621745198343214,0.0,19800
1430,1985-11-11,2.964393138885498,2.964393138885498,2.8749504315409453,0.0,58800
1431,1985-11-12,3.0410592555999756,3.0666145720034415,2.9260612091498466,0.0,67200
1432,1985-11-13,3.0410592555999756,3.041059255599976,2.9899492077033556,0.0,28200
1433,1985-11-14,3.0538370609283447,3.0538370609283447,2.964393750227872,0.0,67800
1434,1985-11-15,3.143277645111084,3.143277645111084,3.0538349802608113,0.0,22200
1435,1985-11-18,3.156057357788086,3.156057357788086,3.1305026258436186,0.0,25800
1436,1985-11-19,3.194387674331665,3.194387674331665,3.1560550199000454,0.0,20400
1437,1985-11-20,3.168835163116455,3.2071678441827416,3.168835163116455,0.0,30600
1438,1985-11-21,3.156057357788086,3.1943900406151085,3.1305026258436186,0.0,108000
1439,1985-11-22,3.0921692848205566,3.1560566859930383,3.0666139734054454,0.0,81600
1440,1985-11-25,3.066614866256714,3.066614866256714,3.015504813455891,0.0,123600
1441,1985-11-26,3.0282821655273438,3.0921701698967765,3.0282821655273438,0.0,255000
1442,1985-11-27,2.964393138885498,3.015503758719668,2.887727794044406,0.0,99000
1443,1985-11-29,2.964393138885498,3.002725811306044,2.926060466464952,0.0,62400
1444,1985-12-02,2.9388363361358643,2.989946334925355,2.938836336135864,0.0,35400
1445,1985-12-03,2.964393138885498,2.964393138885498,2.938838413878576,0.0,49200
1446,1985-12-04,3.0155041217803955,3.0155041217803955,2.9643934957926077,0.0,42000
1447,1985-12-05,3.104947566986084,3.1177249340200186,3.015504827927802,0.0,163200
1448,1985-12-06,3.1305017471313477,3.1432791095170556,3.0921690750640662,0.0,77400
1449,1985-12-09,3.104947566986084,3.1688355719764973,3.0921701999521494,0.0,144600
1450,1985-12-10,3.0155041217803955,3.0921694758518443,3.0155041217803955,0.0,163200
1451,1985-12-11,3.066614866256714,3.0793922332293278,3.041059547401119,0.0,78600
1452,1985-12-12,3.066614866256714,3.092170185112309,3.066614866256714,0.0,60600
1453,1985-12-13,3.0538370609283447,3.0921697412541804,3.0538370609283447,0.0,82200
1454,1985-12-16,3.0793936252593994,3.1177263284157846,3.0282835493544296,0.0,364800
1455,1985-12-17,3.168835163116455,3.168835163116455,3.066614485302926,0.0,300600
1456,1985-12-18,3.2966067790985107,3.3477167667503194,3.2454967914467026,0.0,88200
1457,1985-12-19,3.2582786083221436,3.3349439873414886,3.2582786083221436,0.0,50400
1458,1985-12-20,3.3604979515075684,3.3604979515075684,3.2710546554999054,0.0,228600
1459,1985-12-23,3.309386968612671,3.360497585017351,3.2966096069665625,0.0,68400
1460,1985-12-24,3.2838337421417236,3.283833742141724,3.2327231024400382,0.0,31200
1461,1985-12-26,3.309386968612671,3.3349422768150108,3.283832245320454,0.0,202800
1462,1985-12-27,3.3604979515075684,3.3604979515075684,3.3349426405182094,0.0,24600
1463,1985-12-30,3.3604979515075684,3.38605267758674,3.3349426405182094,0.0,54600
1464,1985-12-31,3.232722759246826,3.347720809001579,3.219945393133074,0.0,61200
1465,1986-01-02,3.2199442386627197,3.23272160019531,3.194388930687421,0.0,13800
1466,1986-01-03,3.232722759246826,3.2327227592468266,3.1943900759952424,0.0,42000
1467,1986-01-06,3.156057357788086,3.2199453574698973,3.156057357788086,0.0,18000
1468,1986-01-07,3.2966067790985107,3.2966067790985107,3.168831517514179,0.0,68400
1469,1986-01-08,3.2199442386627197,3.424384947734758,3.2199442386627197,0.0,91800
1470,1986-01-09,3.2199442386627197,3.2199442386627197,3.1688342076222398,0.0,42000
1471,1986-01-10,3.143277645111084,3.2199429535284274,3.143277645111084,0.0,50400
1472,1986-01-13,3.168835163116455,3.2071678441827416,3.168835163116455,0.0,45600
1473,1986-01-14,3.194387674331665,3.194387674331665,3.117722365468426,0.0,22200
1474,1986-01-15,3.1305017471313477,3.258277125718899,3.1305017471313477,0.0,20400
1475,1986-01-16,3.168835163116455,3.168835163116455,3.1049471663692123,0.0,69600
1476,1986-01-17,3.156057357788086,3.2199453574698973,3.156057357788086,0.0,108000
1477,1986-01-20,3.1816132068634033,3.1816132068634033,3.092170460275134,0.0,69000
1478,1986-01-21,3.117724895477295,3.156057581015583,3.092170161725345,0.0,19800
1479,1986-01-22,3.117724895477295,3.156057581015583,3.117724895477295,0.0,12600
1480,1986-01-23,3.1305017471313477,3.1305017471313477,3.104946437449774,0.0,15600
1481,1986-01-24,3.194387674331665,3.194387674331665,3.1560550199000454,0.0,28800
1482,1986-01-27,3.143277645111084,3.1943876557526845,3.143277645111084,0.0,8400
1483,1986-01-28,3.232722759246826,3.2327227592468266,3.1432800266299057,0.0,172200
1484,1986-01-29,3.143277645111084,3.24549825130417,3.143277645111084,0.0,39000
1485,1986-01-30,3.168835163116455,3.1816125285017858,3.168835163116455,0.0,12000
1486,1986-01-31,3.309386968612671,3.3349422768150108,3.258276937118114,0.0,269400
1487,1986-02-03,3.2710533142089844,3.3860512891410575,3.245498598608489,0.0,175800
1488,1986-02-04,3.2582786083221436,3.2710559765218936,3.2199459188124715,0.0,110400
1489,1986-02-05,3.2838337421417236,3.283833742141724,3.2327231024400382,0.0,46800
1490,1986-02-06,3.2710533142089844,3.296608614719428,3.2710533142089844,0.0,45600
1491,1986-02-07,3.475496768951416,3.475496768951416,3.2455006721438293,0.0,131400
1492,1986-02-10,3.437164545059204,3.4882746006480163,3.437164545059204,0.0,45600
1493,1986-02-11,3.475496768951416,3.4882741349150637,3.449941452113799,0.0,43200
1494,1986-02-12,3.5649406909942627,3.5649406909942627,3.449942604187996,0.0,159600
1495,1986-02-13,3.5393872261047363,3.564942564909488,3.526609849157773,0.0,67800
1496,1986-02-14,3.526606559753418,3.526606559753418,3.4754965147270847,0.0,145800
1497,1986-02-18,3.5777170658111572,3.577717065811157,3.488274329261743,0.0,97800
1498,1986-02-19,3.488274097442627,3.552162096395197,3.4882740974426265,0.0,56400
1499,1986-02-20,3.526606559753418,3.564939239750738,3.5138291947244045,0.0,25200
1500,1986-02-21,3.5138299465179443,3.5521626347166473,3.501051993844774,0.0,38400
1501,1986-02-24,3.5010526180267334,3.5138305729780095,3.4754978779451964,0.0,147000
1502,1986-02-25,3.552161693572998,3.5777164223278173,3.4116083457804978,0.0,237000
1503,1986-02-26,3.641606092453003,3.705494113606562,3.6032733967429715,0.0,278400
1504,1986-02-27,3.807710647583008,3.8843759665605853,3.6288252932419716,0.0,453000
1505,1986-02-28,3.807710647583008,3.858821250174703,3.782155931197126,0.0,248400
1506,1986-03-03,3.7310476303100586,3.8588236307050763,3.705492898159316,0.0,169200
1507,1986-03-04,3.692713499069214,3.7054914450440166,3.616048162860787,0.0,49800
1508,1986-03-05,3.603271245956421,3.66715922897535,3.5777159357668156,0.0,153600
1509,1986-03-06,3.7054922580718994,3.718269621940107,3.6288269050422066,0.0,205800
1510,1986-03-07,3.641606092453003,3.705494113606562,3.616050767009476,0.0,87600
1511,1986-03-10,4.101597309112549,4.127152627503929,3.628827720789321,0.0,582000
1512,1986-03-11,4.229374408721924,4.229374408721924,4.10159893590686,0.0,634200
1513,1986-03-12,4.139930725097656,4.203818739899563,4.139930725097656,0.0,320400
1514,1986-03-13,4.101597309112549,4.127152627503929,4.050487257240144,0.0,264000
1515,1986-03-14,4.139930725097656,4.216596108895761,4.101598033198604,0.0,145800
1516,1986-03-17,4.127153396606445,4.165486088881705,4.114375442574382,0.0,65400
1517,1986-03-18,4.114375114440918,4.178263124774584,4.114375114440918,0.0,82200
1518,1986-03-19,4.165483474731445,4.29325884049029,4.139928167615636,0.0,435000
1519,1986-03-20,4.191041946411133,4.191041946411133,4.088821796317856,0.0,354600
1520,1986-03-21,4.114375114440918,4.191040492877149,4.088820378235787,0.0,193200
1521,1986-03-24,4.050486087799072,4.10159612491518,3.9354880656051883,0.0,244800
1522,1986-03-25,3.8843777179718018,4.024931061107538,3.8588229900636524,0.0,79800
1523,1986-03-26,3.85882306098938,3.9227104668442414,3.8588230609893794,0.0,70800
1524,1986-03-27,3.9099340438842773,3.9738220500289843,3.884378724444319,0.0,114600
1525,1986-03-31,3.85882306098938,3.9354884159434054,3.8588230609893794,0.0,126000
1526,1986-04-01,3.8971567153930664,3.90993408278498,3.871601395698853,0.0,27000
1527,1986-04-02,3.85882306098938,3.8971557384663926,3.8588230609893794,0.0,15600
1528,1986-04-03,3.8460440635681152,3.9099320369191743,3.833266702861936,0.0,73800
1529,1986-04-04,3.756603240966797,3.8460459803054063,3.756603240966797,0.0,134400
1530,1986-04-07,3.7310476303100586,3.782158264432196,3.7310476303100586,0.0,55200
1531,1986-04-08,3.7693822383880615,3.7693822383880615,3.718272163075446,0.0,27600
1532,1986-04-09,3.7182700634002686,3.7949354255322327,3.628827335883075,0.0,150000
1533,1986-04-10,3.7438242435455322,3.769378966565014,3.7310462971256744,0.0,112800
1534,1986-04-11,3.7310476303100586,3.7566029473711273,3.7310476303100586,0.0,72000
1535,1986-04-14,3.7821576595306396,3.7821576595306396,3.7438249825249583,0.0,116400
1536,1986-04-15,3.7821576595306396,3.794935023562456,3.7310470335829096,0.0,130200
1537,1986-04-16,3.7949373722076416,3.7949373722076416,3.7693820434178633,0.0,9000
1538,1986-04-17,4.0377092361450195,4.050487187576121,3.794935762788592,0.0,133200
1539,1986-04-18,4.024933338165283,4.0760434078067185,4.012155966982564,0.0,152400
1540,1986-04-21,3.948267698287964,3.9993777647843,3.9227123725845336,0.0,22800
1541,1986-04-22,3.9099340438842773,3.9482667305890256,3.909934043884278,0.0,16200
1542,1986-04-23,3.85882306098938,3.871600425178304,3.8332677477012913,0.0,23400
1543,1986-04-24,4.5488128662109375,4.57436760363716,4.446592161774703,0.0,1049400
1544,1986-04-25,4.45936918258667,4.497701870645897,4.395481759094891,0.0,504600
1545,1986-04-28,4.421034336090088,4.472144951822768,4.357146943789412,0.0,417600
1546,1986-04-29,4.408258438110352,4.421035803830423,4.408258438110352,0.0,99000
1547,1986-04-30,4.408258438110352,4.433813754460805,4.408258438110352,0.0,121800
1548,1986-05-01,4.45936918258667,4.472147135213346,4.421036494527442,0.0,155400
1549,1986-05-02,4.446592330932617,4.472147654241467,4.446592330932617,0.0,168000
1550,1986-05-05,4.382699966430664,4.4210326209035555,4.357145253388662,0.0,307800
1551,1986-05-06,4.357148170471191,4.369925535546556,4.357148170471191,0.0,297600
1552,1986-05-07,4.331595420837402,4.331595420837402,4.254930015158864,0.0,164400
1553,1986-05-08,4.318817615509033,4.344372358234565,4.306039659235699,0.0,126600
1554,1986-05-09,4.152705192565918,4.293258492960228,3.9865971720344975,0.0,1084800
1555,1986-05-12,4.191041946411133,4.229374648923767,4.1527092438984985,0.0,543000
1556,1986-05-13,4.178263187408447,4.191040555702551,4.165485819114344,0.0,60000
1557,1986-05-14,4.242149353027344,4.242149353027344,4.178261369532327,0.0,220200
1558,1986-05-15,4.191041946411133,4.229374648923767,4.191041946411133,0.0,319200
1559,1986-05-16,4.152705192565918,4.191037857681634,4.152705192565918,0.0,447000
1560,1986-05-19,4.152705192565918,4.165483137544524,4.1271504724288075,0.0,198000
1561,1986-05-20,4.178263187408447,4.178263187408447,4.152707865909813,0.0,61200
1562,1986-05-21,4.0888190269470215,4.178261743926442,4.0888190269470215,0.0,241200
1563,1986-05-22,4.139930725097656,4.139930725097656,4.088820664202406,0.0,60000
1564,1986-05-23,4.152705192565918,4.191037857681634,4.139927832497363,0.0,158400
1565,1986-05-27,4.139930725097656,4.165486048000511,4.139930725097656,0.0,33600
1566,1986-05-28,4.152705192565918,4.165483137544524,4.114372527450201,0.0,128400
1567,1986-05-29,4.0632643699646,4.13992973543563,4.0632643699646,0.0,128400
1568,1986-05-30,3.9993770122528076,4.0121549651554576,3.973822276268337,0.0,58800
1569,1986-06-02,3.9099340438842773,4.05048742343848,3.909934043884278,0.0,171000
1570,1986-06-03,3.961045503616333,3.961045503616333,3.8971580597085556,0.0,196200
1571,1986-06-04,3.986598491668701,4.0249311694732075,3.986598491668701,0.0,58800
1572,1986-06-05,4.012153148651123,4.012153148651123,3.9227098584697258,0.0,34200
1573,1986-06-06,3.986598491668701,4.037708533771295,3.9482658138641944,0.0,37800
1574,1986-06-09,3.986598491668701,4.063263847277715,3.9738211273706137,0.0,87000
1575,1986-06-10,4.024933338165283,4.063266036623999,3.961045312430568,0.0,201000
1576,1986-06-11,4.012153148651123,4.0377078730656795,3.999375201533695,0.0,24000
1577,1986-06-12,3.9993770122528076,4.024932333147693,3.999377012252808,0.0,15600
1578,1986-06-13,4.0632643699646,4.0632643699646,4.024931687229085,0.0,9000
1579,1986-06-16,4.050486087799072,4.050486087799072,4.050486087799072,0.0,3600
1580,1986-06-17,4.050486087799072,4.076040813902032,4.050486087799072,0.0,33000
1581,1986-06-18,3.986598491668701,4.0249311694732075,3.9610431781622815,0.0,53400
1582,1986-06-19,3.9099340438842773,3.9610440978538146,3.909934043884278,0.0,50400
1583,1986-06-20,3.8332679271698,3.948265964984894,3.8204905623826564,0.0,82200
1584,1986-06-23,3.8716015815734863,3.884378949578838,3.846046260652368,0.0,15000
1585,1986-06-24,3.8843777179718018,3.9227103947442545,3.871600354017727,0.0,42000
1586,1986-06-25,3.85882306098938,3.8588230609893794,3.8588230609893794,0.0,8400
1587,1986-06-26,3.8460440635681152,3.8588220091843755,3.833266702861936,0.0,12000
1588,1986-06-27,3.7821576595306396,3.8588230135420027,3.769379710588591,0.0,302400
1589,1986-06-30,3.7182700634002686,3.7821580601470037,3.7054926980150396,0.0,162000
1590,1986-07-01,3.679938793182373,3.7566041847070055,3.654383467703989,0.0,88200
1591,1986-07-02,3.603271245956421,3.66715922897535,3.5010505901081683,0.0,184800
1592,1986-07-03,3.641606092453003,3.6543834627195073,3.6032733967429715,0.0,35400
1593,1986-07-07,3.5777170658111572,3.6543824356850414,3.577717065811157,0.0,111000
1594,1986-07-08,3.526606559753418,3.5521618747217243,3.526606559753418,0.0,43200
1595,1986-07-09,3.552161693572998,3.5777164223278173,3.52660637990793,0.0,48000
1596,1986-07-10,3.552161693572998,3.5777164223278173,3.501051066242862,0.0,27600
1597,1986-07-11,3.603271245956421,3.603271245956421,3.5777159357668156,0.0,14400
1598,1986-07-14,3.5777170658111572,3.6288277023339823,3.577717065811157,0.0,108600
1599,1986-07-15,3.5138299465179443,3.6032726906781174,3.513829946517944,0.0,52800
1600,1986-07-16,3.488274097442627,3.513829414005718,3.4882740974426265,0.0,79200
1601,1986-07-17,3.5010526180267334,3.5010526180267334,3.4754978779451964,0.0,6600
1602,1986-07-18,3.462718963623047,3.5010516480355176,3.449941597122339,0.0,148800
1603,1986-07-21,3.3732755184173584,3.4499408711086623,3.3732755184173584,0.0,52200
1604,1986-07-22,3.3221662044525146,3.3732762557821268,3.2838335197277173,0.0,39600
1605,1986-07-23,3.194387674331665,3.3093856376265234,3.1688329613171775,0.0,156600
1606,1986-07-24,3.194387674331665,3.2327203287632846,3.194387674331665,0.0,132000
1607,1986-07-25,3.2199442386627197,3.2199442386627197,3.2071668771301294,0.0,5400
1608,1986-07-28,3.2199442386627197,3.2582769081706093,3.2199442386627197,0.0,30000
1609,1986-07-29,3.2966067790985107,3.2966067790985107,3.232718855851534,0.0,13200
1610,1986-07-30,3.143277645111084,3.24549825130417,3.117722347335341,0.0,84600
1611,1986-07-31,3.104947566986084,3.104947566986084,3.041059561995671,0.0,51000
1612,1986-08-01,3.066614866256714,3.130502870940518,3.041059547401119,0.0,63600
1613,1986-08-04,3.0410592555999756,3.1049472541534846,3.0155045241068215,0.0,25800
1614,1986-08-05,3.0282821655273438,3.0538374842571896,3.0282821655273438,0.0,13200
1615,1986-08-06,2.8621745109558105,2.9899499550921607,2.8621745109558105,0.0,132600
1616,1986-08-07,2.8493950366973877,2.8749503458527945,2.8110623654193505,0.0,174600
1617,1986-08-08,2.9005072116851807,2.9132845806653145,2.8621745198343214,0.0,116400
1618,1986-08-11,2.913283348083496,2.9260607116576516,2.913283348083496,0.0,136200
1619,1986-08-12,2.9516170024871826,2.9516170024871826,2.887728993610398,0.0,222000
1620,1986-08-13,2.989949941635132,2.989949941635132,2.9388398811927168,0.0,56400
1621,1986-08-14,3.066614866256714,3.066614866256714,2.964394175744701,0.0,109800
1622,1986-08-15,3.066614866256714,3.104947552084923,3.041059547401119,0.0,43800
1623,1986-08-18,3.066614866256714,3.1177249190575367,3.0538374992841,0.0,37200
1624,1986-08-19,3.066614866256714,3.066614866256714,2.964394175744701,0.0,85800
1625,1986-08-20,3.0155041217803955,3.028281485822226,2.9899488087865014,0.0,45000
1626,1986-08-21,2.9771716594696045,2.989949024432987,2.9771716594696045,0.0,14400
1627,1986-08-22,2.964393138885498,3.002725811306044,2.926060466464952,0.0,148200
1628,1986-08-25,2.913283348083496,2.964393387290329,2.913283348083496,0.0,44400
1629,1986-08-26,2.964393138885498,2.977171086299122,2.964393138885498,0.0,153000
1630,1986-08-27,2.964393138885498,3.002725811306044,2.938838413878576,0.0,38400
1631,1986-08-28,2.9771716594696045,3.015504339270027,2.9388389796691814,0.0,47400
1632,1986-08-29,3.0027287006378174,3.002728700637818,2.9771739510412116,0.0,18600
1633,1986-09-02,2.913283348083496,2.977171335774696,2.913283348083496,0.0,63000
1634,1986-09-03,2.9516170024871826,2.9516170024871826,2.9260616819543874,0.0,27600
1635,1986-09-04,3.0155041217803955,3.028281485822226,2.9643934957926077,0.0,219000
1636,1986-09-05,2.989949941635132,3.0282826331945563,2.989949941635132,0.0,94800
1637,1986-09-08,3.0410592555999756,3.041059255599976,2.938839159806735,0.0,90600
1638,1986-09-09,3.3732755184173584,3.3732755184173584,3.053836743840334,0.0,114600
1639,1986-09-10,3.143277645111084,3.424383581004715,3.143277645111084,0.0,121800
1640,1986-09-11,3.1816132068634033,3.1816132068634033,3.0155050817964977,0.0,105600
1641,1986-09-12,3.117724895477295,3.2710556376304463,2.989949471986456,0.0,172800
1642,1986-09-15,3.1816132068634033,3.2199458961027214,3.156057885733718,0.0,94200
1643,1986-09-16,3.245500087738037,3.245500087738037,3.1432794237044073,0.0,52200
1644,1986-09-17,3.2199442386627197,3.2710542697031997,3.194388930687421,0.0,106200
1645,1986-09-18,3.2710533142089844,3.3477186308303666,3.245498598608489,0.0,73800
1646,1986-09-19,3.194387674331665,3.2710529831949042,3.194387674331665,0.0,88800
1647,1986-09-22,3.143277645111084,3.207165597095498,3.143277645111084,0.0,36600
1648,1986-09-23,3.168835163116455,3.168835163116455,3.1049471663692123,0.0,40200
1649,1986-09-24,3.2071692943573,3.23272403668296,3.181613967121081,0.0,41400
1650,1986-09-25,3.117724895477295,3.1688355328019204,3.079392209939007,0.0,46800
1651,1986-09-26,3.0921692848205566,3.1177240113254703,3.0666139734054454,0.0,133800
1652,1986-09-29,3.0793936252593994,3.0793936252593994,3.0155061766058453,0.0,13800
1653,1986-09-30,3.0410592555999756,3.0666145720034415,3.041059255599976,0.0,32400
1654,1986-10-01,3.0410592555999756,3.1432799363035278,3.041059255599976,0.0,157800
1655,1986-10-02,3.104947566986084,3.1305028859643236,3.015504827927802,0.0,132600
1656,1986-10-03,3.0282821655273438,3.0921701698967765,3.0282821655273438,0.0,45600
1657,1986-10-06,3.0155041217803955,3.06661416285795,3.0155041217803955,0.0,76800
1658,1986-10-07,3.0410592555999756,3.041059255599976,3.0155045241068215,0.0,95400
1659,1986-10-08,2.989949941635132,3.0282826331945563,2.989949941635132,0.0,31800
1660,1986-10-09,3.0155041217803955,3.0155041217803955,2.9643934957926077,0.0,10200
1661,1986-10-10,2.989949941635132,3.0410600020775465,2.989949941635132,0.0,73200
1662,1986-10-13,2.989949941635132,2.989949941635132,2.989949941635132,0.0,1800
1663,1986-10-14,3.0155041217803955,3.028281485822226,3.0155041217803955,0.0,10800
1664,1986-10-15,2.989949941635132,3.0155052643115665,2.989949941635132,0.0,13800
1665,1986-10-16,3.0155041217803955,3.028281485822226,2.9899488087865014,0.0,44400
1666,1986-10-17,3.0155041217803955,3.028281485822226,2.9899488087865014,0.0,39000
1667,1986-10-20,3.0155041217803955,3.0155041217803955,3.0027261728283317,0.0,42000
1668,1986-10-21,2.964393138885498,3.028281121223129,2.964393138885498,0.0,178800
1669,1986-10-22,2.989949941635132,2.989949941635132,2.9388398811927168,0.0,87600
1670,1986-10-23,2.964393138885498,3.015503758719668,2.964393138885498,0.0,71400
1671,1986-10-24,3.0027287006378174,3.002728700637818,2.926063282026548,0.0,222600
1672,1986-10-27,3.0155041217803955,3.0155041217803955,2.9643934957926077,0.0,30000
1673,1986-10-28,2.964393138885498,2.989948448802583,2.938838413878576,0.0,53400
1674,1986-10-29,2.964393138885498,2.989948448802583,2.964393138885498,0.0,121200
1675,1986-10-30,3.0155041217803955,3.028281485822226,2.9643934957926077,0.0,25800
1676,1986-10-31,3.0155041217803955,3.028281485822226,3.0027261728283317,0.0,21000
1677,1986-11-03,3.0027287006378174,3.002728700637818,2.926063282026548,0.0,95400
1678,1986-11-04,2.964393138885498,2.989948448802583,2.964393138885498,0.0,48600
1679,1986-11-05,2.964393138885498,2.964393138885498,2.9132831039614913,0.0,70200
1680,1986-11-06,2.9260599613189697,2.9516152668242652,2.9260599613189697,0.0,18600
1681,1986-11-07,2.8621745109558105,2.9132845716282594,2.8621745109558105,0.0,144000
1682,1986-11-10,2.913283348083496,2.913283348083496,2.823840633243986,0.0,33600
1683,1986-11-11,3.0155041217803955,3.041058849864056,2.9260608187568833,0.0,48000
1684,1986-11-12,3.194387674331665,3.3221635790436554,3.028279700097943,0.0,219600
1685,1986-11-13,3.168835163116455,3.258277890634359,3.1560572128208295,0.0,211200
1686,1986-11-14,3.1816132068634033,3.2327232642123542,3.16883583875377,0.0,21600
1687,1986-11-17,3.143277645111084,3.207165597095498,3.143277645111084,0.0,82200
1688,1986-11-18,3.0793936252593994,3.168836989231386,3.0666162525108147,0.0,155400
1689,1986-11-19,3.0921692848205566,3.1049466480730135,3.0155039354854205,0.0,27000
1690,1986-11-20,3.245500087738037,3.245500087738037,3.0921693841427,0.0,79200
1691,1986-11-21,3.1816132068634033,3.2455012172324063,3.156057885733718,0.0,122400
1692,1986-11-24,3.117724895477295,3.2071682183402084,3.117724895477295,0.0,83400
1693,1986-11-25,3.1305017471313477,3.1432791095170556,3.079391127768201,0.0,84000
1694,1986-11-26,3.104947566986084,3.1688355719764973,3.104947566986084,0.0,55200
1695,1986-11-28,3.104947566986084,3.1177249340200186,3.06661488097391,0.0,22800
1696,1986-12-01,3.066614866256714,3.092170185112309,3.066614866256714,0.0,32400
1697,1986-12-02,3.143277645111084,3.143277645111084,3.0538349802608113,0.0,54000
1698,1986-12-03,3.194387674331665,3.194387674331665,3.1049450089611823,0.0,61200
1699,1986-12-04,3.2071692943573,3.2071692943573,3.181613967121081,0.0,88800
1700,1986-12-05,3.2071692943573,3.245501992756349,3.181613967121081,0.0,50400
1701,1986-12-08,3.1816132068634033,3.2199458961027214,3.16883583875377,0.0,39000
1702,1986-12-09,3.1305017471313477,3.20716709126591,3.1177237998354825,0.0,31200
1703,1986-12-10,3.168835163116455,3.168835163116455,3.1049471663692123,0.0,14400
1704,1986-12-11,3.1305017471313477,3.1688344191986286,3.104946437449774,0.0,21000
1705,1986-12-12,3.0538370609283447,3.0921697412541804,3.0538370609283447,0.0,35400
1706,1986-12-15,3.066614866256714,3.066614866256714,3.0538374992841,0.0,16800
1707,1986-12-16,3.245500087738037,3.309387490962617,3.0666140719067387,0.0,406200
1708,1986-12-17,3.245500087738037,3.2710548150637826,3.245500087738037,0.0,423000
1709,1986-12-18,3.2199442386627197,3.2710542697031997,3.2199442386627197,0.0,48600
1710,1986-12-19,3.309386968612671,3.3349422768150108,3.219944267269666,0.0,1173600
1711,1986-12-22,3.3604979515075684,3.3604979515075684,3.2710546554999054,0.0,217800
1712,1986-12-23,3.3221662044525146,3.4116089405069236,3.296610886332533,0.0,232800
1713,1986-12-24,3.3221631050109863,3.3479165038567538,3.3092867003101145,0.0,19800
1714,1986-12-26,3.3092901706695557,3.322166588873565,3.2964131630209046,0.0,41400
1715,1986-12-29,3.3221631050109863,3.3221631050109863,3.296409706165219,0.0,49200
1716,1986-12-30,3.3221631050109863,3.335039509711858,3.3221631050109863,0.0,22200
1717,1986-12-31,3.3221631050109863,3.3479165038567538,3.3221631050109863,0.0,125400
1718,1987-01-02,3.347919225692749,3.3607956408620607,3.347919225692749,0.0,55200
1719,1987-01-05,3.399425506591797,3.399425506591797,3.347919256003727,0.0,222000
1720,1987-01-06,3.386549234390259,3.425179071324579,3.386549234390259,0.0,29400
1721,1987-01-07,3.399425506591797,3.425178926608086,3.386549091305907,0.0,92400
1722,1987-01-08,3.386549234390259,3.412302066050117,3.386549234390259,0.0,59400
1723,1987-01-09,3.386549234390259,3.399425650220188,3.386549234390259,0.0,14400
1724,1987-01-12,3.386549234390259,3.386549234390259,3.3607958132858675,0.0,7200
1725,1987-01-13,3.360795497894287,3.3865489165818663,3.360795497894287,0.0,11400
1726,1987-01-14,3.3350415229797363,3.386548351764451,3.3350415229797363,0.0,33000
1727,1987-01-15,3.347919225692749,3.373672056031372,3.3350422210789348,0.0,60600
1728,1987-01-16,3.360795497894287,3.373671912515838,3.347919083272737,0.0,28800
1729,1987-01-19,3.347919225692749,3.3607956408620607,3.347919225692749,0.0,112200
1730,1987-01-20,3.3736722469329834,3.373672246932984,3.3479194151371185,0.0,36000
1731,1987-01-21,3.360795497894287,3.3865489165818663,3.360795497894287,0.0,17400
1732,1987-01-22,3.360795497894287,3.3865489165818663,3.360795497894287,0.0,15000
1733,1987-01-23,3.0775094032287598,3.3865479846594533,3.0646324027062706,0.0,235200
1734,1987-01-26,3.013127565383911,3.090387246547601,2.9616213077563143,0.0,72000
1735,1987-01-27,2.9358675479888916,2.987373799717716,2.87148429124447,0.0,66000
1736,1987-01-28,2.9873738288879395,2.9873738288879395,2.94874399235299,0.0,43200
1737,1987-01-29,2.9873738288879395,2.9873738288879395,2.9616209974943244,0.0,68400
1738,1987-01-30,2.9873738288879395,2.9873738288879395,2.974497413191132,0.0,14400
1739,1987-02-02,2.961618661880493,2.987371472964734,2.961618661880493,0.0,56400
1740,1987-02-03,3.013127565383911,3.0388809889200044,2.9616213077563143,0.0,247200
1741,1987-02-04,3.1418941020965576,3.167647530533683,2.987374710363207,0.0,405000
1742,1987-02-05,3.1805226802825928,3.1933996840826717,3.154769851571367,0.0,55200
1743,1987-02-06,3.1418941020965576,3.180523950029895,3.116141263104133,0.0,24000
1744,1987-02-09,3.1547696590423584,3.1676460726121505,3.0903864123045373,0.0,113400
1745,1987-02-10,3.0903875827789307,3.167647272348404,3.0388813195474995,0.0,29400
1746,1987-02-11,3.0903875827789307,3.116141009116973,3.051757737994194,0.0,14400
1747,1987-02-12,3.1161396503448486,3.1161396503448486,3.0775098224043935,0.0,15000
1748,1987-02-13,3.1161396503448486,3.1161396503448486,3.090386235236413,0.0,21600
1749,1987-02-17,3.1418941020965576,3.1418941020965576,3.10326425416322,0.0,21000
1750,1987-02-18,3.1032655239105225,3.141895387649844,3.1032655239105225,0.0,19800
1751,1987-02-19,3.129016637802124,3.1290166378021236,3.1032632179642263,0.0,40800
1752,1987-02-20,3.1032655239105225,3.141895387649844,3.051759235406408,0.0,112800
1753,1987-02-23,3.038879871368408,3.090386110054526,3.0388798713684078,0.0,27600
1754,1987-02-24,2.9873738288879395,3.077510507099174,2.9873738288879395,0.0,68400
1755,1987-02-25,3.0775094032287598,3.0903858143069334,3.01312616894926,0.0,191400
1756,1987-02-26,3.0775094032287598,3.0775094032287598,3.0388795805499234,0.0,38400
1757,1987-02-27,3.0775094032287598,3.0903858143069334,3.0646324027062706,0.0,49800
1758,1987-03-02,3.038879871368408,3.064632695989281,3.0388798713684078,0.0,39000
1759,1987-03-03,3.051757574081421,3.0517575740814213,3.0388811563263314,0.0,12600
1760,1987-03-04,2.8328537940979004,3.0646327569634844,2.807100968964647,0.0,387600
1761,1987-03-05,2.7298412322998047,2.7813474704564314,2.626828166542185,0.0,423000
1762,1987-03-06,2.6783342361450195,2.7040876483247938,2.652581413409574,0.0,236400
1763,1987-03-09,2.652582883834839,2.6783357208460385,2.626829457378983,0.0,100800
1764,1987-03-10,2.75559401512146,2.75559401512146,2.6525815403608917,0.0,334800
1765,1987-03-11,2.75559401512146,2.7813474285337807,2.7169641897251577,0.0,314400
1766,1987-03-12,2.75559401512146,2.768471016549799,2.7298411911534965,0.0,106200
1767,1987-03-13,2.7298412322998047,2.755594056655935,2.716964230677373,0.0,12600
1768,1987-03-16,2.652582883834839,2.72984257375775,2.652582883834839,0.0,53400
1769,1987-03-17,2.6139514446258545,2.626827855278139,2.5366918018235562,0.0,292200
1770,1987-03-18,2.6268296241760254,2.6268296241760254,2.6010761960848923,0.0,137400
1771,1987-03-19,2.588198661804199,2.6268284925773964,2.588198661804199,0.0,48000
1772,1987-03-20,2.575322151184082,2.6010749777681634,2.549568735155584,0.0,202200
1773,1987-03-23,2.5495693683624268,2.613952629701585,2.5366929518724204,0.0,321600
1774,1987-03-24,2.6268296241760254,2.6268296241760254,2.549569929347319,0.0,366000
1775,1987-03-25,2.639833688735962,2.639833688735962,2.6008213711451877,0.0,36600
1776,1987-03-26,2.6528382301330566,2.6528382301330566,2.613825903219335,0.0,75600
1777,1987-03-27,2.600821018218994,2.6528372361879553,2.600821018218994,0.0,30000
1778,1987-03-30,2.5878164768218994,2.6008209775713786,2.561808665884211,0.0,18600
1779,1987-03-31,2.600821018218994,2.6138249238910736,2.5618087059221124,0.0,324000
1780,1987-04-01,2.574812412261963,2.574812412261963,2.5488040076506326,0.0,23400
1781,1987-04-02,2.574812412261963,2.574812412261963,2.5488040076506326,0.0,32400
1782,1987-04-03,2.5878164768218994,2.5878164768218994,2.561808665884211,0.0,61200
1783,1987-04-06,2.600821018218994,2.639833330515876,2.5618087059221124,0.0,195000
1784,1987-04-07,2.5878164768218994,2.6008209775713786,2.574812571353055,0.0,156000
1785,1987-04-08,2.600821018218994,2.600821018218994,2.5618087059221124,0.0,47400
1786,1987-04-09,2.6658413410186768,2.6788458429429354,2.600821212520138,0.0,188400
1787,1987-04-10,2.6918482780456543,2.70485217758044,2.6658398836957202,0.0,88800
1788,1987-04-13,2.6528382301330566,2.6918505570467777,2.62682981376362,0.0,39600
1789,1987-04-14,2.6528382301330566,2.6528382301330566,2.613825903219335,0.0,80400
1790,1987-04-15,2.6658413410186768,2.704853656230075,2.6658413410186768,0.0,50400
1791,1987-04-16,2.6918482780456543,2.6918482780456543,2.6528359841609346,0.0,54600
1792,1987-04-20,2.639833688735962,2.691849913763419,2.6268291860185538,0.0,64200
1793,1987-04-21,2.5878164768218994,2.613824883040223,2.548804165134732,0.0,42600
1794,1987-04-22,2.600821018218994,2.6138249238910736,2.600821018218994,0.0,37800
1795,1987-04-23,2.6268301010131836,2.6268301010131836,2.600822277080602,0.0,33600
1796,1987-04-24,2.6528382301330566,2.678846646502493,2.62682981376362,0.0,16800
1797,1987-04-27,2.5878164768218994,2.626828788509067,2.561808665884211,0.0,18600
1798,1987-04-28,2.600821018218994,2.6138249238910736,2.600821018218994,0.0,64200
1799,1987-04-29,2.5878164768218994,2.6008209775713786,2.574812571353055,0.0,18000
1800,1987-04-30,2.613825559616089,2.613825559616089,2.600821650781247,0.0,115200
1801,1987-05-01,2.6788461208343506,2.7048539368194238,2.6268292983027024,0.0,34200
1802,1987-05-04,2.6788461208343506,2.6788461208343506,2.6528377095685265,0.0,35400
1803,1987-05-05,2.6268301010131836,2.6528385202266973,2.6268301010131836,0.0,30600
1804,1987-05-06,2.6918482780456543,2.6918482780456543,2.6398320846261494,0.0,18000
1805,1987-05-07,2.7048537731170654,2.7048537731170654,2.6658414562197965,0.0,44400
1806,1987-05-08,2.756868839263916,2.756868839263916,2.7048520529606015,0.0,26400
1807,1987-05-11,2.8088865280151367,2.8088865280151367,2.7698742151260376,0.0,112200
1808,1987-05-12,2.9389288425445557,2.9649372625730575,2.8609041777400015,0.0,173400
1809,1987-05-13,2.951931953430176,2.9909442673729507,2.951931953430176,0.0,59400
1810,1987-05-14,2.9389288425445557,2.951933350199282,2.9389288425445557,0.0,10800
1811,1987-05-15,2.8218910694122314,2.925924125639683,2.8218910694122314,0.0,28800
1812,1987-05-18,2.756868839263916,2.834893423438552,2.756868839263916,0.0,52200
1813,1987-05-19,2.7178587913513184,2.7698750253248425,2.7178587913513184,0.0,116400
1814,1987-05-20,2.6528382301330566,2.6918505570467777,2.6528382301330566,0.0,123600
1815,1987-05-21,2.7048537731170654,2.7308621828088158,2.678845958706029,0.0,19200
1816,1987-05-22,2.7048537731170654,2.7308621828088158,2.7048537731170654,0.0,62400
1817,1987-05-26,2.8348960876464844,2.834896087646484,2.7048545949567964,0.0,30600
1818,1987-05-27,2.782878875732422,2.834895703878997,2.782878875732422,0.0,21000
1819,1987-05-28,2.743865489959717,2.7958822979676876,2.7438654899597172,0.0,17400
1820,1987-05-29,2.743865489959717,2.7438654899597172,2.7438654899597172,2.7438654899597172,0
1821,1987-06-01,2.6788461208343506,2.730862348085248,2.6788461208343506,0.0,9000
1822,1987-06-02,2.6658413410186768,2.6918497495865052,2.6658413410186768,0.0,3000
1823,1987-06-03,2.7308621406555176,2.7308621406555176,2.665841415070151,0.0,12000
1824,1987-06-04,2.6268301010131836,2.717859270620015,2.6268301010131836,0.0,39600
1825,1987-06-05,2.6528382301330566,2.6918505570467777,2.6528382301330566,0.0,19200
1826,1987-06-08,2.7048537731170654,2.7048537731170654,2.6268291393225276,0.0,180600
1827,1987-06-09,2.6528382301330566,2.678846646502493,2.6528382301330566,0.0,34200
1828,1987-06-10,2.7048537731170654,2.7048537731170654,2.6528375490142784,0.0,41400
1829,1987-06-11,2.743865489959717,2.7438654899597172,2.6918492772323304,0.0,67800
1830,1987-06-12,2.782878875732422,2.8088872898057096,2.730862642866662,0.0,37800
1831,1987-06-15,2.8348960876464844,2.8609039099597053,2.7568714301450297,0.0,32400
1832,1987-06-16,2.8088865280151367,2.8088865280151367,2.7958826221456548,0.0,13200
1833,1987-06-17,2.795884132385254,2.795884132385254,2.7568717984230453,0.0,72000
1834,1987-06-18,2.756868839263916,2.769872738199577,2.7438643450479194,0.0,37200
1835,1987-06-19,2.756868839263916,2.7828766371352374,2.756868839263916,0.0,57600
1836,1987-06-22,2.8088865280151367,2.8088865280151367,2.7438658081064204,0.0,372000
1837,1987-06-23,2.795884132385254,2.87390880030967,2.795884132385254,0.0,38400
1838,1987-06-24,2.782878875732422,2.795883380409473,2.782878875732422,0.0,13800
1839,1987-06-25,2.769873857498169,2.7958822611597522,2.7698738574981685,0.0,37200
1840,1987-06-26,2.756868839263916,2.7828766371352374,2.756868839263916,0.0,33000
1841,1987-06-29,2.6528382301330566,2.756871300329936,2.6008219926750504,0.0,49800
1842,1987-06-30,2.652837038040161,2.6659050004025167,2.6397684774648345,0.0,31800
1843,1987-07-01,2.652837038040161,2.652837038040161,2.6397684774648345,0.0,1200
1844,1987-07-02,2.652837038040161,2.652837038040161,2.652837038040161,0.0,18000
1845,1987-07-06,2.6659059524536133,2.6789739194828144,2.6659059524536133,0.0,9600
1846,1987-07-07,2.6920416355133057,2.6920416355133057,2.6920416355133057,0.0,15000
1847,1987-07-08,2.6920416355133057,2.6920416355133057,2.6659051114865564,0.0,82200
1848,1987-07-09,2.7704508304595947,2.7704508304595947,2.7051098142850756,0.0,30600
1849,1987-07-10,2.7835192680358887,2.8227237647687886,2.7704513018626375,0.0,16800
1850,1987-07-13,2.848860502243042,2.848860502243042,2.7835194702047317,0.0,6000
1851,1987-07-14,2.9011335372924805,2.9011335372924805,2.8357924924535296,0.0,48000
1852,1987-07-15,2.927269458770752,2.927269458770752,2.927269458770752,0.0,42600
1853,1987-07-16,2.9403371810913086,2.9534051469362264,2.9403371810913086,0.0,13800
1854,1987-07-17,3.031813383102417,3.031813383102417,2.953404411141036,0.0,69600
1855,1987-07-20,3.08408522605896,3.08408522605896,3.018744242191687,0.0,147600
1856,1987-07-21,3.08408522605896,3.1363576542251295,3.057948712869501,0.0,132600
1857,1987-07-22,3.08408522605896,3.1363576542251295,3.08408522605896,0.0,191400
1858,1987-07-23,3.0710201263427734,3.110224641139547,3.0710201263427734,0.0,8400
1859,1987-07-24,3.08408522605896,3.08408522605896,3.0318121996800422,0.0,66000
1860,1987-07-27,3.0448830127716064,3.0579509799481843,3.0448830127716064,0.0,17400
1861,1987-07-28,3.0710201263427734,3.0710201263427734,3.057952154148323,0.0,136200
1862,1987-07-29,3.0448830127716064,3.09715547969111,3.0448830127716064,0.0,88200
1863,1987-07-30,3.0579512119293213,3.0840877464784286,3.031814677380214,0.0,34200
1864,1987-07-31,3.0448830127716064,3.071018947124762,3.0448830127716064,0.0,10800
1865,1987-08-03,3.0448830127716064,3.0579509799481843,3.0318144473818367,0.0,43200
1866,1987-08-04,2.9926087856292725,3.0318132701493634,2.992608785629273,0.0,7800
1867,1987-08-05,3.031813383102417,3.031813383102417,3.031813383102417,0.0,82800
1868,1987-08-06,3.0448830127716064,3.0448830127716064,3.005678513028681,0.0,334800
1869,1987-08-07,3.0579512119293213,3.0579512119293213,3.018746709212279,0.0,135000
1870,1987-08-10,3.0448830127716064,3.0579509799481843,3.0448830127716064,0.0,12000
1871,1987-08-11,3.08408522605896,3.08408522605896,3.005676284703332,0.0,218400
1872,1987-08-12,3.0579512119293213,3.0971557146463637,3.0579512119293213,0.0,45000
1873,1987-08-13,3.08408522605896,3.097153183547315,3.0318121996800422,0.0,93600
1874,1987-08-14,3.0448830127716064,3.1102234468676877,3.0448830127716064,0.0,319800
1875,1987-08-17,3.08408522605896,3.08408522605896,3.057948712869501,0.0,181800
1876,1987-08-18,3.08408522605896,3.08408522605896,3.057948712869501,0.0,184200
1877,1987-08-19,3.08408522605896,3.08408522605896,3.0318121996800422,0.0,240600
1878,1987-08-20,3.0971548557281494,3.1102228202720124,3.0840868911842865,0.0,64200
1879,1987-08-21,3.110222578048706,3.110222578048706,3.084086650996439,0.0,18600
1880,1987-08-24,3.110222578048706,3.110222578048706,3.084086650996439,0.0,4800
1881,1987-08-25,3.123291015625,3.149426941638263,3.084086528392105,0.0,97800
1882,1987-08-26,3.0971548557281494,3.1363593475728098,3.0710183284273525,0.0,20400
1883,1987-08-27,3.0710201263427734,3.0971566689450962,3.0710201263427734,0.0,7200
1884,1987-08-28,2.9795405864715576,3.0579495492734408,2.9795405864715576,0.0,15000
1885,1987-08-31,3.018744945526123,3.018744945526123,2.9795404657140954,0.0,13200
1886,1987-09-01,3.0056755542755127,3.0318114629007744,2.992607001750279,0.0,15000
1887,1987-09-02,2.9795405864715576,2.992608547534234,2.9795405864715576,0.0,6000
1888,1987-09-03,2.9534049034118652,3.005677958907599,2.9534049034118652,0.0,16800
1889,1987-09-04,2.8749947547912598,2.940335748609075,2.861926795312833,0.0,24000
1890,1987-09-08,2.7443156242370605,2.822724642072405,2.7181790855541683,0.0,86400
1891,1987-09-09,2.718177556991577,2.7704506049617006,2.6920416312195106,0.0,21000
1892,1987-09-10,2.718177556991577,2.731246118090606,2.6920416312195106,0.0,29400
1893,1987-09-11,2.757382869720459,2.7965873683336087,2.7443149029204674,0.0,75600
1894,1987-09-14,2.848860502243042,2.8619284693654286,2.809656002662694,0.0,62400
1895,1987-09-15,2.822723627090454,2.874996087447016,2.822723627090454,0.0,27000
1896,1987-09-16,2.9011335372924805,2.9011335372924805,2.822724522771062,0.0,18000
1897,1987-09-17,2.8880629539489746,2.9011309118051027,2.874994397880081,0.0,12600
1898,1987-09-18,2.8619284629821777,2.9272694948747513,2.8619284629821777,0.0,19800
1899,1987-09-21,2.9141995906829834,2.9272681499852573,2.8880636685042624,0.0,23400
1900,1987-09-22,2.8880629539489746,2.8880629539489746,2.835789926098931,0.0,85800
1901,1987-09-23,2.8749947547912598,2.9011312719609537,2.861926795312833,0.0,6000
1902,1987-09-24,2.940635919570923,2.966891195005886,2.9143800431912257,0.0,32400
1903,1987-09-25,2.901251792907715,2.927507062799179,2.901251792907715,0.0,18600
1904,1987-09-28,2.914379358291626,2.9275069929240214,2.914379358291626,0.0,11400
1905,1987-09-29,2.914379358291626,2.9275069929240214,2.914379358291626,0.0,9000
1906,1987-09-30,2.927506923675537,2.9275069236755367,2.82248464721143,0.0,38400
1907,1987-10-01,2.901251792907715,2.927507062799179,2.901251792907715,0.0,18600
1908,1987-10-02,2.861868143081665,2.874995777366654,2.8224846392821217,0.0,20400
1909,1987-10-05,2.848740816116333,2.8618690555315762,2.8356131776458584,0.0,7200
1910,1987-10-06,2.809356451034546,2.8618681909418293,2.809356451034546,0.0,44400
1911,1987-10-07,2.7962288856506348,2.809356520479667,2.7962288856506348,0.0,28200
1912,1987-10-08,2.783099889755249,2.7962275181642555,2.783099889755249,0.0,12000
1913,1987-10-09,2.7305896282196045,2.783101371705789,2.7305896282196045,0.0,37200
1914,1987-10-12,2.7305896282196045,2.743717864563465,2.7305896282196045,0.0,6600
1915,1987-10-13,2.704334259033203,2.704334259033203,2.664950753323713,0.0,27000
1916,1987-10-14,2.6780786514282227,2.7437180343761556,2.6780786514282227,0.0,244200
1917,1987-10-15,2.6780786514282227,2.6780786514282227,2.5730557589004626,0.0,260400
1918,1987-10-16,2.586184024810791,2.6518228075438497,2.5730557875084417,0.0,61800
1919,1987-10-19,2.3104987144470215,2.5599273309987387,2.3104987144470215,0.0,99600
1920,1987-10-20,2.1529653072357178,2.1923488152891477,2.126709434885217,0.0,120000
1921,1987-10-21,2.3104987144470215,2.336753978750689,2.2054758543989132,0.0,225000
1922,1987-10-22,2.2186038494110107,2.2842432227946827,2.2054762151121072,0.0,25200
1923,1987-10-23,2.1792194843292236,2.205475343495136,2.1792194843292236,0.0,39600
1924,1987-10-26,2.008558511734009,2.1267090124242447,2.008558511734009,0.0,130800
1925,1987-10-27,1.9560470581054688,2.074197539448529,1.9560470581054685,0.0,75000
1926,1987-10-28,1.8641530275344849,1.9166647866953261,1.864153027534485,0.0,27600
1927,1987-10-29,1.9954309463500977,1.9954309463500979,1.837896940084157,0.0,102600
1928,1987-10-30,2.100452423095703,2.126708281203106,1.956046705865777,0.0,72000
1929,1987-11-02,2.047942638397217,2.100453787784807,2.047942638397217,0.0,37800
1930,1987-11-03,2.061069965362549,2.08732583657777,2.047942330227246,0.0,34800
1931,1987-11-04,2.1529653072357178,2.1529653072357178,2.0479424187783573,0.0,63600
1932,1987-11-05,2.100452423095703,2.179219396473596,2.100452423095703,2.179219396473596,96600
1933,1987-11-06,2.1529653072357178,2.2317323233425777,2.1004535625347165,2.1004535625347165,72600
1934,1987-11-09,2.0873260498046875,2.1267095601783605,2.0873260498046875,2.1267095601783605,16800
1935,1987-11-10,2.126709461212158,2.126709461212158,2.0741983168057536,2.0873259526711925,13800
1936,1987-11-11,2.100452423095703,2.126708281203106,2.100452423095703,2.126708281203106,4800
1937,1987-11-12,2.205475091934204,2.205475091934204,2.152963980536242,2.152963980536242,65400
1938,1987-11-13,2.1529653072357178,2.205476450992077,2.1529653072357178,2.205476450992077,10200
1939,1987-11-16,2.1135830879211426,2.2054777957629286,2.1135830879211426,2.1529666199883377,12000
1940,1987-11-17,2.0873260498046875,2.0873260498046875,2.0873260498046875,2.0873260498046875,63600
1941,1987-11-18,2.0741965770721436,2.0873242019267795,2.02168487576531,2.0873242019267795,103800
1942,1987-11-19,2.034816265106201,2.1004550923726377,1.9954327283683073,2.074199801844095,76200
1943,1987-11-20,2.008558511734009,2.034814378868902,1.9954308786388235,2.034814378868902,19200
1944,1987-11-23,2.047942638397217,2.047942638397217,2.021686763231068,2.021686763231068,39000
1945,1987-11-24,2.0873260498046875,2.1004536862810195,2.047942539431014,2.047942539431014,15600
1946,1987-11-25,2.0741965770721436,2.0741965770721436,2.0741965770721436,2.0741965770721436,15600
1947,1987-11-27,2.0741965770721436,2.0741965770721436,2.0741965770721436,2.0741965770721436,14400
1948,1987-11-30,1.9954309463500977,2.0479420814572302,1.9954309463500979,2.0479420814572302,280800
1949,1987-12-01,1.9954309463500977,1.9954309463500979,1.9954309463500979,1.9954309463500979,19800
1950,1987-12-02,1.9954309463500977,2.008558579890745,1.96917507832426,1.9954309463500979,5400
1951,1987-12-03,1.9954309463500977,1.9954309463500979,1.96917507832426,1.9954309463500979,17400
1952,1987-12-04,1.9429200887680054,1.9691759686651453,1.9429200887680051,1.9691759686651453,37800
1953,1987-12-07,1.8904085159301758,1.929792026678721,1.8904085159301758,1.929792026678721,13200
1954,1987-12-08,1.9035357236862183,1.9035357236862185,1.8641522218103344,1.8904080900424396,4800
1955,1987-12-09,1.8904085159301758,1.9429196632800083,1.8904085159301758,1.9035361525314631,49200
1956,1987-12-10,1.9035357236862183,1.9035357236862185,1.8772804563986607,1.8904080900424396,68400
1957,1987-12-11,1.8772799968719482,1.8904076273023032,1.864151765497193,1.8904076273023032,40200
1958,1987-12-14,1.8641530275344849,1.8904089071149057,1.8116418693184513,1.877281267797099,75600
1959,1987-12-15,1.8378959894180298,1.8772794706131002,1.7853842805284479,1.8641512429185887,70800
1960,1987-12-16,1.9429200887680054,1.9429200887680051,1.8510254105452366,1.8510254105452366,85800
1961,1987-12-17,1.8641530275344849,1.9166647866953261,1.864153027534485,1.9166647866953261,15600
1962,1987-12-18,1.9560470581054688,1.9560470581054685,1.9560470581054685,1.9560470581054685,98400
1963,1987-12-21,1.9035357236862183,1.9691750937942079,1.9035357236862185,1.9560474601504292,57600
1964,1987-12-22,1.9166646003723145,1.942919876455597,1.8641528463162518,1.9035363613859244,56400
1965,1987-12-23,1.8904085159301758,1.8904085159301758,1.8510250051816304,1.8904085159301758,67200
1966,1987-12-24,1.929791808128357,1.929791808128357,1.87728066672545,1.890408301840023,10200
1967,1987-12-28,1.9429200887680054,1.9823036081413081,1.9429200887680051,1.9429200887680051,65400
1968,1987-12-29,1.929791808128357,1.9691753144166908,1.903535936954596,1.9429194432429298,49800
1969,1987-12-30,1.9166646003723145,1.956048115441987,1.9035363613859244,1.9297922384139559,83400
1970,1987-12-31,1.8904085159301758,1.9560479008259788,1.8904085159301758,1.9166643900774336,82200
1971,1988-01-04,2.047942638397217,2.047942638397217,1.9560479767327565,1.9560479767327565,46800
1972,1988-01-05,2.0873260498046875,2.1004536862810195,2.061070175907346,2.061070175907346,15000
1973,1988-01-06,2.0873260498046875,2.0873260498046875,2.061070175907346,2.0873260498046875,19800
1974,1988-01-07,2.061069965362549,2.061069965362549,2.061069965362549,2.061069965362549,4200
1975,1988-01-08,1.9954309463500977,2.061069714997878,1.9954309463500979,2.061069714997878,26400
1976,1988-01-11,1.9823026657104492,2.021686166359958,1.9166638985909532,1.9954308998899715,172200
1977,1988-01-12,1.9560470581054688,2.034814045667509,1.9560470581054685,1.9823023199965326,15600
1978,1988-01-13,1.9691756963729858,1.9691756963729858,1.929792182445526,1.9560480587120763,15600
1979,1988-01-14,1.9429200887680054,1.9560483291889827,1.9166648098156798,1.9560483291889827,310800
1980,1988-01-15,1.9954309463500977,2.008558579890745,1.9954309463500979,1.9954309463500979,20400
1981,1988-01-18,1.9954309463500977,1.9954309463500979,1.9954309463500979,1.9954309463500979,3000
1982,1988-01-19,1.9823026657104492,1.9823026657104492,1.9297915318259466,1.9823026657104492,56400
1983,1988-01-20,1.929791808128357,1.9954311855904516,1.929791808128357,1.9823029495312636,101400
1984,1988-01-21,1.9035357236862183,1.9035357236862185,1.8772804563986607,1.9035357236862185,45000
1985,1988-01-22,1.929791808128357,1.929791808128357,1.903535936954596,1.903535936954596,3600
1986,1988-01-25,1.929791808128357,1.9691753144166908,1.916664173013784,1.929791808128357,11400
1987,1988-01-26,1.8641530275344849,1.9166647866953261,1.864153027534485,1.9166647866953261,10800
1988,1988-01-27,1.8641530275344849,1.877281267797099,1.837897748898872,1.864153027534485,13200
1989,1988-01-28,1.8772799968719482,1.8772799968719485,1.864151765497193,1.864151765497193,16800
1990,1988-01-29,1.8772799968719482,1.8772799968719485,1.8510241350668384,1.8772799968719485,13200
1991,1988-02-01,1.8641530275344849,1.877281267797099,1.864153027534485,1.877281267797099,41400
1992,1988-02-02,1.9035357236862183,1.9035357236862185,1.8641522218103344,1.8641522218103344,12600
1993,1988-02-03,1.8641530275344849,1.9166647866953261,1.864153027534485,1.9035365464327123,4200
1994,1988-02-04,1.929791808128357,1.929791808128357,1.890408301840023,1.890408301840023,10800
1995,1988-02-05,1.8904085159301758,1.9166643900774336,1.8904085159301758,1.9166643900774336,30600
1996,1988-02-08,1.8641530275344849,1.9035365464327123,1.864153027534485,1.8904089071149057,15000
1997,1988-02-09,1.85102379322052,1.8641514212264698,1.85102379322052,1.8641514212264698,28800
1998,1988-02-10,1.9166646003723145,1.9166646003723147,1.8510252082746106,1.8510252082746106,12000
1999,1988-02-11,1.9035357236862183,1.9429192255621026,1.9035357236862185,1.9166639582745448,18000
2000,1988-02-12,1.9166646003723145,1.9166646003723147,1.8904087233442832,1.9035363613859244,22800
2001,1988-02-16,1.8904085159301758,1.9166643900774336,1.8904085159301758,1.9166643900774336,17400
2002,1988-02-17,1.9429200887680054,1.9691759686651453,1.9166648098156798,1.9166648098156798,21600
2003,1988-02-18,1.9954309463500977,1.9954309463500979,1.96917507832426,1.96917507832426,16800
2004,1988-02-19,1.9823026657104492,1.9954308998899715,1.9691750324754558,1.9954308998899715,64200
2005,1988-02-22,2.0741965770721436,2.0741965770721436,1.995429626056039,1.995429626056039,187800
2006,1988-02-23,2.205475091934204,2.231730948105321,2.152963980536242,2.152963980536242,203400
2007,1988-02-24,2.205475091934204,2.231730948105321,2.1267081243651256,2.205475091934204,169200
2008,1988-02-25,2.1792194843292236,2.205475343495136,2.1792194843292236,2.205475343495136,37800
2009,1988-02-26,2.1398372650146484,2.218604288278313,2.1398372650146484,2.179220776646481,73800
2010,1988-02-29,2.28424334526062,2.29737098026334,2.2054763333550818,2.2054763333550818,105600
2011,1988-03-01,2.3630099296569824,2.4942880587675367,2.336754063457071,2.336754063457071,151200
2012,1988-03-02,2.481160879135132,2.494288514159601,2.3367544900875292,2.363010361081078,147000
2013,1988-03-03,2.4680323600769043,2.5205434823102357,2.4155206368991773,2.481159990399138,102600
2014,1988-03-04,2.4549038410186768,2.5074155580403863,2.4417762122354123,2.468032070746267,75600
2015,1988-03-07,2.4155213832855225,2.481160757067785,2.3761378792050816,2.454904887365964,48600
2016,1988-03-08,2.494288206100464,2.494288206100464,2.441777071543408,2.441777071543408,25200
2017,1988-03-09,2.5074169635772705,2.5205445997192544,2.481161090348641,2.4942887264906246,64200
2018,1988-03-10,2.4155213832855225,2.481160757067785,2.4155213832855225,2.481160757067785,10200
2019,1988-03-11,2.3892662525177,2.441777394009484,2.3892662525177,2.415521522791284,37200
2020,1988-03-14,2.4155213832855225,2.428649618608724,2.4023937489069027,2.4023937489069027,67200
2021,1988-03-15,2.4155213832855225,2.454904887365964,2.4155213832855225,2.4155213832855225,133200
2022,1988-03-16,2.42864990234375,2.4680334110252993,2.42864990234375,2.42864990234375,54000
2023,1988-03-17,2.3892662525177,2.4549050291462757,2.3892662525177,2.428649758872692,92400
2024,1988-03-18,2.336754322052002,2.4155213284239183,2.336754322052002,2.389266060262991,40200
2025,1988-03-21,2.323627233505249,2.3498831087750136,2.323627233505249,2.336754870667777,24000
2026,1988-03-22,2.336754322052002,2.336754322052002,2.2973708188660438,2.3236266879715384,7200
2027,1988-03-23,2.3104987144470215,2.3104987144470215,2.271115217047041,2.3104987144470215,32400
2028,1988-03-24,2.297370433807373,2.297370433807373,2.2711151700470493,2.297370433807373,38400
2029,1988-03-25,2.35018253326416,2.35018253326416,2.323776388614862,2.323776388614862,144600
2030,1988-03-28,2.323777198791504,2.3369802757193585,2.323777198791504,2.3369802757193585,49200
2031,1988-03-29,2.3765907287597656,2.3765907287597656,2.3237778029200853,2.3237778029200853,72000
2032,1988-03-30,2.5482332706451416,2.5878431173618965,2.4162006497220565,2.4162006497220565,223800
2033,1988-03-31,2.4822163581848145,2.5086225101114743,2.4558096018600786,2.5086225101114743,61200
2034,1988-04-04,2.46901273727417,2.482216417953504,2.46901273727417,2.482216417953504,94800
2035,1988-04-05,2.455810308456421,2.4822170723790244,2.455810308456421,2.469013388218598,51600
2036,1988-04-06,2.495420455932617,2.5086235373021317,2.45581060742575,2.45581060742575,77400
2037,1988-04-07,2.5350286960601807,2.5482317690528475,2.469012122300967,2.4954188726842403,63600
2038,1988-04-08,2.561436653137207,2.561436653137207,2.508623127490189,2.535029890313698,53400
2039,1988-04-11,2.561436653137207,2.561436653137207,2.535029890313698,2.561436653137207,85200
2040,1988-04-12,2.601045608520508,2.601045608520508,2.5482321008767292,2.561435779986683,36600
2041,1988-04-13,2.7330777645111084,2.7462808372698233,2.6010452237301713,2.6010452237301713,232200
2042,1988-04-14,2.561436653137207,2.680266179245662,2.5482329695263406,2.680266179245662,56400
2043,1988-04-15,2.5350286960601807,2.5482317690528475,2.508621945676907,2.5482317690528475,15600
2044,1988-04-18,2.627452850341797,2.627452850341797,2.5350300801362526,2.5350300801362526,39600
2045,1988-04-19,2.667062282562256,2.667062282562256,2.6010462873748605,2.627452443690548,58200
2046,1988-04-20,2.693470001220703,2.693470001220703,2.667063231115154,2.667063231115154,18000
2047,1988-04-21,2.706672191619873,2.719875874518274,2.6802660346194553,2.693469113119664,33600
2048,1988-04-22,2.706672191619873,2.772688792917301,2.6802660346194553,2.706672191619873,30600
2049,1988-04-25,2.7330777645111084,2.7330777645111084,2.6670611919216753,2.7066710145957495,45600
2050,1988-04-26,2.7462823390960693,2.7594860234732526,2.706672494761038,2.733079259117145,55800
2051,1988-04-27,2.706672191619873,2.7330789530184827,2.706672191619873,2.7330789530184827,19200
2052,1988-04-28,2.706672191619873,2.7462820315186915,2.706672191619873,2.706672191619873,28200
2053,1988-04-29,2.667062282562256,2.7198758039899835,2.667062282562256,2.7066721214339635,111600
2054,1988-05-02,2.653858184814453,2.653858184814453,2.587841610591893,2.653858184814453,33000
2055,1988-05-03,2.719876289367676,2.719876289367676,2.6406565974870473,2.6538596780010573,10800
2056,1988-05-04,2.719876289367676,2.719876289367676,2.6934695239413715,2.719876289367676,6600
2057,1988-05-05,2.693470001220703,2.693470001220703,2.693470001220703,2.693470001220703,6000
2058,1988-05-06,2.680265188217163,2.6934682625479667,2.680265188217163,2.6934682625479667,4800
2059,1988-05-09,2.693470001220703,2.733079854179831,2.667063231115154,2.680266918367124,34200
2060,1988-05-10,2.653858184814453,2.667061257899787,2.6406551117291186,2.667061257899787,34800
2061,1988-05-11,2.587843179702759,2.6670628750446626,2.587843179702759,2.653859793953782,37800
2062,1988-05-12,2.667062282562256,2.680265965118276,2.5878426048188405,2.5878426048188405,18600
2063,1988-05-13,2.693470001220703,2.693470001220703,2.667063231115154,2.667063231115154,57000
2064,1988-05-16,2.693470001220703,2.693470001220703,2.693470001220703,2.693470001220703,68400
2065,1988-05-17,2.693470001220703,2.719876771326252,2.693470001220703,2.693470001220703,42000
2066,1988-05-18,2.719876289367676,2.719876289367676,2.6934695239413715,2.6934695239413715,12600
2067,1988-05-19,2.667062282562256,2.69346904327612,2.640656126246568,2.69346904327612,26400
2068,1988-05-20,2.680265188217163,2.6934682625479667,2.6670615094883585,2.6670615094883585,18000
2069,1988-05-23,2.561436653137207,2.6538594164221525,2.561436653137207,2.6538594164221525,19200
2070,1988-05-24,2.561436653137207,2.561436653137207,2.535029890313698,2.561436653137207,43800
2071,1988-05-25,2.640655994415283,2.6538590719139807,2.561436320626806,2.561436320626806,40800
2072,1988-05-26,2.667062282562256,2.667062282562256,2.640656126246568,2.640656126246568,15000
2073,1988-05-27,2.653858184814453,2.6934680084684,2.6406551117291186,2.667061257899787,43800
2074,1988-05-31,2.693470001220703,2.693470001220703,2.667063231115154,2.667063231115154,7200
2075,1988-06-01,2.7462823390960693,2.7462823390960693,2.6934694147821143,2.6934694147821143,5400
2076,1988-06-02,2.7462823390960693,2.7594860234732526,2.7198761791382213,2.7462823390960693,23400
2077,1988-06-03,2.759486675262451,2.7990965289533074,2.759486675262451,2.759486675262451,6000
2078,1988-06-06,2.7462823390960693,2.7858921834311,2.7462823390960693,2.7594860234732526,21600
2079,1988-06-07,2.772688627243042,2.772688627243042,2.7462818674222946,2.7462818674222946,7800
2080,1988-06-08,2.8255014419555664,2.8255014419555664,2.7462817697101007,2.7726885285913005,39000
2081,1988-06-09,2.8519091606140137,2.891519010066986,2.8255023928459195,2.8255023928459195,45000
2082,1988-06-10,2.8519091606140137,2.8519091606140137,2.8519091606140137,2.8519091606140137,10200
2083,1988-06-13,2.8255014419555664,2.8255014419555664,2.812298364714034,2.8255014419555664,79800
2084,1988-06-14,2.7990951538085938,2.8651111412619614,2.7990951538085938,2.8255013070306987,79200
2085,1988-06-15,2.772688627243042,2.79909538706379,2.772688627243042,2.79909538706379,48000
2086,1988-06-16,2.772688627243042,2.772688627243042,2.772688627243042,2.772688627243042,24000
2087,1988-06-17,2.680265188217163,2.746281164269181,2.680265188217163,2.746281164269181,21000
2088,1988-06-20,2.706672191619873,2.719875874518274,2.6670623517210545,2.6802660346194553,21600
2089,1988-06-21,2.706672191619873,2.706672191619873,2.706672191619873,2.706672191619873,2400
2090,1988-06-22,2.7330777645111084,2.7330777645111084,2.7066710145957495,2.7066710145957495,1800
2091,1988-06-23,2.8122992515563965,2.8255023329614453,2.7594863215378775,2.7594863215378775,39000
2092,1988-06-24,2.812298059463501,2.812298059463501,2.7592354309129905,2.812298059463501,35400
2093,1988-06-27,2.812298059463501,2.8388287664897973,2.812298059463501,2.812298059463501,6600
2094,1988-06-28,2.838829755783081,2.838829755783081,2.8122990395111933,2.8122990395111933,27000
2095,1988-06-29,2.745969772338867,2.812297747033881,2.745969772338867,2.812297747033881,19200
2096,1988-06-30,2.7857677936553955,2.7857677936553955,2.7592364693946627,2.7592364693946627,16200
2097,1988-07-01,2.7857677936553955,2.8122991179161287,2.7857677936553955,2.7857677936553955,24600
2098,1988-07-05,2.825563907623291,2.825563907623291,2.745970558112776,2.785767232868033,24600
2099,1988-07-06,2.838829755783081,2.838829755783081,2.7061743526761313,2.8255643976471374,36600
2100,1988-07-07,2.799032688140869,2.812298651696614,2.799032688140869,2.812298651696614,20400
2101,1988-07-08,2.759235143661499,2.7857664551746995,2.759235143661499,2.7857664551746995,25200
2102,1988-07-11,2.759235143661499,2.772501103042547,2.759235143661499,2.759235143661499,103200
2103,1988-07-12,2.745969772338867,2.7592351243783133,2.732704420299421,2.7592351243783133,28200
2104,1988-07-13,2.745969772338867,2.745969772338867,2.7194384610110833,2.745969772338867,208200
2105,1988-07-14,2.759235143661499,2.759235143661499,2.732704439397194,2.7459697915293466,18000
2106,1988-07-15,2.772503137588501,2.772503137588501,2.745971806605814,2.759237168472487,167400
2107,1988-07-18,2.759235143661499,2.772501103042547,2.732704439397194,2.772501103042547,93600
2108,1988-07-19,2.73270583152771,2.7857678743367704,2.73270583152771,2.7592365493076376,20400
2109,1988-07-20,2.706174612045288,2.7459712975165425,2.706174612045288,2.7327059381092007,6600
2110,1988-07-21,2.706174612045288,2.71943997145263,2.706174612045288,2.706174612045288,36000
2111,1988-07-22,2.6663763523101807,2.7061730142849596,2.653111000734878,2.7061730142849596,112800
2112,1988-07-25,2.613316535949707,2.6663785941126017,2.6133165359497066,2.6663785941126017,132000
2113,1988-07-26,2.5735185146331787,2.6265805454584066,2.5735185146331787,2.6133151895643665,304800
2114,1988-07-27,2.6000499725341797,2.6000499725341797,2.6000499725341797,2.6000499725341797,37200
2115,1988-07-28,2.5867841243743896,2.5867841243743896,2.5867841243743896,2.5867841243743896,20400
2116,1988-07-29,2.759235143661499,2.759235143661499,2.5867831369479353,2.5867831369479353,57600
2117,1988-08-01,2.706174612045288,2.759236656923884,2.706174612045288,2.759236656923884,154800
2118,1988-08-02,2.706174612045288,2.706174612045288,2.706174612045288,2.706174612045288,35400
2119,1988-08-03,2.6796422004699707,2.6796422004699707,2.6796422004699707,2.6796422004699707,6000
2120,1988-08-04,2.706174612045288,2.706174612045288,2.6796432859813755,2.6796432859813755,6600
2121,1988-08-05,2.6796422004699707,2.6796422004699707,2.6796422004699707,2.6796422004699707,27000
2122,1988-08-08,2.692908763885498,2.692908763885498,2.6398461213883357,2.679642799636648,27000
2123,1988-08-09,2.653111696243286,2.653111696243286,2.653111696243286,2.653111696243286,87000
2124,1988-08-10,2.6265804767608643,2.6265804767608643,2.546987128980232,2.6265804767608643,91200
2125,1988-08-11,2.560253143310547,2.6000498274410178,2.560253143310547,2.6000498274410178,4800
2126,1988-08-12,2.5735185146331787,2.5735185146331787,2.5469871955960306,2.5602525514900707,403800
2127,1988-08-15,2.5469865798950195,2.5469865798950195,2.5469865798950195,2.5469865798950195,1200
2128,1988-08-16,2.5469865798950195,2.5469865798950195,2.5204552672714726,2.5469865798950195,21600
2129,1988-08-17,2.4939262866973877,2.5204570104206736,2.4939262866973877,2.5204570104206736,126000
2130,1988-08-18,2.4939262866973877,2.4939262866973877,2.4939262866973877,2.4939262866973877,1200
2131,1988-08-19,2.4939262866973877,2.5204570104206736,2.4673949557247603,2.4939262866973877,47400
2132,1988-08-22,2.467395305633545,2.533723338846621,2.467395305633545,2.493926640368661,10200
2133,1988-08-23,2.480658769607544,2.5204554376079265,2.480658769607544,2.480658769607544,11400
2134,1988-08-24,2.480658769607544,2.480658769607544,2.480658769607544,2.480658769607544,600
2135,1988-08-25,2.4939262866973877,2.5071916485590307,2.4939262866973877,2.4939262866973877,18000
2136,1988-08-26,2.520456552505493,2.520456552505493,2.5071911930538935,2.5071911930538935,8400
2137,1988-08-29,2.5469865798950195,2.5735178925185664,2.493924561896847,2.5204552672714726,24000
2138,1988-08-30,2.4939262866973877,2.546988341393301,2.4939262866973877,2.546988341393301,148800
2139,1988-08-31,2.507189989089966,2.5204553421714833,2.507189989089966,2.507189989089966,5400
2140,1988-09-01,2.520456552505493,2.520456552505493,2.467394507449863,2.5071911930538935,57000
2141,1988-09-02,2.520456552505493,2.520456552505493,2.493925833602294,2.520456552505493,6600
2142,1988-09-06,2.4939262866973877,2.4939262866973877,2.4939262866973877,2.4939262866973877,6000
2143,1988-09-07,2.520456552505493,2.520456552505493,2.5071911930538935,2.5071911930538935,19200
2144,1988-09-08,2.520456552505493,2.5469878786579234,2.493925833602294,2.520456552505493,55800
2145,1988-09-09,2.507189989089966,2.507189989089966,2.507189989089966,2.507189989089966,4200
2146,1988-09-12,2.533722162246704,2.533722162246704,2.533722162246704,2.533722162246704,600
2147,1988-09-13,2.4939262866973877,2.5204570104206736,2.4939262866973877,2.5204570104206736,37800
2148,1988-09-14,2.520456552505493,2.520456552505493,2.493925833602294,2.493925833602294,34200
2149,1988-09-15,2.507189989089966,2.507189989089966,2.507189989089966,2.507189989089966,12000
2150,1988-09-16,2.520456552505493,2.520456552505493,2.520456552505493,2.520456552505493,17400
2151,1988-09-19,2.520456552505493,2.5735192048103537,2.520456552505493,2.520456552505493,129000
2152,1988-09-20,2.520456552505493,2.520456552505493,2.520456552505493,2.520456552505493,4800
2153,1988-09-21,2.520456552505493,2.5469878786579234,2.520456552505493,2.520456552505493,7200
2154,1988-09-22,2.5469865798950195,2.5469865798950195,2.4408619366497533,2.5204552672714726,7200
2155,1988-09-23,2.5867841243743896,2.5867841243743896,2.5071907667013313,2.5469874455378605,7200
2156,1988-09-26,2.520456552505493,2.5469878786579234,2.520456552505493,2.5469878786579234,18000
2157,1988-09-27,2.507189989089966,2.5469866555834573,2.507189989089966,2.5204553421714833,30000
2158,1988-09-28,2.533722162246704,2.533722162246704,2.440862837420159,2.507190839832099,30000
2159,1988-09-29,2.507189989089966,2.507189989089966,2.507189989089966,2.507189989089966,3000
2160,1988-09-30,2.5469865798950195,2.5469865798950195,2.5337212272077068,2.5337212272077068,24000
2161,1988-10-03,2.507189989089966,2.5204553421714833,2.507189989089966,2.5204553421714833,10200
2162,1988-10-04,2.507189989089966,2.5204553421714833,2.507189989089966,2.507189989089966,19200
2163,1988-10-05,2.507189989089966,2.507189989089966,2.507189989089966,2.507189989089966,42000
2164,1988-10-06,2.4939262866973877,2.5071916485590307,2.4939262866973877,2.5071916485590307,15600
2165,1988-10-07,2.520456552505493,2.5469878786579234,2.480659866901463,2.493925833602294,142200
2166,1988-10-10,2.507189989089966,2.53372130250194,2.507189989089966,2.5204553421714833,13200
2167,1988-10-11,2.520456552505493,2.520456552505493,2.520456552505493,2.520456552505493,14400
2168,1988-10-12,2.507189989089966,2.5204553421714833,2.507189989089966,2.5204553421714833,4800
2169,1988-10-13,2.454127788543701,2.4939244521025237,2.454127788543701,2.4939244521025237,18000
2170,1988-10-14,2.454127788543701,2.4673931406470104,2.454127788543701,2.454127788543701,2400
2171,1988-10-17,2.454127788543701,2.4806584927503197,2.454127788543701,2.454127788543701,21000
2172,1988-10-18,2.4408631324768066,2.4541290989122997,2.4408631324768066,2.4541290989122997,13200
2173,1988-10-19,2.4408631324768066,2.467394458098574,2.4275977732905325,2.4408631324768066,29400
2174,1988-10-20,2.4408631324768066,2.4408631324768066,2.4408631324768066,2.4408631324768066,4800
2175,1988-10-21,2.4408631324768066,2.4408631324768066,2.4143324141042584,2.4408631324768066,19200
2176,1988-10-24,2.480658769607544,2.480658769607544,2.440862101607161,2.440862101607161,9000
2177,1988-10-25,2.467395305633545,2.467395305633545,2.4541299418907006,2.467395305633545,50400
2178,1988-10-26,2.4408631324768066,2.4408631324768066,2.4408631324768066,2.4408631324768066,1200
2179,1988-10-27,2.467395305633545,2.480660669376389,2.4541299418907006,2.4541299418907006,299400
2180,1988-10-28,2.467395305633545,2.467395305633545,2.467395305633545,2.467395305633545,31800
2181,1988-10-31,2.467395305633545,2.493926640368661,2.4408639708984285,2.467395305633545,17400
2182,1988-11-01,2.454127788543701,2.4806584927503197,2.454127788543701,2.4673931406470104,16800
2183,1988-11-02,2.4408631324768066,2.467394458098574,2.4408631324768066,2.4541290989122997,20400
2184,1988-11-03,2.4143314361572266,2.4275967899702477,2.4143314361572266,2.4275967899702477,4200
2185,1988-11-04,2.4408631324768066,2.4408631324768066,2.4143324141042584,2.4143324141042584,4800
2186,1988-11-07,2.3878002166748047,2.4275968869527182,2.3878002166748047,2.4275968869527182,26400
2187,1988-11-08,2.3878002166748047,2.44086224129569,2.3878002166748047,2.3878002166748047,217800
2188,1988-11-09,2.3878002166748047,2.4143315326097463,2.3612689007398635,2.3878002166748047,37200
2189,1988-11-10,2.3082077503204346,2.3347390763037454,2.3082077503204346,2.3347390763037454,12600
2190,1988-11-11,2.2551450729370117,2.2816757842280797,2.2551450729370117,2.2816757842280797,2400
2191,1988-11-14,2.2551450729370117,2.2551450729370117,2.2551450729370117,2.2551450729370117,7800
2192,1988-11-15,2.2286148071289062,2.2286148071289062,2.2286148071289062,2.2286148071289062,12600
2193,1988-11-16,2.2020838260650635,2.228615161354815,2.2020838260650635,2.228615161354815,16800
2194,1988-11-17,2.2551450729370117,2.2551450729370117,2.228613754396887,2.228613754396887,22800
2195,1988-11-18,2.334738254547119,2.334738254547119,2.2551449118608424,2.2551449118608424,186600
2196,1988-11-21,2.3745341300964355,2.3745341300964355,2.2949408140848098,2.3347374720906227,175200
2197,1988-11-22,2.361269235610962,2.361269235610962,2.334738523162478,2.361269235610962,19200
2198,1988-11-23,2.334738254547119,2.334738254547119,2.334738254547119,2.334738254547119,20400
2199,1988-11-25,2.361269235610962,2.361269235610962,2.361269235610962,2.361269235610962,12000
2200,1988-11-28,2.34800386428833,2.34800386428833,2.3347385081493885,2.34800386428833,12000
2201,1988-11-29,2.361269235610962,2.361269235610962,2.361269235610962,2.361269235610962,16800
2202,1988-11-30,2.3745341300964355,2.3745341300964355,2.3214715145894784,2.3612681725952913,16800
2203,1988-12-01,2.2949419021606445,2.3347385790348225,2.2949419021606445,2.3347385790348225,2400
2204,1988-12-02,2.2816760540008545,2.2816760540008545,2.2816760540008545,2.2816760540008545,1200
2205,1988-12-05,2.321472406387329,2.321472406387329,2.2949416956908397,2.2949416956908397,8400
2206,1988-12-06,2.321472406387329,2.348003724332862,2.3082070510390844,2.321472406387329,25800
2207,1988-12-07,2.334738254547119,2.361268963943202,2.3214722926000637,2.3214722926000637,25800
2208,1988-12-08,2.34800386428833,2.3612692204272716,2.34800386428833,2.34800386428833,6000
2209,1988-12-09,2.361269235610962,2.361269235610962,2.3214725596891532,2.34800387938672,34200
2210,1988-12-12,2.3878002166748047,2.401065571017777,2.3878002166748047,2.3878002166748047,20400
2211,1988-12-13,2.3878002166748047,2.401065571017777,2.3745348623318328,2.3878002166748047,31200
2212,1988-12-14,2.334738254547119,2.361268963943202,2.334738254547119,2.361268963943202,6600
2213,1988-12-15,2.3082077503204346,2.3612697950378285,2.3082077503204346,2.3347390763037454,43800
2214,1988-12-16,2.334738254547119,2.3480036092451604,2.3214722926000637,2.3214722926000637,61200
2215,1988-12-19,2.361269235610962,2.374535199084287,2.34800387938672,2.34800387938672,27000
2216,1988-12-20,2.361269235610962,2.387800555308529,2.361269235610962,2.361269235610962,7200
2217,1988-12-21,2.334738254547119,2.361268963943202,2.3214722926000637,2.361268963943202,50400
2218,1988-12-22,2.334738254547119,2.334738254547119,2.334738254547119,2.334738254547119,91200
2219,1988-12-23,2.334738254547119,2.334738254547119,2.334738254547119,2.334738254547119,3000
2220,1988-12-27,2.361269235610962,2.4010659115327706,2.334738523162478,2.334738523162478,19200
2221,1988-12-28,2.34800386428833,2.3612692204272716,2.34800386428833,2.3612692204272716,15600
2222,1988-12-29,2.361269235610962,2.361269235610962,2.34800387938672,2.34800387938672,58800
2223,1988-12-30,2.361269235610962,2.361269235610962,2.334738523162478,2.361269235610962,27000
2224,1989-01-03,2.3745341300964355,2.3745341300964355,2.3612681725952913,2.3612681725952913,36600
2225,1989-01-04,2.361269235610962,2.374535199084287,2.361269235610962,2.374535199084287,34200
2226,1989-01-05,2.4143314361572266,2.4143314361572266,2.387800121282211,2.387800121282211,35400
2227,1989-01-06,2.427598714828491,2.427598714828491,2.4143333504972793,2.4143333504972793,34200
2228,1989-01-09,2.427598714828491,2.440864079159703,2.4143333504972793,2.427598714828491,48000
2229,1989-01-10,2.4010658264160156,2.4010658264160156,2.4010658264160156,2.4010658264160156,6000
2230,1989-01-11,2.4010658264160156,2.4010658264160156,2.4010658264160156,2.4010658264160156,6600
2231,1989-01-12,2.4010658264160156,2.414331789419068,2.387800470662025,2.4010658264160156,69600
2232,1989-01-13,2.4143314361572266,2.4143314361572266,2.387800121282211,2.4010654750952325,20400
2233,1989-01-16,2.3878002166748047,2.3878002166748047,2.3878002166748047,2.3878002166748047,13200
2234,1989-01-17,2.3878002166748047,2.3878002166748047,2.3878002166748047,2.3878002166748047,27000
2235,1989-01-18,2.4010658264160156,2.4010658264160156,2.387800470662025,2.387800470662025,21000
2236,1989-01-19,2.3878002166748047,2.3878002166748047,2.3878002166748047,2.3878002166748047,31800
2237,1989-01-20,2.3878002166748047,2.3878002166748047,2.3878002166748047,2.3878002166748047,34200
2238,1989-01-23,2.4408631324768066,2.4408631324768066,2.4275977732905325,2.4275977732905325,321000
2239,1989-01-24,2.507189989089966,2.5204553421714833,2.4673933225964744,2.4673933225964744,102600
2240,1989-01-25,2.520456552505493,2.5469878786579234,2.493925833602294,2.5071911930538935,49800
2241,1989-01-26,2.4939262866973877,2.5204570104206736,2.4939262866973877,2.5204570104206736,9600
2242,1989-01-27,2.480658769607544,2.533721398440696,2.480658769607544,2.493924730440313,28800
2243,1989-01-30,2.480658769607544,2.480658769607544,2.480658769607544,2.480658769607544,600
2244,1989-01-31,2.507189989089966,2.53372130250194,2.507189989089966,2.507189989089966,12000
2245,1989-02-01,2.4939262866973877,2.533722979531658,2.4939262866973877,2.5071916485590307,10800
2246,1989-02-02,2.507189989089966,2.507189989089966,2.480658675677992,2.4939246360084484,21000
2247,1989-02-03,2.480658769607544,2.493924730440313,2.4673934160237367,2.493924730440313,45000
2248,1989-02-06,2.480658769607544,2.480658769607544,2.45412806243993,2.480658769607544,47400
2249,1989-02-07,2.480658769607544,2.480658769607544,2.4673934160237367,2.480658769607544,12600
2250,1989-02-08,2.480658769607544,2.493924730440313,2.480658769607544,2.480658769607544,6000
2251,1989-02-09,2.480658769607544,2.493924730440313,2.480658769607544,2.480658769607544,64800
2252,1989-02-10,2.520456552505493,2.520456552505493,2.4541291479982634,2.480659866901463,64800
2253,1989-02-13,2.480658769607544,2.493924730440313,2.4673934160237367,2.493924730440313,15000
2254,1989-02-14,2.4939262866973877,2.4939262866973877,2.4939262866973877,2.4939262866973877,1200
2255,1989-02-15,2.5469865798950195,2.5469865798950195,2.480658601960613,2.493924561896847,64800
2256,1989-02-16,2.5469865798950195,2.5469865798950195,2.5469865798950195,2.5469865798950195,12600
2257,1989-02-17,2.5867841243743896,2.5867841243743896,2.5469874455378605,2.5469874455378605,7200
2258,1989-02-21,2.613316535949707,2.6133165359497066,2.586785203243569,2.586785203243569,15600
2259,1989-02-22,2.5867841243743896,2.6000494815701902,2.5867841243743896,2.6000494815701902,9000
2260,1989-02-23,2.560253143310547,2.573519109520176,2.560253143310547,2.573519109520176,6000
2261,1989-02-24,2.560253143310547,2.6000498274410178,2.560253143310547,2.560253143310547,33000
2262,1989-02-27,2.5735185146331787,2.6000492264212585,2.5602525514900707,2.5602525514900707,15600
2263,1989-02-28,2.6265804767608643,2.6265804767608643,2.56025248452732,2.57351844732346,97200
2264,1989-03-01,2.6265804767608643,2.6265804767608643,2.6265804767608643,2.6265804767608643,1800
2265,1989-03-02,2.6265804767608643,2.6265804767608643,2.600049158417636,2.6265804767608643,13200
2266,1989-03-03,2.6265804767608643,2.6265804767608643,2.6265804767608643,2.6265804767608643,600
2267,1989-03-06,2.613316535949707,2.626581898678085,2.6133165359497066,2.626581898678085,30600
2268,1989-03-07,2.6265804767608643,2.6265804767608643,2.600049158417636,2.6133151212137764,6000
2269,1989-03-08,2.6000499725341797,2.6000499725341797,2.6000499725341797,2.6000499725341797,1200
2270,1989-03-09,2.6000499725341797,2.6000499725341797,2.573519253132818,2.6000499725341797,4200
2271,1989-03-10,2.5735185146331787,2.6133151895643665,2.5735185146331787,2.6000492264212585,26400
2272,1989-03-13,2.560253143310547,2.573519109520176,2.560253143310547,2.573519109520176,10200
2273,1989-03-14,2.5469865798950195,2.5469865798950195,2.5469865798950195,2.5469865798950195,6000
2274,1989-03-15,2.5867841243743896,2.5867841243743896,2.5469874455378605,2.5469874455378605,64800
2275,1989-03-16,2.5735185146331787,2.5735185146331787,2.5337218397019905,2.5735185146331787,64200
2276,1989-03-17,2.520456552505493,2.5469878786579234,2.520456552505493,2.5469878786579234,90600
2277,1989-03-20,2.520456552505493,2.520456552505493,2.520456552505493,2.520456552505493,23400
2278,1989-03-21,2.4939262866973877,2.5071916485590307,2.4939262866973877,2.5071916485590307,7800
2279,1989-03-22,2.507189989089966,2.507189989089966,2.480658675677992,2.4939246360084484,39000
2280,1989-03-23,2.480658769607544,2.480658769607544,2.480658769607544,2.480658769607544,0
2281,1989-03-27,2.4806594848632812,2.50733344626966,2.4806594848632812,2.50733344626966,8400
2282,1989-03-28,2.4939956665039062,2.4939956665039062,2.480658993698283,2.480658993698283,32400
2283,1989-03-29,2.4806594848632812,2.4939961603095364,2.4806594848632812,2.4939961603095364,27000
2284,1989-03-30,2.4806594848632812,2.4806594848632812,2.4806594848632812,2.4806594848632812,211200
2285,1989-03-31,2.4806594848632812,2.4806594848632812,2.4806594848632812,2.4806594848632812,2400
2286,1989-04-03,2.5340065956115723,2.5340065956115723,2.5073332468406146,2.5073332468406146,150000
2287,1989-04-04,2.520669460296631,2.520669460296631,2.520669460296631,2.520669460296631,2400
2288,1989-04-05,2.520669460296631,2.520669460296631,2.520669460296631,2.520669460296631,4200
2289,1989-04-06,2.520669460296631,2.520669460296631,2.520669460296631,2.520669460296631,0
2290,1989-04-07,2.520669460296631,2.520669460296631,2.520669460296631,2.520669460296631,2400
2291,1989-04-10,2.5473434925079346,2.5473434925079346,2.5473434925079346,2.5473434925079346,600
2292,1989-04-11,2.5740177631378174,2.5740177631378174,2.507333766866222,2.547344408834758,600
2293,1989-04-12,2.520669460296631,2.520669460296631,2.520669460296631,2.520669460296631,1200
2294,1989-04-13,2.520669460296631,2.5473434147038096,2.520669460296631,2.520669460296631,4200
2295,1989-04-14,2.520669460296631,2.520669460296631,2.520669460296631,2.520669460296631,10800
2296,1989-04-17,2.5473434925079346,2.5473434925079346,2.5473434925079346,2.5473434925079346,2400
2297,1989-04-18,2.5073342323303223,2.520670911957687,2.5073342323303223,2.520670911957687,7200
2298,1989-04-19,2.5073342323303223,2.534007591585052,2.5073342323303223,2.5073342323303223,15000
2299,1989-04-20,2.5340065956115723,2.5340065956115723,2.5073332468406146,2.5073332468406146,1800
2300,1989-04-21,2.5473434925079346,2.5473434925079346,2.5340062096401272,2.5340062096401272,3600
2301,1989-04-24,2.5740177631378174,2.6006917279548234,2.5606810859862876,2.5606810859862876,10200
2302,1989-04-25,2.560680389404297,2.587354346965185,2.560680389404297,2.574017062927851,10200
2303,1989-04-26,2.5740177631378174,2.5740177631378174,2.480659802049216,2.5606810859862876,10200
2304,1989-04-27,2.560680389404297,2.560680389404297,2.560680389404297,2.560680389404297,4200
2305,1989-04-28,2.600691318511963,2.600691318511963,2.520670047173133,2.560680682842548,4200
2306,1989-05-01,2.5340065956115723,2.5340065956115723,2.5206699212260935,2.5340065956115723,6000
2307,1989-05-02,2.520669460296631,2.520669460296631,2.480658833942716,2.520669460296631,60000
2308,1989-05-03,2.520669460296631,2.520669460296631,2.507332788349895,2.520669460296631,7200
2309,1989-05-04,2.4939956665039062,2.4939956665039062,2.4939956665039062,2.4939956665039062,1200
2310,1989-05-05,2.4939956665039062,2.5206696226289003,2.4939956665039062,2.4939956665039062,9600
2311,1989-05-08,2.5473434925079346,2.5473434925079346,2.520669537286046,2.520669537286046,31200
2312,1989-05-09,2.520669460296631,2.5473434147038096,2.507332788349895,2.5473434147038096,179400
2313,1989-05-10,2.467322587966919,2.493995936465411,2.467322587966919,2.493995936465411,3600
2314,1989-05-11,2.4939956665039062,2.4939956665039062,2.4939956665039062,2.4939956665039062,3600
2315,1989-05-12,2.4806594848632812,2.50733344626966,2.4806594848632812,2.4939961603095364,81600
2316,1989-05-15,2.4939956665039062,2.507332949823277,2.4939956665039062,2.4939956665039062,21600
2317,1989-05-16,2.4939956665039062,2.4939956665039062,2.4673223208926593,2.4939956665039062,4200
2318,1989-05-17,2.520669460296631,2.520669460296631,2.453984879535537,2.4939955058894516,4200
2319,1989-05-18,2.520669460296631,2.520669460296631,2.520669460296631,2.520669460296631,8400
2320,1989-05-19,2.5340065956115723,2.560680554896349,2.5340065956115723,2.5340065956115723,24600
2321,1989-05-22,2.560680389404297,2.587354346965185,2.560680389404297,2.560680389404297,37200
2322,1989-05-23,2.5740177631378174,2.5740177631378174,2.5740177631378174,2.5740177631378174,31200
2323,1989-05-24,2.560680389404297,2.587354346965185,2.547343715880743,2.574017062927851,162600
2324,1989-05-25,2.5340065956115723,2.54734388051087,2.5206699212260935,2.54734388051087,14400
2325,1989-05-26,2.520669460296631,2.5473434147038096,2.520669460296631,2.5340061322433662,4800
2326,1989-05-30,2.5340065956115723,2.54734388051087,2.5340065956115723,2.5340065956115723,10800
2327,1989-05-31,2.5473434925079346,2.5473434925079346,2.520669537286046,2.5340062096401272,4800
2328,1989-06-01,2.5473434925079346,2.560680164862015,2.5340062096401272,2.5473434925079346,12000
2329,1989-06-02,2.5473434925079346,2.560680164862015,2.5473434925079346,2.5473434925079346,100200
2330,1989-06-05,2.520669460296631,2.5473434147038096,2.520669460296631,2.5473434147038096,82200
2331,1989-06-06,2.4806594848632812,2.520670121715915,2.453985523456903,2.520670121715915,27600
2332,1989-06-07,2.467322587966919,2.5073332212284702,2.467322587966919,2.480659262216165,25200
2333,1989-06-08,2.4406485557556152,2.4939958616664404,2.4273118819063577,2.4673225139679253,39000
2334,1989-06-09,2.4806594848632812,2.4806594848632812,2.453985523456903,2.453985523456903,7200
2335,1989-06-12,2.4939956665039062,2.4939956665039062,2.480658993698283,2.480658993698283,2400
2336,1989-06-13,2.4406485557556152,2.4406485557556152,2.4406485557556152,2.4406485557556152,162000
2337,1989-06-14,2.4806594848632812,2.4806594848632812,2.453985523456903,2.453985523456903,20400
2338,1989-06-15,2.4539847373962402,2.4539847373962402,2.4539847373962402,2.4539847373962402,3000
2339,1989-06-16,2.4806594848632812,2.4806594848632812,2.373964249751636,2.453985523456903,3000
2340,1989-06-19,2.4806594848632812,2.4806594848632812,2.453985523456903,2.4806594848632812,4800
2341,1989-06-20,2.5073342323303223,2.5073342323303223,2.493996942188898,2.493996942188898,43200
2342,1989-06-21,2.467322587966919,2.480659262216165,2.467322587966919,2.480659262216165,18000
2343,1989-06-22,2.467322587966919,2.467322587966919,2.440648628954614,2.467322587966919,12600
2344,1989-06-23,2.4539847373962402,2.467322019084164,2.4539847373962402,2.467322019084164,12600
2345,1989-06-26,2.4271655082702637,2.4539852235265256,2.4271655082702637,2.4539852235265256,24600
2346,1989-06-27,2.467395067214966,2.467395067214966,2.3869365257421955,2.427165796478581,24600
2347,1989-06-28,2.4271655082702637,2.4271655082702637,2.4271655082702637,2.4271655082702637,600
2348,1989-06-29,2.4137563705444336,2.4539856433868406,2.4137563705444336,2.4271659235419065,30600
2349,1989-06-30,2.400346279144287,2.400346279144287,2.3869361153047532,2.400346279144287,3000
2350,1989-07-03,2.440575361251831,2.440575361251831,2.4137556494194574,2.4137556494194574,12000
2351,1989-07-05,2.440575361251831,2.440575361251831,2.440575361251831,2.440575361251831,0
2352,1989-07-06,2.4539856910705566,2.4539856910705566,2.4539856910705566,2.4539856910705566,3600
2353,1989-07-07,2.440575361251831,2.440575361251831,2.4271651984107416,2.440575361251831,21000
2354,1989-07-10,2.4271655082702637,2.4271655082702637,2.4137559575670746,2.4271655082702637,18000
2355,1989-07-11,2.4271655082702637,2.4539852235265256,2.4271655082702637,2.4271655082702637,52200
2356,1989-07-12,2.4271655082702637,2.4271655082702637,2.4137559575670746,2.4271655082702637,32400
2357,1989-07-13,2.4271655082702637,2.4539852235265256,2.4271655082702637,2.4271655082702637,32400
2358,1989-07-14,2.4271655082702637,2.4271655082702637,2.4271655082702637,2.4271655082702637,4200
2359,1989-07-17,2.4539856910705566,2.4539856910705566,2.413756417446449,2.427165970704485,4200
2360,1989-07-18,2.440575361251831,2.4539849102431153,2.440575361251831,2.4539849102431153,3000
2361,1989-07-19,2.440575361251831,2.4539849102431153,2.440575361251831,2.440575361251831,18000
2362,1989-07-20,2.440575361251831,2.440575361251831,2.4271651984107416,2.440575361251831,148200
2363,1989-07-21,2.4137563705444336,2.4271659235419065,2.4137563705444336,2.4271659235419065,105600
2364,1989-07-24,2.4539856910705566,2.4539856910705566,2.440576137812521,2.440576137812521,27000
2365,1989-07-25,2.4539856910705566,2.4673952443285923,2.4539856910705566,2.4673952443285923,12600
2366,1989-07-26,2.494215965270996,2.494215965270996,2.4539866755085606,2.4539866755085606,10800
2367,1989-07-27,2.494215965270996,2.494215965270996,2.494215965270996,2.494215965270996,0
2368,1989-07-28,2.4808056354522705,2.4808056354522705,2.4808056354522705,2.4808056354522705,1200
2369,1989-07-31,2.4808056354522705,2.494215189921183,2.467395467133302,2.494215189921183,21000
2370,1989-08-01,2.467395067214966,2.467395067214966,2.467395067214966,2.467395067214966,1800
2371,1989-08-02,2.467395067214966,2.467395067214966,2.467395067214966,2.467395067214966,3000
2372,1989-08-03,2.467395067214966,2.4808052333603983,2.4539855149194896,2.4808052333603983,228000
2373,1989-08-04,2.494215965270996,2.494215965270996,2.494215965270996,2.494215965270996,9000
2374,1989-08-07,2.655130624771118,2.655130624771118,2.4942136172092324,2.4942136172092324,113400
2375,1989-08-08,2.6417222023010254,2.735590292018345,2.6283120367343153,2.655131754017805,191400
2376,1989-08-09,2.6149024963378906,2.6417222137374874,2.6014929445630584,2.628312048112723,25200
2377,1989-08-10,2.6014933586120605,2.6014933586120605,2.5880831908529576,2.5880831908529576,37200
2378,1989-08-11,2.5880825519561768,2.6014927164048323,2.5746730013573997,2.5746730013573997,167400
2379,1989-08-14,2.54785418510437,2.588083464942071,2.54785418510437,2.5746739096128692,6600
2380,1989-08-15,2.54785418510437,2.5612643542836673,2.54785418510437,2.5612643542836673,115800
2381,1989-08-16,2.54785418510437,2.5746739096128692,2.54785418510437,2.5612643542836673,7800
2382,1989-08-17,2.54785418510437,2.54785418510437,2.54785418510437,2.54785418510437,9000
2383,1989-08-18,2.5746724605560303,2.5746724605560303,2.5344432033598423,2.5344432033598423,6000
2384,1989-08-21,2.6149024963378906,2.6149024963378906,2.5746732271634616,2.5746732271634616,5400
2385,1989-08-22,2.628312110900879,2.628312110900879,2.6014930067105286,2.6014930067105286,47400
2386,1989-08-23,2.6149024963378906,2.628312048112723,2.6149024963378906,2.628312048112723,1800
2387,1989-08-24,2.6417222023010254,2.6417222023010254,2.6283120367343153,2.6283120367343153,9000
2388,1989-08-25,2.628312110900879,2.6417222768460014,2.628312110900879,2.6417222768460014,7800
2389,1989-08-28,2.6014933586120605,2.6417226341893087,2.5880831908529576,2.6417226341893087,97200
2390,1989-08-29,2.6149024963378906,2.6417222137374874,2.6149024963378906,2.628312048112723,11400
2391,1989-08-30,2.6149024963378906,2.6417222137374874,2.6149024963378906,2.628312048112723,16800
2392,1989-08-31,2.6149024963378906,2.6149024963378906,2.6149024963378906,2.6149024963378906,1800
2393,1989-09-01,2.628312110900879,2.628312110900879,2.6149025588057038,2.628312110900879,6600
2394,1989-09-05,2.628312110900879,2.628312110900879,2.6014930067105286,2.628312110900879,38400
2395,1989-09-06,2.628312110900879,2.628312110900879,2.6149025588057038,2.6149025588057038,1800
2396,1989-09-07,2.628312110900879,2.6417222768460014,2.6149025588057038,2.6149025588057038,12600
2397,1989-09-08,2.6685423851013184,2.6685423851013184,2.641723270820016,2.641723270820016,10800
2398,1989-09-11,2.7355904579162598,2.7355904579162598,2.681951633946322,2.681951633946322,12000
2399,1989-09-12,2.7355904579162598,2.7490000104462524,2.722180905386267,2.7355904579162598,31200
2400,1989-09-13,2.7221803665161133,2.7355899163916138,2.708770202790767,2.708770202790767,13200
2401,1989-09-14,2.681950092315674,2.708769181959589,2.681950092315674,2.6953596371376314,29400
2402,1989-09-15,2.6685423851013184,2.7087716703734497,2.6685423851013184,2.7087716703734497,49200
2403,1989-09-18,2.655130624771118,2.655130624771118,2.655130624771118,2.655130624771118,12000
2404,1989-09-19,2.628312110900879,2.628312110900879,2.628312110900879,2.628312110900879,54000
2405,1989-09-20,2.628312110900879,2.628312110900879,2.628312110900879,2.628312110900879,36000
2406,1989-09-21,2.628312110900879,2.655131828941176,2.628312110900879,2.628312110900879,12600
2407,1989-09-22,2.6685423851013184,2.6685423851013184,2.655132827960667,2.655132827960667,14400
2408,1989-09-25,2.6752421855926514,2.6752421855926514,2.6617310675894372,2.6752421855926514,19200
2409,1989-09-26,2.6752421855926514,2.688753303595866,2.6482193310868865,2.6482193310868865,33600
2410,1989-09-27,2.6752421855926514,2.6752421855926514,2.6752421855926514,2.6752421855926514,42000
2411,1989-09-28,2.7022645473480225,2.7022645473480225,2.675241697769798,2.675241697769798,26400
2412,1989-09-29,2.7292888164520264,2.7292888164520264,2.702266565194867,2.702266565194867,11400
2413,1989-10-02,2.756312370300293,2.756312370300293,2.7292894938366183,2.7292894938366183,30000
2414,1989-10-03,2.742799997329712,2.756311120183701,2.7292882559761646,2.7292882559761646,17400
2415,1989-10-04,2.742799997329712,2.7427999973297124,2.7427999973297124,2.7427999973297124,1800
2416,1989-10-05,2.742799997329712,2.7427999973297124,2.7427999973297124,2.7427999973297124,30000
2417,1989-10-06,2.7022645473480225,2.729286778427023,2.7022645473480225,2.729286778427023,259200
2418,1989-10-09,2.7022645473480225,2.7157756628875225,2.661730582230298,2.661730582230298,82200
2419,1989-10-10,2.7022645473480225,2.7022645473480225,2.7022645473480225,2.7022645473480225,59400
2420,1989-10-11,2.7022645473480225,2.7022645473480225,2.7022645473480225,2.7022645473480225,8400
2421,1989-10-12,2.7022645473480225,2.7022645473480225,2.7022645473480225,2.7022645473480225,18000
2422,1989-10-13,2.7022645473480225,2.7022645473480225,2.6887528133092986,2.7022645473480225,34800
2423,1989-10-16,2.6076865196228027,2.621198262141314,2.6076865196228027,2.621198262141314,35400
2424,1989-10-17,2.59417462348938,2.607685743486911,2.59417462348938,2.607685743486911,22800
2425,1989-10-18,2.59417462348938,2.607685743486911,2.59417462348938,2.607685743486911,10200
2426,1989-10-19,2.6076865196228027,2.6076865196228027,2.6076865196228027,2.6076865196228027,600
2427,1989-10-20,2.6211981773376465,2.6211981773376465,2.6211981773376465,2.6211981773376465,4200
2428,1989-10-23,2.5806643962860107,2.5941755209577853,2.5806643962860107,2.5941755209577853,36600
2429,1989-10-24,2.5806643962860107,2.5806643962860107,2.5806643962860107,2.5806643962860107,0
2430,1989-10-25,2.5806643962860107,2.5806643962860107,2.5806643962860107,2.5806643962860107,22800
2431,1989-10-26,2.6482205390930176,2.6482205390930176,2.580664299761312,2.5941754239277293,58200
2432,1989-10-27,2.6076865196228027,2.621198262141314,2.6076865196228027,2.621198262141314,4200
2433,1989-10-30,2.6076865196228027,2.621198262141314,2.6076865196228027,2.621198262141314,28200
2434,1989-10-31,2.634708881378174,2.634708881378174,2.6076860200180536,2.6211977599478606,11400
2435,1989-11-01,2.6211981773376465,2.6211981773376465,2.6076864352562805,2.6076864352562805,18000
2436,1989-11-02,2.6076865196228027,2.6076865196228027,2.6076865196228027,2.6076865196228027,600
2437,1989-11-03,2.6076865196228027,2.6076865196228027,2.6076865196228027,2.6076865196228027,17400
2438,1989-11-06,2.6076865196228027,2.621198262141314,2.594175395603903,2.6076865196228027,29400
2439,1989-11-07,2.6076865196228027,2.621198262141314,2.6076865196228027,2.621198262141314,3000
2440,1989-11-08,2.6211981773376465,2.6211981773376465,2.6211981773376465,2.6211981773376465,600
2441,1989-11-09,2.59417462348938,2.62119748198387,2.59417462348938,2.62119748198387,42000
2442,1989-11-10,2.6076865196228027,2.6076865196228027,2.594175395603903,2.594175395603903,10800
2443,1989-11-13,2.634708881378174,2.634708881378174,2.5941748985877404,2.5941748985877404,72600
2444,1989-11-14,2.6076865196228027,2.6076865196228027,2.6076865196228027,2.6076865196228027,600
2445,1989-11-15,2.6076865196228027,2.6076865196228027,2.594175395603903,2.594175395603903,18600
2446,1989-11-16,2.59417462348938,2.59417462348938,2.59417462348938,2.59417462348938,600
2447,1989-11-17,2.59417462348938,2.607685743486911,2.5806635034918486,2.5806635034918486,19800
2448,1989-11-20,2.6076865196228027,2.634709386160214,2.5671525290664916,2.5671525290664916,8400
2449,1989-11-21,2.59417462348938,2.59417462348938,2.59417462348938,2.59417462348938,9000
2450,1989-11-22,2.59417462348938,2.59417462348938,2.59417462348938,2.59417462348938,9000
2451,1989-11-24,2.5806643962860107,2.5806643962860107,2.5806643962860107,2.5806643962860107,600
2452,1989-11-27,2.553640604019165,2.607685701641458,2.553640604019165,2.607685701641458,9000
2453,1989-11-28,2.49959659576416,2.5266188471023607,2.49959659576416,2.5266188471023607,10200
2454,1989-11-29,2.49959659576416,2.49959659576416,2.49959659576416,2.49959659576416,0
2455,1989-11-30,2.526618242263794,2.526618242263794,2.526618242263794,2.526618242263794,1200
2456,1989-12-01,2.486084461212158,2.5131073268067174,2.486084461212158,2.5131073268067174,15600
2457,1989-12-04,2.486084461212158,2.499596203259233,2.486084461212158,2.499596203259233,1800
2458,1989-12-05,2.47257399559021,2.4860851227328613,2.459062868447559,2.459062868447559,28200
2459,1989-12-06,2.47257399559021,2.47257399559021,2.47257399559021,2.47257399559021,2400
2460,1989-12-07,2.5131092071533203,2.5131092071533203,2.4995980734965997,2.4995980734965997,4800
2461,1989-12-08,2.6076865196228027,2.6076865196228027,2.499596290472381,2.499596290472381,37200
2462,1989-12-11,2.5806643962860107,2.5806643962860107,2.5806643962860107,2.5806643962860107,4800
2463,1989-12-12,2.553640604019165,2.58066346208002,2.553640604019165,2.58066346208002,265800
2464,1989-12-13,2.553640604019165,2.553640604019165,2.553640604019165,2.553640604019165,1200
2465,1989-12-14,2.540130376815796,2.5806643689006243,2.540130376815796,2.5536415013441935,21600
2466,1989-12-15,2.540130376815796,2.5536415013441935,2.513107509259365,2.513107509259365,16800
2467,1989-12-18,2.553640604019165,2.553640604019165,2.553640604019165,2.553640604019165,600
2468,1989-12-19,2.526618242263794,2.526618242263794,2.526618242263794,2.526618242263794,1200
2469,1989-12-20,2.553640604019165,2.553640604019165,2.553640604019165,2.553640604019165,3600
2470,1989-12-21,2.5131092071533203,2.5401320929668145,2.5131092071533203,2.5131092071533203,427200
2471,1989-12-22,2.547104597091675,2.547104597091675,2.519863250148414,2.519863250148414,4200
2472,1989-12-26,2.519864082336426,2.5471054382761755,2.519864082336426,2.519864082336426,16800
2473,1989-12-27,2.5334861278533936,2.54710681317556,2.519865442531227,2.54710681317556,91200
2474,1989-12-28,2.5743465423583984,2.5743465423583984,2.506241928637748,2.506241928637748,34200
2475,1989-12-29,2.506242513656616,2.547105166724467,2.506242513656616,2.547105166724467,5400
2476,1990-01-02,2.506242513656616,2.506242513656616,2.506242513656616,2.506242513656616,2400
2477,1990-01-03,2.519864082336426,2.519864082336426,2.519864082336426,2.519864082336426,1800
2478,1990-01-04,2.519864082336426,2.519864082336426,2.519864082336426,2.519864082336426,116400
2479,1990-01-05,2.506242513656616,2.506242513656616,2.506242513656616,2.506242513656616,114000
2480,1990-01-08,2.5334861278533936,2.54710681317556,2.5334861278533936,2.5334861278533936,7200
2481,1990-01-09,2.547104597091675,2.547104597091675,2.547104597091675,2.547104597091675,6000
2482,1990-01-10,2.547104597091675,2.547104597091675,2.519863250148414,2.519863250148414,4200
2483,1990-01-11,2.506242513656616,2.519863813688969,2.506242513656616,2.519863813688969,6600
2484,1990-01-12,2.519864082336426,2.519864082336426,2.4790014249121306,2.4790014249121306,165600
2485,1990-01-15,2.519864082336426,2.574347417730596,2.519864082336426,2.5471054382761755,57000
2486,1990-01-16,2.519864082336426,2.5471054382761755,2.519864082336426,2.5471054382761755,13800
2487,1990-01-17,2.506242513656616,2.506242513656616,2.506242513656616,2.506242513656616,124800
2488,1990-01-18,2.4245176315307617,2.50624295195893,2.4245176315307617,2.50624295195893,201000
2489,1990-01-19,2.4245176315307617,2.465380291744846,2.4245176315307617,2.465380291744846,8400
2490,1990-01-22,2.4517595767974854,2.4517595767974854,2.4517595767974854,2.4517595767974854,12000
2491,1990-01-23,2.4790005683898926,2.4790005683898926,2.4790005683898926,2.4790005683898926,352200
2492,1990-01-24,2.438138008117676,2.438138008117676,2.424516710875551,2.438138008117676,163200
2493,1990-01-25,2.4245176315307617,2.438138933945265,2.4245176315307617,2.438138933945265,189600
2494,1990-01-26,2.4790005683898926,2.4790005683898926,2.3972752817782967,2.4108959550420774,364800
2495,1990-01-29,2.4517595767974854,2.506242915110306,2.4517595767974854,2.4926222364107766,39600
2496,1990-01-30,2.4245176315307617,2.4517596128450556,2.4245176315307617,2.4517596128450556,10200
2497,1990-01-31,2.3972761631011963,2.4245175196436377,2.3972761631011963,2.4108968413724168,79200
2498,1990-02-01,2.3700335025787354,2.3972754748143603,2.3700335025787354,2.3700335025787354,54000
2499,1990-02-02,2.3836543560028076,2.397275654901124,2.3700336806190427,2.3700336806190427,56400
2500,1990-02-05,2.3700335025787354,2.383654176939295,2.356412828218175,2.356412828218175,72000
2501,1990-02-06,2.3972761631011963,2.3972761631011963,2.3972761631011963,2.3972761631011963,5400
2502,1990-02-07,2.3836543560028076,2.397275654901124,2.3836543560028076,2.397275654901124,39600
2503,1990-02-08,2.3972761631011963,2.4108968413724168,2.3836548613152915,2.3972761631011963,80400
2504,1990-02-09,2.3972761631011963,2.4245175196436377,2.3972761631011963,2.4108968413724168,19800
2505,1990-02-12,2.3972761631011963,2.3972761631011963,2.35641350477285,2.370034183044071,93000
2506,1990-02-13,2.3700335025787354,2.3700335025787354,2.3700335025787354,2.3700335025787354,127200
2507,1990-02-14,2.3700335025787354,2.3700335025787354,2.356412828218175,2.3700335025787354,41400
2508,1990-02-15,2.3564133644104004,2.3564133644104004,2.3564133644104004,2.3564133644104004,2400
2509,1990-02-16,2.3972761631011963,2.3972761631011963,2.35641350477285,2.35641350477285,34200
2510,1990-02-20,2.3836543560028076,2.424517005668653,2.3836543560028076,2.424517005668653,6600
2511,1990-02-21,2.315549373626709,2.3700326755718746,2.315549373626709,2.3700326755718746,75600
2512,1990-02-22,2.3019285202026367,2.329170488135929,2.3019285202026367,2.329170488135929,3000
2513,1990-02-23,2.3019285202026367,2.3019285202026367,2.2746871757837503,2.2883078479931935,50400
2514,1990-02-26,2.3019285202026367,2.3155498159264862,2.233824535641015,2.247445207850458,187200
2515,1990-02-27,2.233825445175171,2.315550758736279,2.233825445175171,2.3019294574663207,180000
2516,1990-02-28,2.247446298599243,2.247446298599243,2.2065836386247115,2.2338256197793025,16800
2517,1990-03-01,2.2610671520233154,2.2610671520233154,2.220204488893287,2.220204488893287,57000
2518,1990-03-02,2.2610671520233154,2.2610671520233154,2.2338257922798013,2.2610671520233154,20400
2519,1990-03-05,2.247446298599243,2.288308958573775,2.247446298599243,2.288308958573775,7200
2520,1990-03-06,2.315549373626709,2.315549373626709,2.2338241089518167,2.2338241089518167,18000
2521,1990-03-07,2.3427915573120117,2.3427915573120117,2.3155502082773047,2.3155502082773047,8400
2522,1990-03-08,2.3700335025787354,2.3700335025787354,2.3700335025787354,2.3700335025787354,1200
2523,1990-03-09,2.4790005683898926,2.4926212416536733,2.383653985000061,2.3972752817782967,121800
2524,1990-03-12,2.5334861278533936,2.54710681317556,2.4790027630497207,2.4790027630497207,107400
2525,1990-03-13,2.519864082336426,2.519864082336426,2.5062427808518803,2.519864082336426,78000
2526,1990-03-14,2.3972761631011963,2.492622158029109,2.3972761631011963,2.492622158029109,143400
2527,1990-03-15,2.3972761631011963,2.3972761631011963,2.3836548613152915,2.3836548613152915,4800
2528,1990-03-16,2.3836543560028076,2.397275654901124,2.3836543560028076,2.397275654901124,6000
2529,1990-03-19,2.3836543560028076,2.3836543560028076,2.3836543560028076,2.3836543560028076,2400
2530,1990-03-20,2.3564133644104004,2.37003404187029,2.3564133644104004,2.3564133644104004,41400
2531,1990-03-21,2.3564133644104004,2.3564133644104004,2.3564133644104004,2.3564133644104004,51000
2532,1990-03-22,2.3564133644104004,2.3836547193301794,2.3564133644104004,2.3836547193301794,4800
2533,1990-03-23,2.329169511795044,2.3427901782949783,2.329169511795044,2.3427901782949783,107400
2534,1990-03-26,2.3359875679016113,2.3634693527709136,2.3359875679016113,2.3497284603362627,5400
2535,1990-03-27,2.3222453594207764,2.3359868768077816,2.3222453594207764,2.3359868768077816,16800
2536,1990-03-28,2.2810232639312744,2.322246579719297,2.2810232639312744,2.322246579719297,63600
2537,1990-03-29,2.212317705154419,2.2947643198928724,2.212317705154419,2.2947643198928724,104400
2538,1990-03-30,2.171095371246338,2.2260595960438794,2.1436129443385505,2.2260595960438794,9000
2539,1990-04-02,2.143611192703247,2.143611192703247,2.0336822039177536,2.0336822039177536,310200
2540,1990-04-03,2.198575735092163,2.198575735092163,2.1436115461455865,2.1436115461455865,63600
2541,1990-04-04,2.253540515899658,2.253540515899658,2.198575698841726,2.198575698841726,92400
2542,1990-04-05,2.294764757156372,2.294764757156372,2.253541441932113,2.253541441932113,345600
2543,1990-04-06,2.294764757156372,2.3085056525585013,2.294764757156372,2.3085056525585013,33000
2544,1990-04-09,2.2672805786132812,2.2672805786132812,2.2672805786132812,2.2672805786132812,6000
2545,1990-04-10,2.2397987842559814,2.2535403017232776,2.2397987842559814,2.2535403017232776,60000
2546,1990-04-11,2.2397987842559814,2.2397987842559814,2.2397987842559814,2.2397987842559814,0
2547,1990-04-12,2.253540515899658,2.253540515899658,2.253540515899658,2.253540515899658,4800
2548,1990-04-16,2.2672805786132812,2.281021463356658,2.253539693869904,2.253539693869904,6000
2549,1990-04-17,2.253540515899658,2.2672814056553348,2.253540515899658,2.253540515899658,45600
2550,1990-04-18,2.253540515899658,2.253540515899658,2.253540515899658,2.253540515899658,0
2551,1990-04-19,2.2397987842559814,2.2397987842559814,2.2397987842559814,2.2397987842559814,600
2552,1990-04-20,2.2810232639312744,2.2810232639312744,2.239799948143252,2.2535414727511798,7200
2553,1990-04-23,2.253540515899658,2.253540515899658,2.2397989971263685,2.253540515899658,21000
2554,1990-04-24,2.253540515899658,2.253540515899658,2.2397989971263685,2.2397989971263685,7200
2555,1990-04-25,2.2397987842559814,2.2535403017232776,2.2397987842559814,2.2535403017232776,79200
2556,1990-04-26,2.2672805786132812,2.2947629771174185,2.2672805786132812,2.2672805786132812,10200
2557,1990-04-27,2.2810232639312744,2.2810232639312744,2.2810232639312744,2.2810232639312744,0
2558,1990-04-30,2.226057291030884,2.2672805741981223,2.226057291030884,2.2672805741981223,27000
2559,1990-05-01,2.226057291030884,2.226057291030884,2.226057291030884,2.226057291030884,1200
2560,1990-05-02,2.198575735092163,2.212317254092025,2.198575735092163,2.212317254092025,74400
2561,1990-05-03,2.2397987842559814,2.2397987842559814,2.2397987842559814,2.2397987842559814,0
2562,1990-05-04,2.2397987842559814,2.2397987842559814,2.2123170073564955,2.2123170073564955,14400
2563,1990-05-07,2.253540515899658,2.253540515899658,2.226058107370692,2.226058107370692,4800
2564,1990-05-08,2.253540515899658,2.253540515899658,2.2397989971263685,2.2397989971263685,4800
2565,1990-05-09,2.253540515899658,2.253540515899658,2.253540515899658,2.253540515899658,0
2566,1990-05-10,2.253540515899658,2.253540515899658,2.2397989971263685,2.2397989971263685,7800
2567,1990-05-11,2.3359875679016113,2.3359875679016113,2.253540955258234,2.253540955258234,15600
2568,1990-05-14,2.3497281074523926,2.3497281074523926,2.3222456976926833,2.3222456976926833,3600
2569,1990-05-15,2.3497281074523926,2.363468997823427,2.3497281074523926,2.363468997823427,6600
2570,1990-05-16,2.3497281074523926,2.3497281074523926,2.3497281074523926,2.3497281074523926,0
2571,1990-05-17,2.3497281074523926,2.3497281074523926,2.3497281074523926,2.3497281074523926,0
2572,1990-05-18,2.3497281074523926,2.3497281074523926,2.3222456976926833,2.3222456976926833,3600
2573,1990-05-21,2.363469362258911,2.4184341902536395,2.363469362258911,2.3772108837664625,28800
2574,1990-05-22,2.4046928882598877,2.418434411021842,2.4046928882598877,2.418434411021842,20400
2575,1990-05-23,2.4184327125549316,2.4184327125549316,2.4184327125549316,2.4184327125549316,18000
2576,1990-05-24,2.4184327125549316,2.4184327125549316,2.4184327125549316,2.4184327125549316,3000
2577,1990-05-25,2.4184327125549316,2.4321735966488585,2.4184327125549316,2.4321735966488585,1200
2578,1990-05-29,2.390950918197632,2.4184333223321777,2.390950918197632,2.390950918197632,86400
2579,1990-05-30,2.4046928882598877,2.4046928882598877,2.3772111007715706,2.3772111007715706,1800
2580,1990-05-31,2.445915937423706,2.445915937423706,2.4184341528688997,2.4184341528688997,3000
2581,1990-06-01,2.4321746826171875,2.4321746826171875,2.4321746826171875,2.4321746826171875,2400
2582,1990-06-04,2.445915937423706,2.445915937423706,2.432175045146303,2.432175045146303,12000
2583,1990-06-05,2.4321746826171875,2.4459155728464346,2.4321746826171875,2.4459155728464346,12600
2584,1990-06-06,2.4321746826171875,2.4459155728464346,2.4321746826171875,2.4459155728464346,66000
2585,1990-06-07,2.4184327125549316,2.4321735966488585,2.4184327125549316,2.4321735966488585,6000
2586,1990-06-08,2.4321746826171875,2.4459155728464346,2.4321746826171875,2.4459155728464346,9600
2587,1990-06-11,2.445915937423706,2.445915937423706,2.445915937423706,2.445915937423706,1200
2588,1990-06-12,2.3772101402282715,2.418433433821724,2.3772101402282715,2.418433433821724,65400
2589,1990-06-13,2.363469362258911,2.3772108837664625,2.349728469769098,2.349728469769098,68400
2590,1990-06-14,2.3772101402282715,2.390951028420242,2.3772101402282715,2.390951028420242,12000
2591,1990-06-15,2.445915937423706,2.445915937423706,2.377210847018963,2.377210847018963,22800
2592,1990-06-18,2.4184327125549316,2.445914480742785,2.4184327125549316,2.445914480742785,11400
2593,1990-06-19,2.4184327125549316,2.4184327125549316,2.4184327125549316,2.4184327125549316,0
2594,1990-06-20,2.4184327125549316,2.4184327125549316,2.4046911994436515,2.4046911994436515,7800
2595,1990-06-21,2.4046928882598877,2.4046928882598877,2.390951994515729,2.390951994515729,5400
2596,1990-06-22,2.4046928882598877,2.4046928882598877,2.4046928882598877,2.4046928882598877,6000
2597,1990-06-25,2.369988203048706,2.3977075747986913,2.369988203048706,2.3977075747986913,14400
2598,1990-06-26,2.369988203048706,2.369988203048706,2.369988203048706,2.369988203048706,36000
2599,1990-06-27,2.342268228530884,2.3561282280597085,2.342268228530884,2.3561282280597085,242400
2600,1990-06-28,2.3284106254577637,2.3284106254577637,2.3284106254577637,2.3284106254577637,1200
2601,1990-06-29,2.2729716300964355,2.2729716300964355,2.2729716300964355,2.2729716300964355,26400
2602,1990-07-02,2.2729716300964355,2.2729716300964355,2.2729716300964355,2.2729716300964355,7200
2603,1990-07-03,2.3006904125213623,2.3284097881464016,2.2591116663044626,2.272971671337641,92400
2604,1990-07-05,2.3284106254577637,2.3284106254577637,2.3284106254577637,2.3284106254577637,10800
2605,1990-07-06,2.3006904125213623,2.3284097881464016,2.3006904125213623,2.3284097881464016,56400
2606,1990-07-09,2.3006904125213623,2.3006904125213623,2.3006904125213623,2.3006904125213623,1800
2607,1990-07-10,2.2868313789367676,2.314550758646775,2.2868313789367676,2.3006907515710653,105600
2608,1990-07-11,2.369988203048706,2.411566943453069,2.2868307222399795,2.2868307222399795,228000
2609,1990-07-12,2.411567449569702,2.411567449569702,2.36998870043919,2.36998870043919,84600
2610,1990-07-13,2.397707223892212,2.425425957144308,2.3838472228250276,2.3838472228250276,36600
2611,1990-07-16,2.439286708831787,2.439286708831787,2.411567332608714,2.411567332608714,14400
2612,1990-07-17,2.411567449569702,2.411567449569702,2.411567449569702,2.411567449569702,1800
2613,1990-07-18,2.3838469982147217,2.3977069979759924,2.3838469982147217,2.3977069979759924,32400
2614,1990-07-19,2.3838469982147217,2.3838469982147217,2.3838469982147217,2.3838469982147217,0
2615,1990-07-20,2.3838469982147217,2.3977069979759924,2.3838469982147217,2.3977069979759924,7200
2616,1990-07-23,2.397707223892212,2.397707223892212,2.3838472228250276,2.3838472228250276,2400
2617,1990-07-24,2.369988203048706,2.3977075747986913,2.369988203048706,2.383847571703084,24000
2618,1990-07-25,2.356128692626953,2.397707430529539,2.356128692626953,2.397707430529539,18600
2619,1990-07-26,2.342268228530884,2.3561282280597085,2.3284088634431255,2.3561282280597085,8400
2620,1990-07-27,2.3006904125213623,2.3006904125213623,2.3006904125213623,2.3006904125213623,15000
2621,1990-07-30,2.3006904125213623,2.3006904125213623,2.3006904125213623,2.3006904125213623,0
2622,1990-07-31,2.2729716300964355,2.300690370777223,2.2591116253147354,2.2729716300964355,142200
2623,1990-08-01,2.3284106254577637,2.3284106254577637,2.286831864288875,2.286831864288875,108000
2624,1990-08-02,2.356128692626953,2.356128692626953,2.328409322544832,2.328409322544832,3600
2625,1990-08-03,2.342268228530884,2.3561282280597085,2.342268228530884,2.3561282280597085,7200
2626,1990-08-06,2.314549684524536,2.314549684524536,2.300689683880892,2.314549684524536,6000
2627,1990-08-07,2.2868313789367676,2.3422695039153703,2.2868313789367676,2.3422695039153703,4800
2628,1990-08-08,2.3284106254577637,2.3284106254577637,2.3006912398646557,2.3006912398646557,4800
2629,1990-08-09,2.369988203048706,2.3977075747986913,2.356128834394328,2.356128834394328,35400
2630,1990-08-10,2.369988203048706,2.369988203048706,2.356128834394328,2.356128834394328,12000
2631,1990-08-13,2.369988203048706,2.369988203048706,2.356128834394328,2.356128834394328,7800
2632,1990-08-14,2.356128692626953,2.397707430529539,2.356128692626953,2.397707430529539,16800
2633,1990-08-15,2.356128692626953,2.356128692626953,2.356128692626953,2.356128692626953,1200
2634,1990-08-16,2.3006904125213623,2.3284097881464016,2.3006904125213623,2.3145504175545413,53400
2635,1990-08-17,2.2868313789367676,2.2868313789367676,2.2868313789367676,2.2868313789367676,3000
2636,1990-08-20,2.2868313789367676,2.3006907515710653,2.2868313789367676,2.2868313789367676,5400
2637,1990-08-21,2.3006904125213623,2.3006904125213623,2.272971671337641,2.286831041929502,72000
2638,1990-08-22,2.2868313789367676,2.314550758646775,2.2868313789367676,2.314550758646775,1200
2639,1990-08-23,2.2313928604125977,2.286830975613709,2.2313928604125977,2.286830975613709,43200
2640,1990-08-24,2.203673839569092,2.245252591259075,2.203673839569092,2.245252591259075,52800
2641,1990-08-27,2.203673839569092,2.2175332119852857,2.203673839569092,2.2175332119852857,2400
2642,1990-08-28,2.1620943546295166,2.2036730922185455,2.1620943546295166,2.2036730922185455,6000
2643,1990-08-29,2.1620943546295166,2.189813724502598,2.1620943546295166,2.1620943546295166,10800
2644,1990-08-30,2.134375810623169,2.148235818143238,2.134375810623169,2.148235818143238,7200
2645,1990-08-31,2.1620943546295166,2.1620943546295166,2.1205156170404873,2.1205156170404873,31800
2646,1990-09-04,2.065077781677246,2.134375263756562,2.065077781677246,2.134375263756562,96000
2647,1990-09-05,2.0927953720092773,2.0927953720092773,2.078936010088991,2.0927953720092773,51000
2648,1990-09-06,2.065077781677246,2.0789371512048556,2.065077781677246,2.0789371512048556,12600
2649,1990-09-07,2.037358522415161,2.037358522415161,2.037358522415161,2.037358522415161,1200
2650,1990-09-10,1.9957799911499023,2.051218112756942,1.9957799911499023,2.051218112756942,16200
2651,1990-09-11,1.9957799911499023,1.9957799911499023,1.9957799911499023,1.9957799911499023,15600
2652,1990-09-12,1.9403420686721802,1.9680608150996743,1.9403420686721802,1.9680608150996743,12600
2653,1990-09-13,1.9542007446289062,1.9542007446289062,1.940341376360169,1.940341376360169,172200
2654,1990-09-14,1.968061089515686,1.968061089515686,1.9403423392232362,1.9403423392232362,2400
2655,1990-09-17,1.968061089515686,1.968061089515686,1.968061089515686,1.968061089515686,0
2656,1990-09-18,1.9542007446289062,1.9542007446289062,1.9542007446289062,1.9542007446289062,1800
2657,1990-09-19,1.9542007446289062,1.9542007446289062,1.9542007446289062,1.9542007446289062,0
2658,1990-09-20,1.9542007446289062,1.9542007446289062,1.9542007446289062,1.9542007446289062,4200
2659,1990-09-21,1.968061089515686,1.9819210991034375,1.968061089515686,1.9819210991034375,13200
2660,1990-09-24,1.932988166809082,1.946995113705824,1.9329881668090818,1.946995113705824,19800
2661,1990-09-25,1.932988166809082,1.9329881668090818,1.9329881668090818,1.9329881668090818,17400
2662,1990-09-26,1.9469941854476929,1.946994185447693,1.932987245228966,1.932987245228966,3000
2663,1990-09-27,1.9049736261367798,1.932988161043634,1.9049736261367798,1.932988161043634,16800
2664,1990-09-28,1.890965223312378,1.890965223312378,1.890965223312378,1.890965223312378,8400
2665,1990-10-01,1.8769571781158447,1.9049710337023138,1.8629496091265565,1.9049710337023138,22800
2666,1990-10-02,1.8769571781158447,1.8909641059090794,1.8769571781158447,1.8909641059090794,10200
2667,1990-10-03,1.8769571781158447,1.8769571781158447,1.8769571781158447,1.8769571781158447,7800
2668,1990-10-04,1.8489431142807007,1.8489431142807005,1.8489431142807005,1.8489431142807005,3000
2669,1990-10-05,1.8489431142807007,1.8489431142807005,1.8489431142807005,1.8489431142807005,0
2670,1990-10-08,1.932988166809082,1.961002701799494,1.8769597380251861,1.890966684921928,90000
2671,1990-10-09,1.890965223312378,1.9610011860560916,1.8769582872422084,1.9610011860560916,34200
2672,1990-10-10,1.8769571781158447,1.8769571781158447,1.8769571781158447,1.8769571781158447,9600
2673,1990-10-11,1.9049736261367798,1.9049736261367798,1.9049736261367798,1.9049736261367798,600
2674,1990-10-12,1.9049736261367798,1.9049736261367798,1.9049736261367798,1.9049736261367798,2400
2675,1990-10-15,1.9049736261367798,1.9049736261367798,1.9049736261367798,1.9049736261367798,3600
2676,1990-10-16,1.9049736261367798,1.932988161043634,1.9049736261367798,1.932988161043634,1800
2677,1990-10-17,1.8629512786865234,1.8769588602292788,1.8629512786865234,1.8769588602292788,6600
2678,1990-10-18,1.8769571781158447,1.8769571781158447,1.8349357535400874,1.848942681333322,44400
2679,1990-10-19,1.8769571781158447,1.8769571781158447,1.8769571781158447,1.8769571781158447,0
2680,1990-10-22,1.8349367380142212,1.8489436733224098,1.8349367380142212,1.8489436733224098,17400
2681,1990-10-23,1.8209292888641357,1.8209292888641357,1.8209292888641357,1.8209292888641357,12000
2682,1990-10-24,1.8489431142807007,1.8489431142807005,1.8489431142807005,1.8489431142807005,24000
2683,1990-10-25,1.8489431142807007,1.8489431142807005,1.8489431142807005,1.8489431142807005,1800
2684,1990-10-26,1.8629512786865234,1.8769588602292788,1.8629512786865234,1.8769588602292788,9600
2685,1990-10-29,1.8629512786865234,1.8909658005754058,1.8629512786865234,1.8769588602292788,42000
2686,1990-10-30,1.8629512786865234,1.8629512786865234,1.8489443383403967,1.8489443383403967,1200
2687,1990-10-31,1.8629512786865234,1.8629512786865234,1.8629512786865234,1.8629512786865234,1200
2688,1990-11-01,1.8629512786865234,1.8769588602292788,1.8489443383403967,1.8769588602292788,18000
2689,1990-11-02,1.8489431142807007,1.8489431142807005,1.8489431142807005,1.8489431142807005,3000
2690,1990-11-05,1.8349367380142212,1.8489436733224098,1.8349367380142212,1.8489436733224098,15600
2691,1990-11-06,1.8489431142807007,1.8629500453537895,1.8489431142807005,1.8629500453537895,1200
2692,1990-11-07,1.8209292888641357,1.8349368663484023,1.8209292888641357,1.8349368663484023,2400
2693,1990-11-08,1.806923270225525,1.8489447416261187,1.806923270225525,1.8489447416261187,6600
2694,1990-11-09,1.7929160594940186,1.7929160594940186,1.7929160594940186,1.7929160594940186,8400
2695,1990-11-12,1.806923270225525,1.8209302136268002,1.806923270225525,1.8209302136268002,12000
2696,1990-11-13,1.806923270225525,1.8209302136268002,1.806923270225525,1.806923270225525,6000
2697,1990-11-14,1.7929160594940186,1.8069230008068085,1.7929160594940186,1.8069230008068085,6600
2698,1990-11-15,1.8209292888641357,1.8209292888641357,1.8209292888641357,1.8209292888641357,37800
2699,1990-11-16,1.806923270225525,1.806923270225525,1.806923270225525,1.806923270225525,4200
2700,1990-11-19,1.7929160594940186,1.8069230008068085,1.7929160594940186,1.8069230008068085,15000
2701,1990-11-20,1.8629512786865234,1.8629512786865234,1.8209298164515144,1.8209298164515144,33000
2702,1990-11-21,1.7929160594940186,1.8629514072546403,1.7929160594940186,1.8629514072546403,36000
2703,1990-11-23,1.7929160594940186,1.7929160594940186,1.7929160594940186,1.7929160594940186,15600
2704,1990-11-26,1.7929160594940186,1.8069230008068085,1.7929160594940186,1.8069230008068085,35400
2705,1990-11-27,1.806923270225525,1.806923270225525,1.7929163268242498,1.7929163268242498,3000
2706,1990-11-28,1.8209292888641357,1.8489438026362262,1.8209292888641357,1.8349368663484023,27000
2707,1990-11-29,1.8349367380142212,1.8349367380142212,1.8349367380142212,1.8349367380142212,19200
2708,1990-11-30,1.8209292888641357,1.8209292888641357,1.8209292888641357,1.8209292888641357,6600
2709,1990-12-03,1.9049736261367798,1.9049736261367798,1.8349382506650338,1.8349382506650338,46800
2710,1990-12-04,1.9049736261367798,1.9049736261367798,1.9049736261367798,1.9049736261367798,15000
2711,1990-12-05,1.9610013961791992,1.9610013961791992,1.9189799422696199,1.9189799422696199,5400
2712,1990-12-06,1.9610013961791992,1.975008333750225,1.9610013961791992,1.9610013961791992,34200
2713,1990-12-07,1.9610013961791992,1.9890152713212512,1.9610013961791992,1.9890152713212512,4800
2714,1990-12-10,1.9610013961791992,1.9610013961791992,1.9610013961791992,1.9610013961791992,12600
2715,1990-12-11,1.975008249282837,2.003022764423262,1.975008249282837,1.9890151862548124,20400
2716,1990-12-12,1.975008249282837,1.975008249282837,1.975008249282837,1.975008249282837,3600
2717,1990-12-13,1.975008249282837,1.975008249282837,1.975008249282837,1.975008249282837,4200
2718,1990-12-14,1.9469941854476929,1.9750087070817697,1.946994185447693,1.9750087070817697,156600
2719,1990-12-17,1.9469941854476929,1.9610017668630426,1.932987245228966,1.932987245228966,21600
2720,1990-12-18,1.932988166809082,1.946995113705824,1.9329881668090818,1.946995113705824,69000
2721,1990-12-19,1.9610013961791992,1.9610013961791992,1.9469938174116719,1.9469938174116719,14400
2722,1990-12-20,1.9610013961791992,1.9610013961791992,1.932986879840646,1.9610013961791992,13200
2723,1990-12-21,1.932988166809082,1.9329881668090818,1.9329881668090818,1.9329881668090818,25800
2724,1990-12-24,2.0108141899108887,2.0108141899108887,2.0108141899108887,2.0108141899108887,16200
2725,1990-12-26,2.0108141899108887,2.0108141899108887,2.0108141899108887,2.0108141899108887,0
2726,1990-12-27,1.9824929237365723,1.9824929237365723,1.9824929237365723,1.9824929237365723,600
2727,1990-12-28,1.9683324098587036,2.0108144089795665,1.9683324098587036,2.0108144089795665,4200
2728,1990-12-31,2.024975061416626,2.024975061416626,1.968331976250918,1.9824930716542053,178800
2729,1991-01-02,1.9683324098587036,1.982493508381567,1.9683324098587036,1.982493508381567,10200
2730,1991-01-03,1.9541728496551514,1.9683333064040198,1.9541728496551514,1.9683333064040198,3600
2731,1991-01-04,1.9541728496551514,1.9541728496551514,1.9541728496551514,1.9541728496551514,23400
2732,1991-01-07,1.9400123357772827,1.9541727921091576,1.9400123357772827,1.9541727921091576,34800
2733,1991-01-08,1.9258514642715454,1.9400125705412175,1.9258514642715454,1.9400125705412175,27000
2734,1991-01-09,1.9116894006729126,1.9258498468255614,1.9116894006729126,1.9258498468255614,35400
2735,1991-01-10,1.8692065477371216,1.911688514731147,1.8692065477371216,1.911688514731147,36000
2736,1991-01-11,1.897527813911438,1.897527813911438,1.897527813911438,1.897527813911438,4200
2737,1991-01-14,1.9258514642715454,1.9258514642715454,1.9116910062260914,1.9116910062260914,3000
2738,1991-01-15,1.9116894006729126,1.9258498468255614,1.8975289545202638,1.8975289545202638,34200
2739,1991-01-16,1.897527813911438,1.897527813911438,1.8833667280473803,1.8833667280473803,19800
2740,1991-01-17,1.8550466299057007,1.8692070734787483,1.8550466299057007,1.8692070734787483,6000
2741,1991-01-18,1.8550466299057007,1.8550466299057007,1.8550466299057007,1.8550466299057007,0
2742,1991-01-21,1.9116894006729126,1.9116894006729126,1.8833678601439412,1.8833678601439412,7200
2743,1991-01-22,1.9258514642715454,1.9258514642715454,1.9258514642715454,1.9258514642715454,600
2744,1991-01-23,1.9541728496551514,1.9541728496551514,1.9541728496551514,1.9541728496551514,6600
2745,1991-01-24,1.9683324098587036,1.9683324098587036,1.9400115092607038,1.9400115092607038,12600
2746,1991-01-25,1.9400123357772827,1.9400123357772827,1.9400123357772827,1.9400123357772827,1800
2747,1991-01-28,2.0108141899108887,2.0108141899108887,1.9683321954182373,1.9683321954182373,19800
2748,1991-01-29,1.9966531991958618,1.9966531991958618,1.9966531991958618,1.9966531991958618,3600
2749,1991-01-30,2.0108141899108887,2.0108141899108887,2.0108141899108887,2.0108141899108887,5400
2750,1991-01-31,2.0532968044281006,2.0532968044281006,2.0391363513958476,2.0391363513958476,9000
2751,1991-02-01,2.095778703689575,2.095778703689575,2.0674577990853082,2.0674577990853082,2400
2752,1991-02-04,2.095778703689575,2.1241002565177975,2.095778703689575,2.1241002565177975,16200
2753,1991-02-05,2.1240992546081543,2.1240992546081543,2.095777715138829,2.095777715138829,1200
2754,1991-02-06,2.1240992546081543,2.1524207940774795,2.1240992546081543,2.1524207940774795,3600
2755,1991-02-07,2.1665806770324707,2.180741118977797,2.1524202350871446,2.1524202350871446,19800
2756,1991-02-08,2.1665806770324707,2.1665806770324707,2.1665806770324707,2.1665806770324707,0
2757,1991-02-11,2.180742025375366,2.1949031214300523,2.180742025375366,2.1949031214300523,4800
2758,1991-02-12,2.1665806770324707,2.1665806770324707,2.1665806770324707,2.1665806770324707,2400
2759,1991-02-13,2.1665806770324707,2.1665806770324707,2.1665806770324707,2.1665806770324707,0
2760,1991-02-14,2.0816164016723633,2.1807407761537303,2.0816164016723633,2.1807407761537303,75000
2761,1991-02-15,2.109938859939575,2.109938859939575,2.0674568738214876,2.0674568738214876,5400
2762,1991-02-19,2.095778703689575,2.095778703689575,2.095778703689575,2.095778703689575,1800
2763,1991-02-20,2.095778703689575,2.095778703689575,2.095778703689575,2.095778703689575,0
2764,1991-02-21,2.1240992546081543,2.1240992546081543,2.1240992546081543,2.1240992546081543,1200
2765,1991-02-22,2.1240992546081543,2.1240992546081543,2.1240992546081543,2.1240992546081543,34800
2766,1991-02-25,2.152420997619629,2.1807418915434496,2.152420997619629,2.152420997619629,43200
2767,1991-02-26,2.138258934020996,2.166580463341766,2.1240984934723195,2.1240984934723195,7200
2768,1991-02-27,2.152420997619629,2.152420997619629,2.152420997619629,2.152420997619629,18000
2769,1991-02-28,2.1665806770324707,2.1665806770324707,2.1524202350871446,2.1665806770324707,32400
2770,1991-03-01,2.1665806770324707,2.1665806770324707,2.1524202350871446,2.1665806770324707,5400
2771,1991-03-04,2.279867649078369,2.3789921040038964,2.223224547786149,2.223224547786149,177000
2772,1991-03-05,2.3223488330841064,2.3223488330841064,2.30818773863615,2.30818773863615,111000
2773,1991-03-06,2.3223488330841064,2.350669725532666,2.3223488330841064,2.350669725532666,15000
2774,1991-03-07,2.3789916038513184,2.407313148543186,2.350670059159451,2.350670059159451,22200
2775,1991-03-08,2.3789916038513184,2.3789916038513184,2.3789916038513184,2.3789916038513184,21600
2776,1991-03-11,2.3789916038513184,2.3931520520853677,2.3789916038513184,2.3931520520853677,5400
2777,1991-03-12,2.3506696224212646,2.3789911618511854,2.3506696224212646,2.3789911618511854,10800
2778,1991-03-13,2.3789916038513184,2.3789916038513184,2.3789916038513184,2.3789916038513184,15000
2779,1991-03-14,2.3223488330841064,2.378991266204902,2.3223488330841064,2.378991266204902,7800
2780,1991-03-15,2.2940282821655273,2.3081887344993044,2.2940282821655273,2.2940282821655273,37200
2781,1991-03-18,2.3223488330841064,2.3223488330841064,2.3223488330841064,2.3223488330841064,2400
2782,1991-03-19,2.308187246322632,2.3789907587896955,2.308187246322632,2.3223483377501677,37800
2783,1991-03-20,2.2940282821655273,2.364831840282325,2.2940282821655273,2.336510287390815,30600
2784,1991-03-21,2.3789916038513184,2.3789916038513184,2.2940276179994856,2.2940276179994856,19200
2785,1991-03-22,2.3575029373168945,2.371790615890694,2.3575029373168945,2.371790615890694,78000
2786,1991-03-25,2.3575029373168945,2.3575029373168945,2.3575029373168945,2.3575029373168945,0
2787,1991-03-26,2.3289260864257812,2.3289260864257812,2.2860624121109034,2.3289260864257812,109200
2788,1991-03-27,2.3289260864257812,2.3289260864257812,2.31463841300341,2.31463841300341,58200
2789,1991-03-28,2.3289260864257812,2.3289260864257812,2.3289260864257812,2.3289260864257812,25200
2790,1991-04-01,2.2860617637634277,2.3146377565515284,2.2860617637634277,2.3146377565515284,10800
2791,1991-04-02,2.300351858139038,2.300351858139038,2.300351858139038,2.300351858139038,6000
2792,1991-04-03,2.343214988708496,2.357502665635768,2.343214988708496,2.343214988708496,66600
2793,1991-04-04,2.343214988708496,2.343214988708496,2.343214988708496,2.343214988708496,0
2794,1991-04-05,2.343214988708496,2.343214988708496,2.343214988708496,2.343214988708496,2400
2795,1991-04-08,2.343214988708496,2.343214988708496,2.343214988708496,2.343214988708496,0
2796,1991-04-09,2.3575029373168945,2.3860789485124934,2.3575029373168945,2.371790615890694,33000
2797,1991-04-10,2.3717904090881348,2.3717904090881348,2.3717904090881348,2.3717904090881348,600
2798,1991-04-11,2.3717904090881348,2.3717904090881348,2.3717904090881348,2.3717904090881348,6000
2799,1991-04-12,2.3717904090881348,2.3717904090881348,2.3717904090881348,2.3717904090881348,17400
2800,1991-04-15,2.3575029373168945,2.3575029373168945,2.3575029373168945,2.3575029373168945,15000
2801,1991-04-16,2.343214988708496,2.357502665635768,2.328926657733299,2.357502665635768,27000
2802,1991-04-17,2.4003665447235107,2.4003665447235107,2.3575028564248766,2.3575028564248766,67200
2803,1991-04-18,2.4003665447235107,2.4003665447235107,2.4003665447235107,2.4003665447235107,44400
2804,1991-04-19,2.443230390548706,2.443230390548706,2.400366699486448,2.400366699486448,16200
2805,1991-04-22,2.457517147064209,2.457517147064209,2.4432294734226914,2.4432294734226914,24600
2806,1991-04-23,2.457517147064209,2.457517147064209,2.4432294734226914,2.457517147064209,120000
2807,1991-04-24,2.443230390548706,2.4575180695534518,2.443230390548706,2.4575180695534518,15600
2808,1991-04-25,2.428943157196045,2.457518520448422,2.428943157196045,2.457518520448422,7200
2809,1991-04-26,2.428943157196045,2.428943157196045,2.414654821521716,2.414654821521716,1200
2810,1991-04-29,2.428943157196045,2.428943157196045,2.428943157196045,2.428943157196045,1200
2811,1991-04-30,2.428943157196045,2.428943157196045,2.428943157196045,2.428943157196045,2400
2812,1991-05-01,2.457517147064209,2.457517147064209,2.4432294734226914,2.4432294734226914,15600
2813,1991-05-02,2.457517147064209,2.457517147064209,2.457517147064209,2.457517147064209,0
2814,1991-05-03,2.471806049346924,2.471806049346924,2.471806049346924,2.471806049346924,12000
2815,1991-05-06,2.471806049346924,2.471806049346924,2.471806049346924,2.471806049346924,0
2816,1991-05-07,2.5003809928894043,2.5003809928894043,2.5003809928894043,2.5003809928894043,1200
2817,1991-05-08,2.457517147064209,2.4860931483950193,2.457517147064209,2.4718054747535017,183600
2818,1991-05-09,2.457517147064209,2.4860931483950193,2.457517147064209,2.4860931483950193,2400
2819,1991-05-10,2.471806049346924,2.48609372630974,2.471806049346924,2.48609372630974,3600
2820,1991-05-13,2.457517147064209,2.457517147064209,2.457517147064209,2.457517147064209,16800
2821,1991-05-14,2.457517147064209,2.457517147064209,2.457517147064209,2.457517147064209,1800
2822,1991-05-15,2.457517147064209,2.457517147064209,2.457517147064209,2.457517147064209,3600
2823,1991-05-16,2.4146535396575928,2.4432295417880034,2.4146535396575928,2.4432295417880034,12600
2824,1991-05-17,2.5146689414978027,2.5146689414978027,2.428941598651829,2.428941598651829,9600
2825,1991-05-20,2.486093759536743,2.486093759536743,2.486093759536743,2.486093759536743,1800
2826,1991-05-21,2.5289578437805176,2.5289578437805176,2.500381830919527,2.500381830919527,2400
2827,1991-05-22,2.5289578437805176,2.5289578437805176,2.5289578437805176,2.5289578437805176,12000
2828,1991-05-23,2.5289578437805176,2.5432455231869935,2.5146701643740417,2.5289578437805176,25200
2829,1991-05-24,2.5289578437805176,2.5289578437805176,2.5289578437805176,2.5289578437805176,0
2830,1991-05-28,2.5146689414978027,2.5289566139562245,2.5146689414978027,2.5289566139562245,8400
2831,1991-05-29,2.5146689414978027,2.5146689414978027,2.5146689414978027,2.5146689414978027,0
2832,1991-05-30,2.614685297012329,2.614685297012329,2.5718216036186843,2.5718216036186843,34800
2833,1991-05-31,2.657548189163208,2.657548189163208,2.6289721841670057,2.6289721841670057,8400
2834,1991-06-03,2.657548189163208,2.67183586463738,2.657548189163208,2.67183586463738,15600
2835,1991-06-04,2.686124801635742,2.7004124803411216,2.671836468882356,2.671836468882356,9600
2836,1991-06-05,2.686124801635742,2.686124801635742,2.686124801635742,2.686124801635742,3000
2837,1991-06-06,2.7432754039764404,2.7432754039764404,2.686124051076206,2.714699400502411,43200
2838,1991-06-07,2.714700222015381,2.7432762341369816,2.714700222015381,2.7432762341369816,27000
2839,1991-06-10,2.714700222015381,2.714700222015381,2.714700222015381,2.714700222015381,0
2840,1991-06-11,2.686124801635742,2.686124801635742,2.686124801635742,2.686124801635742,600
2841,1991-06-12,2.6718366146087646,2.68612494814146,2.6718366146087646,2.68612494814146,2400
2842,1991-06-13,2.6718366146087646,2.6718366146087646,2.6718366146087646,2.6718366146087646,0
2843,1991-06-14,2.657548189163208,2.67183586463738,2.6432605136890364,2.67183586463738,19800
2844,1991-06-17,2.714700222015381,2.714700222015381,2.6289728396986,2.6289728396986,21000
2845,1991-06-18,2.714700222015381,2.714700222015381,2.714700222015381,2.714700222015381,600
2846,1991-06-19,2.714700222015381,2.714700222015381,2.714700222015381,2.714700222015381,600
2847,1991-06-20,2.7004122734069824,2.7004122734069824,2.686124595796476,2.686124595796476,5400
2848,1991-06-21,2.686124801635742,2.686124801635742,2.686124801635742,2.686124801635742,3600
2849,1991-06-24,2.650059938430786,2.650059938430786,2.650059938430786,2.650059938430786,600
2850,1991-06-25,2.650059938430786,2.650059938430786,2.650059938430786,2.650059938430786,0
2851,1991-06-26,2.650059938430786,2.650059938430786,2.650059938430786,2.650059938430786,0
2852,1991-06-27,2.5924508571624756,2.606853142159707,2.5924508571624756,2.606853142159707,10800
2853,1991-06-28,2.5636448860168457,2.5636448860168457,2.5636448860168457,2.5636448860168457,15600
2854,1991-07-01,2.506035089492798,2.563644871785386,2.506035089492798,2.563644871785386,32400
2855,1991-07-02,2.506035089492798,2.506035089492798,2.506035089492798,2.506035089492798,1800
2856,1991-07-03,2.506035089492798,2.506035089492798,2.506035089492798,2.506035089492798,600
2857,1991-07-05,2.506035089492798,2.506035089492798,2.477229868699428,2.477229868699428,6000
2858,1991-07-08,2.506035089492798,2.506035089492798,2.506035089492798,2.506035089492798,0
2859,1991-07-09,2.477229595184326,2.477229595184326,2.477229595184326,2.477229595184326,600
2860,1991-07-10,2.4484264850616455,2.4772310604178442,2.434023538089077,2.462828772739745,19200
2861,1991-07-11,2.419621229171753,2.477231038672926,2.419621229171753,2.477231038672926,12600
2862,1991-07-12,2.419621229171753,2.419621229171753,2.419621229171753,2.419621229171753,0
2863,1991-07-15,2.419621229171753,2.43402351672343,2.419621229171753,2.419621229171753,6000
2864,1991-07-16,2.3908157348632812,2.3908157348632812,2.3908157348632812,2.3908157348632812,11400
2865,1991-07-17,2.362011194229126,2.362011194229126,2.362011194229126,2.362011194229126,7200
2866,1991-07-18,2.3476083278656006,2.376413560484769,2.3476083278656006,2.376413560484769,8400
2867,1991-07-19,2.3332042694091797,2.3332042694091797,2.3332042694091797,2.3332042694091797,3000
2868,1991-07-22,2.3332042694091797,2.3332042694091797,2.3332042694091797,2.3332042694091797,1200
2869,1991-07-23,2.3476083278656006,2.3476083278656006,2.318803754540855,2.318803754540855,13200
2870,1991-07-24,2.3476083278656006,2.376413560484769,2.3476083278656006,2.362011273822396,24000
2871,1991-07-25,2.362011194229126,2.362011194229126,2.362011194229126,2.362011194229126,1800
2872,1991-07-26,2.362011194229126,2.362011194229126,2.362011194229126,2.362011194229126,0
2873,1991-07-29,2.362011194229126,2.362011194229126,2.362011194229126,2.362011194229126,0
2874,1991-07-30,2.3332042694091797,2.3332042694091797,2.3332042694091797,2.3332042694091797,2400
2875,1991-07-31,2.3332042694091797,2.3332042694091797,2.3332042694091797,2.3332042694091797,0
2876,1991-08-01,2.3332042694091797,2.3332042694091797,2.3332042694091797,2.3332042694091797,0
2877,1991-08-02,2.3043994903564453,2.333204706497641,2.3043994903564453,2.333204706497641,8400
2878,1991-08-05,2.3043994903564453,2.3043994903564453,2.3043994903564453,2.3043994903564453,3600
2879,1991-08-06,2.318803548812866,2.318803548812866,2.2899983187493445,2.304400604133923,47400
2880,1991-08-07,2.3908157348632812,2.4196209661296217,2.3476082176109667,2.3476082176109667,135600
2881,1991-08-08,2.419621229171753,2.419621229171753,2.4052189416200753,2.4052189416200753,47400
2882,1991-08-09,2.4340219497680664,2.448424887341998,2.4196196714881735,2.448424887341998,21600
2883,1991-08-12,2.419621229171753,2.43402351672343,2.419621229171753,2.419621229171753,20400
2884,1991-08-13,2.419621229171753,2.419621229171753,2.419621229171753,2.419621229171753,4200
2885,1991-08-14,2.419621229171753,2.43402351672343,2.419621229171753,2.43402351672343,6600
2886,1991-08-15,2.4052186012268066,2.4052186012268066,2.4052186012268066,2.4052186012268066,76800
2887,1991-08-16,2.4052186012268066,2.4052186012268066,2.4052186012268066,2.4052186012268066,6600
2888,1991-08-19,2.376413345336914,2.3908156306953807,2.376413345336914,2.376413345336914,2400
2889,1991-08-20,2.4052186012268066,2.4052186012268066,2.390815656419011,2.390815656419011,17400
2890,1991-08-21,2.4340219497680664,2.448424887341998,2.4196196714881735,2.4196196714881735,10200
2891,1991-08-22,2.4340219497680664,2.4340219497680664,2.4196196714881735,2.4340219497680664,6000
2892,1991-08-23,2.419621229171753,2.43402351672343,2.419621229171753,2.43402351672343,42000
2893,1991-08-26,2.4484264850616455,2.4484264850616455,2.4196212504109775,2.4196212504109775,91200
2894,1991-08-27,2.4340219497680664,2.4340219497680664,2.4340219497680664,2.4340219497680664,13200
2895,1991-08-28,2.4628283977508545,2.4628283977508545,2.4196208820008396,2.448426112265639,109800
2896,1991-08-29,2.4484264850616455,2.4484264850616455,2.4484264850616455,2.4484264850616455,54000
2897,1991-08-30,2.4484264850616455,2.4484264850616455,2.4484264850616455,2.4484264850616455,52200
2898,1991-09-03,2.4628283977508545,2.4628283977508545,2.448426112265639,2.448426112265639,22200
2899,1991-09-04,2.4484264850616455,2.4484264850616455,2.4196212504109775,2.4484264850616455,71400
2900,1991-09-05,2.419621229171753,2.43402351672343,2.419621229171753,2.43402351672343,1800
2901,1991-09-06,2.419621229171753,2.419621229171753,2.419621229171753,2.419621229171753,600
2902,1991-09-09,2.419621229171753,2.43402351672343,2.419621229171753,2.43402351672343,1800
2903,1991-09-10,2.4484264850616455,2.4484264850616455,2.4484264850616455,2.4484264850616455,25800
2904,1991-09-11,2.4484264850616455,2.4484264850616455,2.4484264850616455,2.4484264850616455,27000
2905,1991-09-12,2.520437717437744,2.520437717437744,2.477230209942844,2.477230209942844,16200
2906,1991-09-13,2.5924508571624756,2.606853142159707,2.534841057879203,2.534841057879203,17400
2907,1991-09-16,2.6212539672851562,2.6212539672851562,2.592448761284062,2.6212539672851562,12000
2908,1991-09-17,2.5924508571624756,2.606853142159707,2.5924508571624756,2.606853142159707,129000
2909,1991-09-18,2.5924508571624756,2.5924508571624756,2.578048572165244,2.5924508571624756,46800
2910,1991-09-19,2.5924508571624756,2.5924508571624756,2.5924508571624756,2.5924508571624756,18000
2911,1991-09-20,2.6068527698516846,2.6356579950265617,2.6068527698516846,2.621255712086249,13800
2912,1991-09-23,2.6068527698516846,2.6068527698516846,2.6068527698516846,2.6068527698516846,2400
2913,1991-09-24,2.6140568256378174,2.6140568256378174,2.6140568256378174,2.6140568256378174,2400
2914,1991-09-25,2.6140568256378174,2.6140568256378174,2.6140568256378174,2.6140568256378174,600
2915,1991-09-26,2.6576249599456787,2.6576249599456787,2.6140573376514875,2.6140573376514875,11400
2916,1991-09-27,2.7011919021606445,2.7011919021606445,2.672146606347533,2.672146606347533,8400
2917,1991-09-30,2.715714693069458,2.715714693069458,2.6721470741176,2.6721470741176,27600
2918,1991-10-01,2.6866679191589355,2.6866679191589355,2.6866679191589355,2.6866679191589355,2400
2919,1991-10-02,2.672147035598755,2.672147035598755,2.672147035598755,2.672147035598755,3000
2920,1991-10-03,2.6140568256378174,2.657624439398448,2.6140568256378174,2.657624439398448,55200
2921,1991-10-04,2.585010051727295,2.585010051727295,2.585010051727295,2.585010051727295,9600
2922,1991-10-07,2.599534273147583,2.599534273147583,2.599534273147583,2.599534273147583,12000
2923,1991-10-08,2.6140568256378174,2.6140568256378174,2.570489211877187,2.5995345093139504,67200
2924,1991-10-09,2.6140568256378174,2.6140568256378174,2.5995345093139504,2.6140568256378174,3000
2925,1991-10-10,2.6140568256378174,2.6140568256378174,2.5995345093139504,2.5995345093139504,6600
2926,1991-10-11,2.6140568256378174,2.628579141961685,2.6140568256378174,2.628579141961685,1200
2927,1991-10-14,2.6285791397094727,2.6285791397094727,2.6285791397094727,2.6285791397094727,1200
2928,1991-10-15,2.599534273147583,2.628578903156628,2.5704889783495704,2.6140565881521054,43200
2929,1991-10-16,2.599534273147583,2.628578903156628,2.599534273147583,2.6140565881521054,11400
2930,1991-10-17,2.6285791397094727,2.6285791397094727,2.6285791397094727,2.6285791397094727,1200
2931,1991-10-18,2.643101215362549,2.672145838035579,2.6285782392372337,2.6285782392372337,9000
2932,1991-10-21,2.643101215362549,2.672145838035579,2.643101215362549,2.643101215362549,7800
2933,1991-10-22,2.6285791397094727,2.657624437121349,2.6285791397094727,2.657624437121349,10800
2934,1991-10-23,2.6140568256378174,2.6140568256378174,2.6140568256378174,2.6140568256378174,1800
2935,1991-10-24,2.643101215362549,2.643101215362549,2.614055927900719,2.614055927900719,2400
2936,1991-10-25,2.6576249599456787,2.6576249599456787,2.6431026407773346,2.6431026407773346,5400
2937,1991-10-28,2.672147035598755,2.6866700182327645,2.657624717753843,2.657624717753843,19200
2938,1991-10-29,2.672147035598755,2.672147035598755,2.672147035598755,2.672147035598755,3000
2939,1991-10-30,2.672147035598755,2.672147035598755,2.672147035598755,2.672147035598755,23400
2940,1991-10-31,2.672147035598755,2.672147035598755,2.672147035598755,2.672147035598755,31200
2941,1991-11-01,2.643101215362549,2.672145838035579,2.643101215362549,2.672145838035579,43800
2942,1991-11-04,2.585010051727295,2.6140553325743374,2.585010051727295,2.6140553325743374,13800
2943,1991-11-05,2.5269205570220947,2.5559658424921636,2.5269205570220947,2.5559658424921636,16200
2944,1991-11-06,2.5269205570220947,2.5269205570220947,2.5123982466814376,2.5123982466814376,2400
2945,1991-11-07,2.643101215362549,2.643101215362549,2.643101215362549,2.643101215362549,9600
2946,1991-11-08,2.5559661388397217,2.5559661388397217,2.5269208500020417,2.5269208500020417,10800
2947,1991-11-11,2.6140568256378174,2.6140568256378174,2.5850115282010546,2.5850115282010546,3600
2948,1991-11-12,2.599534273147583,2.628578903156628,2.599534273147583,2.6140565881521054,5400
2949,1991-11-13,2.5559661388397217,2.58501076288857,2.5559661388397217,2.58501076288857,3000
2950,1991-11-14,2.497875928878784,2.5559665151057085,2.497875928878784,2.5559665151057085,19800
2951,1991-11-15,2.497875928878784,2.497875928878784,2.497875928878784,2.497875928878784,0
2952,1991-11-18,2.5123982429504395,2.5123982429504395,2.5123982429504395,2.5123982429504395,18000
2953,1991-11-19,2.5269205570220947,2.5269205570220947,2.5269205570220947,2.5269205570220947,1800
2954,1991-11-20,2.497875928878784,2.51239890782998,2.497875928878784,2.51239890782998,4200
2955,1991-11-21,2.4688308238983154,2.4978754466152173,2.4688308238983154,2.4978754466152173,6000
2956,1991-11-22,2.4397873878479004,2.4397873878479004,2.4397873878479004,2.4397873878479004,4200
2957,1991-11-25,2.4397873878479004,2.4397873878479004,2.410742078300895,2.4397873878479004,10800
2958,1991-11-26,2.4252636432647705,2.4252636432647705,2.410740664613068,2.410740664613068,3000
2959,1991-11-27,2.3671727180480957,2.4107403181642497,2.3671727180480957,2.4107403181642497,12000
2960,1991-11-29,2.3671727180480957,2.3816956946126937,2.3671727180480957,2.3816956946126937,7200
2961,1991-12-02,2.294560194015503,2.367172408178054,2.294560194015503,2.367172408178054,38400
2962,1991-12-03,2.2364704608917236,2.29456105168147,2.2364704608917236,2.29456105168147,20400
2963,1991-12-04,2.149334669113159,2.2074252444870317,2.149334669113159,2.2074252444870317,17400
2964,1991-12-05,2.163857936859131,2.163857936859131,2.1348126452593044,2.1348126452593044,1200
2965,1991-12-06,2.163857936859131,2.163857936859131,2.163857936859131,2.163857936859131,600
2966,1991-12-09,2.2074263095855713,2.2074263095855713,2.1929033263402604,2.1929033263402604,30000
2967,1991-12-10,2.2074263095855713,2.2074263095855713,2.178381007884075,2.2074263095855713,13800
2968,1991-12-11,2.1783809661865234,2.1783809661865234,2.1783809661865234,2.1783809661865234,1800
2969,1991-12-12,2.1783809661865234,2.1783809661865234,2.1783809661865234,2.1783809661865234,0
2970,1991-12-13,2.163857936859131,2.1783802502645964,2.163857936859131,2.1783802502645964,6600
2971,1991-12-16,2.265515089035034,2.265515089035034,2.16385758227716,2.192902204328675,61200
2972,1991-12-17,2.2364704608917236,2.2364704608917236,2.2364704608917236,2.2364704608917236,3000
2973,1991-12-18,2.2364704608917236,2.2364704608917236,2.2364704608917236,2.2364704608917236,9600
2974,1991-12-19,2.149334669113159,2.236469867385163,2.149334669113159,2.236469867385163,16800
2975,1991-12-20,2.149334669113159,2.1783799568000957,2.149334669113159,2.1783799568000957,9000
2976,1991-12-23,2.0622007846832275,2.1493360384696913,2.0622007846832275,2.1493360384696913,26400
2977,1991-12-24,2.1281895637512207,2.1281895637512207,2.0841580509021087,2.0841580509021087,35400
2978,1991-12-26,2.098834753036499,2.128188634203036,2.098834753036499,2.098834753036499,13200
2979,1991-12-27,2.098834753036499,2.1428662466535777,2.098834753036499,2.1135116936197678,28200
2980,1991-12-30,2.1428654193878174,2.1722192892221206,2.1135108776865,2.1135108776865,43200
2981,1991-12-31,2.2749617099761963,2.2749617099761963,2.1722210659216334,2.1722210659216334,22800
2982,1992-01-02,2.2456061840057373,2.2456061840057373,2.2456061840057373,2.2456061840057373,1200
2983,1992-01-03,2.2015738487243652,2.23092839066303,2.2015738487243652,2.23092839066303,33000
2984,1992-01-06,2.230929136276245,2.230929136276245,2.216251524467904,2.230929136276245,10800
2985,1992-01-07,2.2162506580352783,2.2162506580352783,2.1868967896288383,2.2162506580352783,29400
2986,1992-01-08,2.1868960857391357,2.2015730152183366,2.1868960857391357,2.2015730152183366,40200
2987,1992-01-09,2.1428654193878174,2.186896896006286,2.1428654193878174,2.186896896006286,54600
2988,1992-01-10,2.098834753036499,2.1722201278201143,2.069480200002689,2.1722201278201143,49800
2989,1992-01-13,2.0841574668884277,2.1135120245180827,2.0841574668884277,2.0988350816369445,9600
2990,1992-01-14,2.0841574668884277,2.1135120245180827,2.0548035811261514,2.0988350816369445,59400
2991,1992-01-15,2.1428654193878174,2.1428654193878174,2.1135108776865,2.1135108776865,4800
2992,1992-01-16,2.1575429439544678,2.1722198828827795,2.1575429439544678,2.1722198828827795,24600
2993,1992-01-17,2.1575429439544678,2.1722198828827795,2.142866005026156,2.142866005026156,12000
2994,1992-01-20,2.2749617099761963,2.2749617099761963,2.1868986847108927,2.1868986847108927,30600
2995,1992-01-21,2.2749617099761963,2.2749617099761963,2.2749617099761963,2.2749617099761963,0
2996,1992-01-22,2.2456061840057373,2.2456061840057373,2.2456061840057373,2.2456061840057373,1800
2997,1992-01-23,2.2602834701538086,2.2602834701538086,2.2015750267301315,2.245606527264734,72000
2998,1992-01-24,2.2602834701538086,2.2602834701538086,2.2602834701538086,2.2602834701538086,0
2999,1992-01-27,2.2162506580352783,2.2896366727853406,2.2162506580352783,2.2896366727853406,48000
3000,1992-01-28,2.2162506580352783,2.2162506580352783,2.2162506580352783,2.2162506580352783,0
3001,1992-01-29,2.230929136276245,2.230929136276245,2.230929136276245,2.230929136276245,2400
3002,1992-01-30,2.2015738487243652,2.23092839066303,2.2015738487243652,2.23092839066303,4200
3003,1992-01-31,2.2456061840057373,2.2456061840057373,2.2162516308472893,2.2162516308472893,4200
3004,1992-02-03,2.2162506580352783,2.2309282641054793,2.2162506580352783,2.2309282641054793,25200
3005,1992-02-04,2.172220230102539,2.1868978432441994,2.1428663475538285,2.1868978432441994,28200
3006,1992-02-05,2.2015738487243652,2.23092839066303,2.2015738487243652,2.2015738487243652,33600
3007,1992-02-06,2.172220230102539,2.172220230102539,2.172220230102539,2.172220230102539,3000
3008,1992-02-07,2.113511085510254,2.1722195028187343,2.113511085510254,2.157542566458384,201000
3009,1992-02-10,2.113511085510254,2.113511085510254,2.113511085510254,2.113511085510254,0
3010,1992-02-11,2.113511085510254,2.113511085510254,2.0841565409224736,2.113511085510254,24000
3011,1992-02-12,2.0841574668884277,2.0841574668884277,2.0694805240072895,2.0841574668884277,10800
3012,1992-02-13,2.113511085510254,2.1428656300980338,2.113511085510254,2.113511085510254,42000
3013,1992-02-14,2.0841574668884277,2.0841574668884277,2.0694805240072895,2.0841574668884277,18600
3014,1992-02-18,2.0841574668884277,2.0841574668884277,2.0841574668884277,2.0841574668884277,34200
3015,1992-02-19,2.054802417755127,2.054802417755127,2.054802417755127,2.054802417755127,18000
3016,1992-02-20,2.054802417755127,2.0694793523265997,2.054802417755127,2.054802417755127,23400
3017,1992-02-21,2.054802417755127,2.054802417755127,2.025447876745183,2.025447876745183,102600
3018,1992-02-24,2.1281895637512207,2.1575441296064843,2.0694811039082603,2.0694811039082603,31800
3019,1992-02-25,2.2015738487243652,2.2015738487243652,2.128187829811213,2.128187829811213,15600
3020,1992-02-26,2.2162506580352783,2.2309282641054793,2.201573723832058,2.201573723832058,5400
3021,1992-02-27,2.289637565612793,2.3043145055391783,2.216251522246379,2.216251522246379,73200
3022,1992-02-28,2.3336691856384277,2.3336691856384277,2.3189922449046376,2.3189922449046376,34200
3023,1992-03-02,2.4657645225524902,2.495119086062524,2.348346940379867,2.348346940379867,65400
3024,1992-03-03,2.4804394245147705,2.4804394245147705,2.4657624907871667,2.4657624907871667,42000
3025,1992-03-04,2.4657645225524902,2.4657645225524902,2.4657645225524902,2.4657645225524902,5400
3026,1992-03-05,2.5244715213775635,2.5244715213775635,2.465763100092963,2.465763100092963,43800
3027,1992-03-06,2.6125354766845703,2.6125354766845703,2.539150090308506,2.5538270332102426,160200
3028,1992-03-09,2.641890287399292,2.656567231706807,2.6125357269168186,2.641890287399292,18600
3029,1992-03-10,2.641890287399292,2.641890287399292,2.641890287399292,2.641890287399292,0
3030,1992-03-11,2.6125354766845703,2.6418900343554235,2.6125354766845703,2.6418900343554235,25200
3031,1992-03-12,2.5831804275512695,2.612534300135289,2.5831804275512695,2.612534300135289,26400
3032,1992-03-13,2.5244715213775635,2.583180614529289,2.465763100092963,2.583180614529289,128400
3033,1992-03-16,2.553826332092285,2.553826332092285,2.5244717824803202,2.5244717824803202,18000
3034,1992-03-17,2.5685033798217773,2.5685033798217773,2.5391495008329454,2.5391495008329454,63000
3035,1992-03-18,2.5685033798217773,2.5685033798217773,2.5685033798217773,2.5685033798217773,3600
3036,1992-03-19,2.553826332092285,2.553826332092285,2.553826332092285,2.553826332092285,600
3037,1992-03-20,2.5685033798217773,2.5685033798217773,2.5685033798217773,2.5685033798217773,4200
3038,1992-03-23,2.5831804275512695,2.5831804275512695,2.5831804275512695,2.5831804275512695,3600
3039,1992-03-24,2.5831804275512695,2.5831804275512695,2.5538258831001728,2.5831804275512695,6000
3040,1992-03-25,2.5313124656677246,2.5461152366671675,2.5313124656677246,2.5461152366671675,17400
3041,1992-03-26,2.546114444732666,2.546114444732666,2.546114444732666,2.546114444732666,6000
3042,1992-03-27,2.5165092945098877,2.5165092945098877,2.5165092945098877,2.5165092945098877,1200
3043,1992-03-30,2.457296133041382,2.501705103383257,2.457296133041382,2.501705103383257,49200
3044,1992-03-31,2.457296133041382,2.4720995749067476,2.4424933688031274,2.457296133041382,64200
3045,1992-04-01,2.457296133041382,2.457296133041382,2.4276906045648725,2.4276906045648725,7200
3046,1992-04-02,2.3684773445129395,2.4424924944632047,2.3684773445129395,2.4424924944632047,325200
3047,1992-04-03,2.3684773445129395,2.3832807810791135,2.3684773445129395,2.3832807810791135,6600
3048,1992-04-06,2.3980839252471924,2.3980839252471924,2.3832811639299676,2.3832811639299676,16800
3049,1992-04-07,2.3980839252471924,2.3980839252471924,2.3980839252471924,2.3980839252471924,26400
3050,1992-04-08,2.3388724327087402,2.368477958259062,2.3240689923065356,2.368477958259062,70200
3051,1992-04-09,2.3684773445129395,2.3684773445129395,2.3684773445129395,2.3684773445129395,37200
3052,1992-04-10,2.3240697383880615,2.3684787185969243,2.3240697383880615,2.3684787185969243,12000
3053,1992-04-13,2.3536763191223145,2.3536763191223145,2.3536763191223145,2.3536763191223145,600
3054,1992-04-14,2.3388724327087402,2.353675195483901,2.3388724327087402,2.353675195483901,22200
3055,1992-04-15,2.3388724327087402,2.3462734752827985,2.3388724327087402,2.3388724327087402,26400
3056,1992-04-16,2.3536763191223145,2.3684790889642757,2.338873549280353,2.3684790889642757,63600
3057,1992-04-20,2.3536763191223145,2.3536763191223145,2.34627459538765,2.3536763191223145,15600
3058,1992-04-21,2.3684773445129395,2.3684773445129395,2.338871826634328,2.338871826634328,10200
3059,1992-04-22,2.3980839252471924,2.3980839252471924,2.3684777249857656,2.3684777249857656,21000
3060,1992-04-23,2.6053261756896973,2.6053261756896973,2.427690315475105,2.427690315475105,48600
3061,1992-04-24,2.5609171390533447,2.5905226631768903,2.531310937302788,2.5905226631768903,18600
3062,1992-04-27,2.5757217407226562,2.590524513356725,2.5757217407226562,2.590524513356725,3000
3063,1992-04-28,2.6053261756896973,2.6201289381652364,2.560917210636049,2.6053261756896973,49200
3064,1992-04-29,2.5905232429504395,2.6053266859523165,2.5905232429504395,2.6053266859523165,12600
3065,1992-04-30,2.634931802749634,2.634931802749634,2.605326276651282,2.605326276651282,15600
3066,1992-05-01,2.67934250831604,2.67934250831604,2.649736963004811,2.649736963004811,60600
3067,1992-05-04,2.723749876022339,2.723749876022339,2.6645381431611224,2.6645381431611224,52200
3068,1992-05-05,2.738553047180176,2.738553047180176,2.7237496072055585,2.7237496072055585,16200
3069,1992-05-06,2.723749876022339,2.723749876022339,2.723749876022339,2.723749876022339,9000
3070,1992-05-07,2.723749876022339,2.723749876022339,2.6941443484052763,2.6941443484052763,7800
3071,1992-05-08,2.6941440105438232,2.7237495344481797,2.6941440105438232,2.7237495344481797,44400
3072,1992-05-11,2.67934250831604,2.708948731254766,2.67934250831604,2.708948731254766,36600
3073,1992-05-12,2.797764539718628,2.8421735006665427,2.694143856715816,2.694143856715816,84000
3074,1992-05-13,2.8125669956207275,2.8125669956207275,2.8125669956207275,2.8125669956207275,600
3075,1992-05-14,2.797764539718628,2.797764539718628,2.797764539718628,2.797764539718628,3600
3076,1992-05-15,2.8125669956207275,2.8125669956207275,2.797764236120062,2.797764236120062,3600
3077,1992-05-18,2.797764539718628,2.8273707395595604,2.797764539718628,2.8273707395595604,21000
3078,1992-05-19,2.797764539718628,2.8273707395595604,2.797764539718628,2.8273707395595604,1200
3079,1992-05-20,2.8717799186706543,2.8717799186706543,2.7977647522590283,2.7977647522590283,105600
3080,1992-05-21,2.8421730995178223,2.8421730995178223,2.8421730995178223,2.8421730995178223,1800
3081,1992-05-22,2.827371835708618,2.827371835708618,2.827371835708618,2.827371835708618,1200
3082,1992-05-26,2.8125669956207275,2.842173192248952,2.8125669956207275,2.842173192248952,46200
3083,1992-05-27,2.827371835708618,2.827371835708618,2.8125683912354935,2.827371835708618,123000
3084,1992-05-28,2.8421730995178223,2.8421730995178223,2.8273703405001243,2.8273703405001243,29400
3085,1992-05-29,2.8421730995178223,2.8717792951800902,2.8273703405001243,2.8717792951800902,15000
3086,1992-06-01,2.8125669956207275,2.8273704327482867,2.8125669956207275,2.8125669956207275,21000
3087,1992-06-02,2.8421730995178223,2.8421730995178223,2.8421730995178223,2.8421730995178223,1200
3088,1992-06-03,2.8125669956207275,2.8273704327482867,2.797764236120062,2.8273704327482867,24000
3089,1992-06-04,2.8421730995178223,2.8421730995178223,2.8421730995178223,2.8421730995178223,18000
3090,1992-06-05,2.8421730995178223,2.8421730995178223,2.8421730995178223,2.8421730995178223,0
3091,1992-06-08,2.8421730995178223,2.8421730995178223,2.8421730995178223,2.8421730995178223,3600
3092,1992-06-09,2.8421730995178223,2.8421730995178223,2.8421730995178223,2.8421730995178223,38400
3093,1992-06-10,2.8421730995178223,2.8421730995178223,2.8125669038555543,2.8125669038555543,2400
3094,1992-06-11,2.8125669956207275,2.8125669956207275,2.8125669956207275,2.8125669956207275,24000
3095,1992-06-12,2.8125669956207275,2.8125669956207275,2.8125669956207275,2.8125669956207275,0
3096,1992-06-15,2.8421730995178223,2.8421730995178223,2.8421730995178223,2.8421730995178223,18000
3097,1992-06-16,2.8421730995178223,2.8421730995178223,2.8421730995178223,2.8421730995178223,4200
3098,1992-06-17,2.7829627990722656,2.827371776304125,2.7829627990722656,2.827371776304125,7200
3099,1992-06-18,2.7533557415008545,2.7681585034827165,2.7533557415008545,2.7681585034827165,19200
3100,1992-06-19,2.7533557415008545,2.7533557415008545,2.7533557415008545,2.7533557415008545,10200
3101,1992-06-22,2.7681591510772705,2.7681591510772705,2.7681591510772705,2.7681591510772705,30000
3102,1992-06-23,2.827371835708618,2.827371835708618,2.768159413070579,2.7977656243895987,37200
3103,1992-06-24,2.8347721099853516,2.8347721099853516,2.8347721099853516,2.8347721099853516,21000
3104,1992-06-25,2.775092363357544,2.8347715413622816,2.775092363357544,2.8347715413622816,18600
3105,1992-06-26,2.7900125980377197,2.7900125980377197,2.7900125980377197,2.7900125980377197,30000
3106,1992-06-29,2.8049323558807373,2.8198519799677277,2.790012048817135,2.8198519799677277,16800
3107,1992-06-30,2.9242913722991943,2.9242913722991943,2.8646121795508077,2.8646121795508077,57000
3108,1992-07-01,2.894451141357422,2.894451141357422,2.894451141357422,2.894451141357422,1800
3109,1992-07-02,2.894451141357422,2.9093707637691884,2.894451141357422,2.9093707637691884,4800
3110,1992-07-06,2.8646113872528076,2.8646113872528076,2.8646113872528076,2.8646113872528076,30000
3111,1992-07-07,2.8496923446655273,2.8646119710223634,2.8496923446655273,2.8646119710223634,23400
3112,1992-07-08,2.8347721099853516,2.8347721099853516,2.8347721099853516,2.8347721099853516,8400
3113,1992-07-09,2.8049323558807373,2.834771604054718,2.8049323558807373,2.834771604054718,25200
3114,1992-07-10,2.715412139892578,2.7750912949202573,2.715412139892578,2.7750912949202573,43800
3115,1992-07-13,2.700493574142456,2.700493574142456,2.700493574142456,2.700493574142456,1200
3116,1992-07-14,2.7900125980377197,2.80493290803842,2.685573842916547,2.685573842916547,108600
3117,1992-07-15,2.8646113872528076,2.8646113872528076,2.8347714576433987,2.8347714576433987,17400
3118,1992-07-16,2.9242913722991943,2.9242913722991943,2.8496925521079026,2.8646121795508077,131400
3119,1992-07-17,2.894451141357422,2.894451141357422,2.894451141357422,2.894451141357422,4800
3120,1992-07-20,2.894451141357422,2.894451141357422,2.894451141357422,2.894451141357422,0
3121,1992-07-21,2.8646113872528076,2.8646113872528076,2.8646113872528076,2.8646113872528076,12600
3122,1992-07-22,2.8646113872528076,2.8646113872528076,2.8646113872528076,2.8646113872528076,1200
3123,1992-07-23,2.8646113872528076,2.8646113872528076,2.8646113872528076,2.8646113872528076,600
3124,1992-07-24,2.819852113723755,2.8347717385184383,2.819852113723755,2.8347717385184383,34800
3125,1992-07-27,2.819852113723755,2.819852113723755,2.819852113723755,2.819852113723755,0
3126,1992-07-28,2.8496923446655273,2.8646119710223634,2.819852408975139,2.834772035331975,136200
3127,1992-07-29,2.8347721099853516,2.849692419711828,2.8347721099853516,2.849692419711828,33000
3128,1992-07-30,2.8347721099853516,2.849692419711828,2.8347721099853516,2.849692419711828,25800
3129,1992-07-31,2.8347721099853516,2.849692419711828,2.8347721099853516,2.849692419711828,9000
3130,1992-08-03,2.7900125980377197,2.849692472087029,2.7900125980377197,2.849692472087029,254400
3131,1992-08-04,2.7900125980377197,2.8198525350623744,2.7900125980377197,2.8198525350623744,21000
3132,1992-08-05,2.7900125980377197,2.80493290803842,2.7900125980377197,2.80493290803842,53400
3133,1992-08-06,2.7900125980377197,2.7900125980377197,2.7900125980377197,2.7900125980377197,5400
3134,1992-08-07,2.7900125980377197,2.7900125980377197,2.7900125980377197,2.7900125980377197,24600
3135,1992-08-10,2.775092363357544,2.775092363357544,2.775092363357544,2.775092363357544,31200
3136,1992-08-11,2.760171890258789,2.760171890258789,2.760171890258789,2.760171890258789,39000
3137,1992-08-12,2.655733823776245,2.7452529491055198,2.655733823776245,2.7452529491055198,24600
3138,1992-08-13,2.655733823776245,2.6706541333156077,2.62589457065097,2.655733823776245,21000
3139,1992-08-14,2.6258928775787354,2.6258928775787354,2.6258928775787354,2.6258928775787354,43800
3140,1992-08-17,2.6258928775787354,2.6258928775787354,2.6258928775787354,2.6258928775787354,0
3141,1992-08-18,2.6408135890960693,2.6408135890960693,2.625893965969072,2.6408135890960693,2400
3142,1992-08-19,2.655733823776245,2.655733823776245,2.655733823776245,2.655733823776245,1800
3143,1992-08-20,2.655733823776245,2.655733823776245,2.655733823776245,2.655733823776245,0
3144,1992-08-21,2.6408135890960693,2.6408135890960693,2.6408135890960693,2.6408135890960693,1200
3145,1992-08-24,2.610973358154297,2.6258936625337457,2.610973358154297,2.6258936625337457,2400
3146,1992-08-25,2.581134080886841,2.610973323294367,2.581134080886841,2.610973323294367,4200
3147,1992-08-26,2.566213846206665,2.5960537723988177,2.566213846206665,2.5960537723988177,33000
3148,1992-08-27,2.551295042037964,2.551295042037964,2.551295042037964,2.551295042037964,3000
3149,1992-08-28,2.536374568939209,2.536374568939209,2.536374568939209,2.536374568939209,30000
3150,1992-08-31,2.491614818572998,2.5214540589549466,2.491614818572998,2.5214540589549466,36000
3151,1992-09-01,2.491614818572998,2.491614818572998,2.47669451540559,2.47669451540559,30000
3152,1992-09-02,2.491614818572998,2.491614818572998,2.491614818572998,2.491614818572998,0
3153,1992-09-03,2.491614818572998,2.491614818572998,2.491614818572998,2.491614818572998,0
3154,1992-09-04,2.4468562602996826,2.506535448071043,2.4468562602996826,2.506535448071043,61800
3155,1992-09-08,2.4020960330963135,2.4170156551606876,2.3871757280554196,2.4170156551606876,16800
3156,1992-09-09,2.4020960330963135,2.4020960330963135,2.4020960330963135,2.4020960330963135,3000
3157,1992-09-10,2.417015790939331,2.446855719720891,2.3871758621577706,2.3871758621577706,16800
3158,1992-09-11,2.3871757984161377,2.4170157264009213,2.3871757984161377,2.4170157264009213,32400
3159,1992-09-14,2.417015790939331,2.417015790939331,2.417015790939331,2.417015790939331,25200
3160,1992-09-15,2.417015790939331,2.431935413841832,2.417015790939331,2.431935413841832,8400
3161,1992-09-16,2.417015790939331,2.417015790939331,2.417015790939331,2.417015790939331,600
3162,1992-09-17,2.3871757984161377,2.4170157264009213,2.3871757984161377,2.4170157264009213,4200
3163,1992-09-18,2.3871757984161377,2.4170157264009213,2.3871757984161377,2.4170157264009213,3600
3164,1992-09-21,2.3722567558288574,2.3722567558288574,2.3722567558288574,2.3722567558288574,1200
3165,1992-09-22,2.3722567558288574,2.3722567558288574,2.3722567558288574,2.3722567558288574,0
3166,1992-09-23,2.35733699798584,2.3722566233037035,2.342416689691308,2.3722566233037035,36000
3167,1992-09-24,2.3497447967529297,2.3497447967529297,2.3497447967529297,2.3497447967529297,0
3168,1992-09-25,2.334683656692505,2.334683656692505,2.334683656692505,2.334683656692505,1200
3169,1992-09-28,2.3196206092834473,2.3196206092834473,2.3196206092834473,2.3196206092834473,7800
3170,1992-09-29,2.3196206092834473,2.3196206092834473,2.3196206092834473,2.3196206092834473,0
3171,1992-09-30,2.3497447967529297,2.3648070335637805,2.3196196336262243,2.3196196336262243,39600
3172,1992-10-01,2.3497447967529297,2.3497447967529297,2.3196196336262243,2.334682559942079,6000
3173,1992-10-02,2.3196206092834473,2.3196206092834473,2.3196206092834473,2.3196206092834473,1200
3174,1992-10-05,2.2894961833953857,2.304558426938968,2.2593710068029096,2.304558426938968,18600
3175,1992-10-06,2.3196206092834473,2.3196206092834473,2.3045583661372557,2.3045583661372557,66000
3176,1992-10-07,2.3196206092834473,2.3196206092834473,2.3196206092834473,2.3196206092834473,0
3177,1992-10-08,2.3196206092834473,2.3196206092834473,2.2894961229910646,2.2894961229910646,37200
3178,1992-10-09,2.2894961833953857,2.304558426938968,2.2894961833953857,2.304558426938968,1200
3179,1992-10-12,2.27443265914917,2.27443265914917,2.27443265914917,2.27443265914917,1200
3180,1992-10-13,2.27443265914917,2.27443265914917,2.27443265914917,2.27443265914917,0
3181,1992-10-14,2.229243755340576,2.2443066743696503,2.229243755340576,2.2443066743696503,30000
3182,1992-10-15,2.229243755340576,2.2593689038940536,2.229243755340576,2.2443066743696503,50400
3183,1992-10-16,2.229243755340576,2.229243755340576,2.229243755340576,2.229243755340576,13200
3184,1992-10-19,2.2593703269958496,2.2593703269958496,2.2593703269958496,2.2593703269958496,5400
3185,1992-10-20,2.27443265914917,2.28949558828273,2.27443265914917,2.28949558828273,6600
3186,1992-10-21,2.2894961833953857,2.2894961833953857,2.2894961833953857,2.2894961833953857,3000
3187,1992-10-22,2.2894961833953857,2.2894961833953857,2.2894961833953857,2.2894961833953857,1200
3188,1992-10-23,2.2894961833953857,2.2894961833953857,2.2744332503464917,2.2744332503464917,9000
3189,1992-10-26,2.2894961833953857,2.2894961833953857,2.2894961833953857,2.2894961833953857,0
3190,1992-10-27,2.3045589923858643,2.3045589923858643,2.2894967451466073,2.3045589923858643,6000
3191,1992-10-28,2.2894961833953857,2.2894961833953857,2.2894961833953857,2.2894961833953857,6000
3192,1992-10-29,2.27443265914917,2.27443265914917,2.27443265914917,2.27443265914917,12000
3193,1992-10-30,2.1991195678710938,2.2443069515293717,2.1689944155973238,2.2443069515293717,39600
3194,1992-11-02,2.1840574741363525,2.214182637819239,2.1840574741363525,2.214182637819239,22200
3195,1992-11-03,2.229243755340576,2.2443066743696503,2.214181525816173,2.214181525816173,23400
3196,1992-11-04,2.2593703269958496,2.274432566007454,2.2443080879842454,2.2593703269958496,10200
3197,1992-11-05,2.2593703269958496,2.2593703269958496,2.2593703269958496,2.2593703269958496,0
3198,1992-11-06,2.2894961833953857,2.2894961833953857,2.2593710068029096,2.2593710068029096,7200
3199,1992-11-09,2.27443265914917,2.28949558828273,2.27443265914917,2.28949558828273,5400
3200,1992-11-10,2.27443265914917,2.3045578279111574,2.27443265914917,2.3045578279111574,9000
3201,1992-11-11,2.27443265914917,2.27443265914917,2.27443265914917,2.27443265914917,0
3202,1992-11-12,2.2443087100982666,2.27443319647187,2.2443087100982666,2.2593709532850683,19800
3203,1992-11-13,2.2443087100982666,2.2443087100982666,2.2443087100982666,2.2443087100982666,1800
3204,1992-11-16,2.2443087100982666,2.27443319647187,2.2443087100982666,2.2593709532850683,8400
3205,1992-11-17,2.2443087100982666,2.2593709532850683,2.229245777406169,2.229245777406169,10800
3206,1992-11-18,2.2443087100982666,2.2443087100982666,2.229245777406169,2.2443087100982666,10800
3207,1992-11-19,2.2593703269958496,2.2593703269958496,2.2292451594675367,2.2292451594675367,13800
3208,1992-11-20,2.2593703269958496,2.2593703269958496,2.2593703269958496,2.2593703269958496,0
3209,1992-11-23,2.27443265914917,2.27443265914917,2.27443265914917,2.27443265914917,9600
3210,1992-11-24,2.2141828536987305,2.2593702588762556,2.2141828536987305,2.2593702588762556,12000
3211,1992-11-25,2.2141828536987305,2.2443080203187753,2.2141828536987305,2.2443080203187753,5400
3212,1992-11-27,2.168994903564453,2.184057138337569,2.168994903564453,2.184057138337569,33000
3213,1992-11-30,2.1991195678710938,2.1991195678710938,2.1689944155973238,2.1689944155973238,16200
3214,1992-12-01,2.1991195678710938,2.1991195678710938,2.1689944155973238,2.1840566469818308,13200
3215,1992-12-02,2.1840574741363525,2.199120400730304,2.1840574741363525,2.199120400730304,3600
3216,1992-12-03,2.168994903564453,2.168994903564453,2.168994903564453,2.168994903564453,3600
3217,1992-12-04,2.2141828536987305,2.2141828536987305,2.153933209963725,2.1689954485212053,16800
3218,1992-12-07,2.2141828536987305,2.2443080203187753,2.2141828536987305,2.229245092256211,16200
3219,1992-12-08,2.229243755340576,2.229243755340576,2.214181525816173,2.214181525816173,3600
3220,1992-12-09,2.229243755340576,2.2443066743696503,2.214181525816173,2.214181525816173,7200
3221,1992-12-10,2.1840574741363525,2.214182637819239,2.1840574741363525,2.214182637819239,18000
3222,1992-12-11,2.168994903564453,2.199120062615596,2.168994903564453,2.199120062615596,54000
3223,1992-12-14,2.1388707160949707,2.1840581304456053,2.1388707160949707,2.1539336472153314,25200
3224,1992-12-15,2.1388707160949707,2.1388707160949707,2.1388707160949707,2.1388707160949707,7800
3225,1992-12-16,2.108746290206909,2.123808532231627,2.108746290206909,2.123808532231627,6600
3226,1992-12-17,2.108746290206909,2.108746290206909,2.108746290206909,2.108746290206909,600
3227,1992-12-18,2.123807668685913,2.138869904586287,2.1087454327855393,2.138869904586287,10800
3228,1992-12-21,2.108746290206909,2.123808532231627,2.108746290206909,2.123808532231627,12000
3229,1992-12-22,2.108746290206909,2.108746290206909,2.108746290206909,2.108746290206909,39000
3230,1992-12-23,2.078620672225952,2.078620672225952,2.0635584334216652,2.078620672225952,107400
3231,1992-12-24,2.0604395866394043,2.0604395866394043,2.0604395866394043,2.0604395866394043,18600
3232,1992-12-28,2.045290470123291,2.0604405387267533,2.045290470123291,2.0604405387267533,10800
3233,1992-12-29,2.0604395866394043,2.090740403370622,2.045289525036478,2.045289525036478,16200
3234,1992-12-30,2.0907411575317383,2.0907411575317383,2.060440329870566,2.060440329870566,7800
3235,1992-12-31,2.121042013168335,2.151342147703535,2.0604403570466867,2.0604403570466867,28800
3236,1993-01-04,2.105890989303589,2.105890989303589,2.105890989303589,2.105890989303589,1800
3237,1993-01-05,2.1361911296844482,2.1513411902092328,2.121041069159664,2.121041069159664,8400
3238,1993-01-06,2.121042013168335,2.121042013168335,2.121042013168335,2.121042013168335,600
3239,1993-01-07,2.257394313812256,2.272544378493712,2.1513417804655455,2.1513417804655455,43200
3240,1993-01-08,2.257394313812256,2.272544378493712,2.257394313812256,2.257394313812256,25800
3241,1993-01-11,2.257394313812256,2.257394313812256,2.257394313812256,2.257394313812256,1200
3242,1993-01-12,2.287693738937378,2.3028444924803706,2.257393618901977,2.257393618901977,52200
3243,1993-01-13,2.287693738937378,2.287693738937378,2.287693738937378,2.287693738937378,0
3244,1993-01-14,2.287693738937378,2.287693738937378,2.287693738937378,2.287693738937378,0
3245,1993-01-15,2.3634467124938965,2.3634467124938965,2.302845745912866,2.302845745912866,28800
3246,1993-01-18,2.3482983112335205,2.3634483902520564,2.3482983112335205,2.3482983112335205,24600
3247,1993-01-19,2.3482983112335205,2.3634483902520564,2.3482983112335205,2.3634483902520564,19200
3248,1993-01-20,2.3331470489501953,2.348297818314675,2.3331470489501953,2.348297818314675,9600
3249,1993-01-21,2.3331470489501953,2.3331470489501953,2.3331470489501953,2.3331470489501953,0
3250,1993-01-22,2.317996025085449,2.317996025085449,2.317996025085449,2.317996025085449,1200
3251,1993-01-25,2.272545099258423,2.3179960012435914,2.272545099258423,2.2876951687449036,7200
3252,1993-01-26,2.3331470489501953,2.348297818314675,2.317996973111732,2.317996973111732,30000
3253,1993-01-27,2.272545099258423,2.3028459317571106,2.257395029771942,2.3028459317571106,21000
3254,1993-01-28,2.272545099258423,2.3028459317571106,2.272545099258423,2.3028459317571106,509400
3255,1993-01-29,2.272545099258423,2.272545099258423,2.272545099258423,2.272545099258423,9000
3256,1993-02-01,2.3028457164764404,2.3028457164764404,2.2725448868104148,2.3028457164764404,7800
3257,1993-02-02,2.272545099258423,2.272545099258423,2.242244266759735,2.272545099258423,22800
3258,1993-02-03,2.3331470489501953,2.3331470489501953,2.3028468972732687,2.3028468972732687,12000
3259,1993-02-04,2.257394313812256,2.3331453307450425,2.257394313812256,2.3331453307450425,52800
3260,1993-02-05,2.242243528366089,2.242243528366089,2.242243528366089,2.242243528366089,50400
3261,1993-02-08,2.242243528366089,2.242243528366089,2.242243528366089,2.242243528366089,3000
3262,1993-02-09,2.242243528366089,2.242243528366089,2.242243528366089,2.242243528366089,11400
3263,1993-02-10,2.242243528366089,2.2573942863889966,2.242243528366089,2.2573942863889966,1200
3264,1993-02-11,2.242243528366089,2.242243528366089,2.242243528366089,2.242243528366089,0
3265,1993-02-12,2.242243528366089,2.242243528366089,2.242243528366089,2.242243528366089,3600
3266,1993-02-16,2.1967926025390625,2.211943360294312,2.1967926025390625,2.211943360294312,9600
3267,1993-02-17,2.1816422939300537,2.1816422939300537,2.1816422939300537,2.1816422939300537,7800
3268,1993-02-18,2.1816422939300537,2.1816422939300537,2.1816422939300537,2.1816422939300537,0
3269,1993-02-19,2.2119431495666504,2.2119431495666504,2.151341511370028,2.151341511370028,9600
3270,1993-02-22,2.2119431495666504,2.242243275139542,2.2119431495666504,2.242243275139542,12600
3271,1993-02-23,2.242243528366089,2.242243528366089,2.2119433993712683,2.2119433993712683,3600
3272,1993-02-24,2.1967926025390625,2.211943360294312,2.1816425383092986,2.211943360294312,11400
3273,1993-02-25,2.2270941734313965,2.2270941734313965,2.2270941734313965,2.2270941734313965,3000
3274,1993-02-26,2.1967926025390625,2.257394246509089,2.1967926025390625,2.257394246509089,5400
3275,1993-03-01,2.1967926025390625,2.211943360294312,2.1816425383092986,2.1816425383092986,6600
3276,1993-03-02,2.2270941734313965,2.2270941734313965,2.19679334125709,2.19679334125709,3600
3277,1993-03-03,2.2270941734313965,2.24224424275569,2.2270941734313965,2.24224424275569,14400
3278,1993-03-04,2.2119431495666504,2.2119431495666504,2.2119431495666504,2.2119431495666504,1800
3279,1993-03-05,2.2119431495666504,2.2119431495666504,2.181642330468339,2.2119431495666504,7800
3280,1993-03-08,2.272545099258423,2.272545099258423,2.242244266759735,2.242244266759735,16200
3281,1993-03-09,2.272545099258423,2.272545099258423,2.272545099258423,2.272545099258423,0
3282,1993-03-10,2.1513426303863525,2.257395205630755,2.1210424890529063,2.257395205630755,118200
3283,1993-03-11,2.1664938926696777,2.1664938926696777,2.1664938926696777,2.1664938926696777,6000
3284,1993-03-12,2.1513426303863525,2.1513426303863525,2.136192559719629,2.136192559719629,12600
3285,1993-03-15,2.1513426303863525,2.1513426303863525,2.1210424890529063,2.1210424890529063,9600
3286,1993-03-16,2.1664938926696777,2.1664938926696777,2.1664938926696777,2.1664938926696777,1800
3287,1993-03-17,2.1513426303863525,2.181643465245579,2.1513426303863525,2.181643465245579,35400
3288,1993-03-18,2.1513426303863525,2.1513426303863525,2.136192559719629,2.136192559719629,3600
3289,1993-03-19,2.1513426303863525,2.1513426303863525,2.1513426303863525,2.1513426303863525,0
3290,1993-03-22,2.1361911296844482,2.1816420047841176,2.1361911296844482,2.1816420047841176,11400
3291,1993-03-23,2.105890989303589,2.15134187895421,2.105890989303589,2.15134187895421,31800
3292,1993-03-24,2.0907411575317383,2.1210419851929103,2.0907411575317383,2.1210419851929103,81000
3293,1993-03-25,2.118170976638794,2.118170976638794,2.102932567369482,2.102932567369482,6000
3294,1993-03-26,2.1334099769592285,2.1334099769592285,2.1334099769592285,2.1334099769592285,6000
3295,1993-03-29,2.1334099769592285,2.1334099769592285,2.1334099769592285,2.1334099769592285,3000
3296,1993-03-30,2.1334099769592285,2.1334099769592285,2.118170870881124,2.118170870881124,4800
3297,1993-03-31,2.1638872623443604,2.1638872623443604,2.1486488505375663,2.1486488505375663,16800
3298,1993-04-01,2.1943633556365967,2.1943633556365967,2.1943633556365967,2.1943633556365967,4800
3299,1993-04-02,2.179126501083374,2.179126501083374,2.179126501083374,2.179126501083374,3000
3300,1993-04-05,2.1638872623443604,2.1638872623443604,2.1638872623443604,2.1638872623443604,1200
3301,1993-04-06,2.1486477851867676,2.1486477851867676,2.1486477851867676,2.1486477851867676,9000
3302,1993-04-07,2.1943633556365967,2.1943633556365967,2.1638858542852026,2.1638858542852026,6000
3303,1993-04-08,2.179126501083374,2.179126501083374,2.1638873908021417,2.1638873908021417,3600
3304,1993-04-12,2.179126501083374,2.179126501083374,2.179126501083374,2.179126501083374,0
3305,1993-04-13,2.1486477851867676,2.1791252912586603,2.1486477851867676,2.1791252912586603,10800
3306,1993-04-14,2.1486477851867676,2.1638861894379975,2.118170279114875,2.1638861894379975,10200
3307,1993-04-15,2.1029322147369385,2.118170621450981,2.1029322147369385,2.118170621450981,12600
3308,1993-04-16,2.1638872623443604,2.1638872623443604,2.1181713293541993,2.1181713293541993,47400
3309,1993-04-19,2.1638872623443604,2.1638872623443604,2.1638872623443604,2.1638872623443604,5400
3310,1993-04-20,2.1486477851867676,2.1486477851867676,2.1486477851867676,2.1486477851867676,600
3311,1993-04-21,2.1334099769592285,2.1334099769592285,2.1334099769592285,2.1334099769592285,1200
3312,1993-04-22,2.1334099769592285,2.1334099769592285,2.1334099769592285,2.1334099769592285,0
3313,1993-04-23,2.0876941680908203,2.1029325774330556,2.0876941680908203,2.1029325774330556,12000
3314,1993-04-26,2.072453737258911,2.072453737258911,2.072453737258911,2.072453737258911,12600
3315,1993-04-27,2.072453737258911,2.072453737258911,2.072453737258911,2.072453737258911,0
3316,1993-04-28,2.1334099769592285,2.1334099769592285,2.1029324623726477,2.1029324623726477,15000
3317,1993-04-29,2.1638872623443604,2.1638872623443604,2.1638872623443604,2.1638872623443604,3600
3318,1993-04-30,2.331512689590454,2.331512689590454,2.2248424069037034,2.2248424069037034,60000
3319,1993-05-03,2.3467509746551514,2.3467509746551514,2.316274151296752,2.3467509746551514,19800
3320,1993-05-04,2.3467509746551514,2.3467509746551514,2.316274151296752,2.3467509746551514,12600
3321,1993-05-05,2.3924667835235596,2.3924667835235596,2.3467508532806267,2.3467508532806267,15600
3322,1993-05-06,2.3924667835235596,2.4229443028754267,2.3924667835235596,2.4077058919843615,25200
3323,1993-05-07,2.3924667835235596,2.3924667835235596,2.3924667835235596,2.3924667835235596,9000
3324,1993-05-10,2.4229447841644287,2.4229447841644287,2.4077063702464345,2.4077063702464345,3000
3325,1993-05-11,2.4229447841644287,2.4229447841644287,2.4077063702464345,2.4077063702464345,9600
3326,1993-05-12,2.438183069229126,2.438183069229126,2.438183069229126,2.438183069229126,6000
3327,1993-05-13,2.4686594009399414,2.4686594009399414,2.43818189186196,2.43818189186196,1200
3328,1993-05-14,2.4838969707489014,2.499136068943987,2.468658570123082,2.499136068943987,4200
3329,1993-05-17,2.4991369247436523,2.4991369247436523,2.4686594154860875,2.4686594154860875,6000
3330,1993-05-18,2.4686594009399414,2.4686594009399414,2.4686594009399414,2.4686594009399414,12000
3331,1993-05-19,2.4686594009399414,2.4686594009399414,2.4686594009399414,2.4686594009399414,0
3332,1993-05-20,2.4686594009399414,2.4686594009399414,2.4686594009399414,2.4686594009399414,0
3333,1993-05-21,2.4838969707489014,2.4838969707489014,2.4381810713021776,2.468658570123082,25200
3334,1993-05-24,2.4838969707489014,2.4838969707489014,2.4838969707489014,2.4838969707489014,6600
3335,1993-05-25,2.514375686645508,2.514375686645508,2.499137278643585,2.499137278643585,3000
3336,1993-05-26,2.514375686645508,2.514375686645508,2.514375686645508,2.514375686645508,1800
3337,1993-05-27,2.5296144485473633,2.5448535562508825,2.5296144485473633,2.5448535562508825,12600
3338,1993-05-28,2.4534215927124023,2.5143759281441893,2.4534215927124023,2.5143759281441893,22800
3339,1993-06-01,2.514375686645508,2.514375686645508,2.483898173072058,2.483898173072058,4200
3340,1993-06-02,2.5296144485473633,2.5296144485473633,2.514376038413545,2.514376038413545,2400
3341,1993-06-03,2.514375686645508,2.529614094647431,2.514375686645508,2.529614094647431,25800
3342,1993-06-04,2.544853448867798,2.544853448867798,2.514375932316495,2.514375932316495,27000
3343,1993-06-07,2.5296144485473633,2.5296144485473633,2.5296144485473633,2.5296144485473633,600
3344,1993-06-08,2.544853448867798,2.560091858358613,2.544853448867798,2.560091858358613,9000
3345,1993-06-09,2.5600926876068115,2.5600926876068115,2.529615161183431,2.529615161183431,5400
3346,1993-06-10,2.5600926876068115,2.5600926876068115,2.5600926876068115,2.5600926876068115,0
3347,1993-06-11,2.5600926876068115,2.5600926876068115,2.5600926876068115,2.5600926876068115,0
3348,1993-06-14,2.4991369247436523,2.5296137364317115,2.483897821330117,2.5296137364317115,16800
3349,1993-06-15,2.4686594009399414,2.5296137215264025,2.4686594009399414,2.5143753157721624,12000
3350,1993-06-16,2.4991369247436523,2.4991369247436523,2.4991369247436523,2.4991369247436523,2400
3351,1993-06-17,2.514375686645508,2.514375686645508,2.514375686645508,2.514375686645508,3000
3352,1993-06-18,2.4991369247436523,2.514375330587682,2.4991369247436523,2.514375330587682,6600
3353,1993-06-21,2.514375686645508,2.529614094647431,2.514375686645508,2.514375686645508,4200
3354,1993-06-22,2.4838969707489014,2.514374469569806,2.4838969707489014,2.514374469569806,126600
3355,1993-06-23,2.4991369247436523,2.4991369247436523,2.4991369247436523,2.4991369247436523,43200
3356,1993-06-24,2.511388063430786,2.511388063430786,2.511388063430786,2.511388063430786,4200
3357,1993-06-25,2.511388063430786,2.511388063430786,2.511388063430786,2.511388063430786,0
3358,1993-06-28,2.511388063430786,2.511388063430786,2.511388063430786,2.511388063430786,600
3359,1993-06-29,2.511388063430786,2.511388063430786,2.511388063430786,2.511388063430786,1200
3360,1993-06-30,2.511388063430786,2.511388063430786,2.511388063430786,2.511388063430786,9000
3361,1993-07-01,2.511388063430786,2.511388063430786,2.511388063430786,2.511388063430786,0
3362,1993-07-02,2.4960732460021973,2.5420132486954206,2.4960732460021973,2.5420132486954206,10800
3363,1993-07-06,2.4960732460021973,2.526700148127283,2.4960732460021973,2.5113870475591455,6000
3364,1993-07-07,2.4960732460021973,2.4960732460021973,2.4960732460021973,2.4960732460021973,0
3365,1993-07-08,2.511388063430786,2.511388063430786,2.511388063430786,2.511388063430786,1800
3366,1993-07-09,2.511388063430786,2.511388063430786,2.511388063430786,2.511388063430786,4800
3367,1993-07-12,2.511388063430786,2.526701170193168,2.511388063430786,2.526701170193168,3000
3368,1993-07-13,2.511388063430786,2.511388063430786,2.511388063430786,2.511388063430786,0
3369,1993-07-14,2.5267014503479004,2.5267014503479004,2.5267014503479004,2.5267014503479004,8400
3370,1993-07-15,2.5420150756835938,2.5420150756835938,2.5420150756835938,2.5420150756835938,3000
3371,1993-07-16,2.5879547595977783,2.603268570079314,2.5420147301316094,2.5420147301316094,29400
3372,1993-07-19,2.5726423263549805,2.6032692543794838,2.5726423263549805,2.6032692543794838,12600
3373,1993-07-20,2.5726423263549805,2.5726423263549805,2.5726423263549805,2.5726423263549805,1200
3374,1993-07-21,2.5726423263549805,2.6338954814145836,2.5726423263549805,2.6032692543794838,18000
3375,1993-07-22,2.5726423263549805,2.5726423263549805,2.5726423263549805,2.5726423263549805,1800
3376,1993-07-23,2.6032683849334717,2.6032683849334717,2.6032683849334717,2.6032683849334717,3000
3377,1993-07-26,2.6185810565948486,2.6185810565948486,2.603267950745616,2.603267950745616,4200
3378,1993-07-27,2.6185810565948486,2.6185810565948486,2.6185810565948486,2.6185810565948486,0
3379,1993-07-28,2.649207592010498,2.649207592010498,2.6338937873530415,2.6338937873530415,4800
3380,1993-07-29,2.649207592010498,2.649207592010498,2.6338937873530415,2.6338937873530415,2400
3381,1993-07-30,2.649207592010498,2.649207592010498,2.649207592010498,2.649207592010498,0
3382,1993-08-02,2.6645212173461914,2.6645212173461914,2.6492081106796457,2.6645212173461914,8400
3383,1993-08-03,2.649207592010498,2.649207592010498,2.649207592010498,2.649207592010498,3000
3384,1993-08-04,2.649207592010498,2.649207592010498,2.649207592010498,2.649207592010498,0
3385,1993-08-05,2.6798348426818848,2.6798348426818848,2.6798348426818848,2.6798348426818848,3000
3386,1993-08-06,2.6645212173461914,2.6645212173461914,2.6645212173461914,2.6645212173461914,600
3387,1993-08-09,2.6645212173461914,2.6645212173461914,2.6492081106796457,2.6492081106796457,1800
3388,1993-08-10,2.6645212173461914,2.6645212173461914,2.6645212173461914,2.6645212173461914,14400
3389,1993-08-11,2.649207592010498,2.6798337993475068,2.649207592010498,2.649207592010498,4200
3390,1993-08-12,2.6645212173461914,2.6645212173461914,2.6645212173461914,2.6645212173461914,600
3391,1993-08-13,2.649207592010498,2.6645206956790024,2.649207592010498,2.6645206956790024,4800
3392,1993-08-16,2.649207592010498,2.649207592010498,2.649207592010498,2.649207592010498,0
3393,1993-08-17,2.6798348426818848,2.6798348426818848,2.6798348426818848,2.6798348426818848,3600
3394,1993-08-18,2.710460901260376,2.710460901260376,2.695147796498177,2.695147796498177,4800
3395,1993-08-19,2.6798348426818848,2.710461762931759,2.6798348426818848,2.710461762931759,10800
3396,1993-08-20,2.69514799118042,2.69514799118042,2.69514799118042,2.69514799118042,1800
3397,1993-08-23,2.6645212173461914,2.6645212173461914,2.6645212173461914,2.6645212173461914,1800
3398,1993-08-24,2.710460901260376,2.710460901260376,2.695147796498177,2.695147796498177,15600
3399,1993-08-25,2.6798348426818848,2.710461762931759,2.6798348426818848,2.710461762931759,9000
3400,1993-08-26,2.6798348426818848,2.6798348426818848,2.6798348426818848,2.6798348426818848,3000
3401,1993-08-27,2.649207592010498,2.649207592010498,2.649207592010498,2.649207592010498,3600
3402,1993-08-30,2.649207592010498,2.649207592010498,2.649207592010498,2.649207592010498,0
3403,1993-08-31,2.649207592010498,2.649207592010498,2.649207592010498,2.649207592010498,0
3404,1993-09-01,2.649207592010498,2.649207592010498,2.6338937873530415,2.6338937873530415,1800
3405,1993-09-02,2.649207592010498,2.649207592010498,2.649207592010498,2.649207592010498,0
3406,1993-09-03,2.633894205093384,2.6645211182768285,2.633894205093384,2.6645211182768285,6600
3407,1993-09-07,2.649207592010498,2.649207592010498,2.649207592010498,2.649207592010498,7800
3408,1993-09-08,2.6185810565948486,2.6492079692823673,2.6185810565948486,2.6492079692823673,7800
3409,1993-09-09,2.5726423263549805,2.5879554398725304,2.5726423263549805,2.5879554398725304,10800
3410,1993-09-10,2.5726423263549805,2.5726423263549805,2.5726423263549805,2.5726423263549805,0
3411,1993-09-13,2.5726423263549805,2.5879554398725304,2.5726423263549805,2.5879554398725304,4200
3412,1993-09-14,2.557328701019287,2.5879549219249225,2.557328701019287,2.5879549219249225,10800
3413,1993-09-15,2.5420150756835938,2.5573288882468317,2.5267019641096704,2.5573288882468317,27600
3414,1993-09-16,2.5267014503479004,2.5420145588081637,2.511388341887637,2.5420145588081637,28800
3415,1993-09-17,2.511388063430786,2.526701170193168,2.4960742556793103,2.511388063430786,12000
3416,1993-09-20,2.4807610511779785,2.4960741573370426,2.4807610511779785,2.4807610511779785,70200
3417,1993-09-21,2.511388063430786,2.511388063430786,2.4960742556793103,2.4960742556793103,52200
3418,1993-09-22,2.5420150756835938,2.5420150756835938,2.5267019641096704,2.5267019641096704,7800
3419,1993-09-23,2.557328701019287,2.557328701019287,2.557328701019287,2.557328701019287,5400
3420,1993-09-24,2.5542519092559814,2.5542519092559814,2.5542519092559814,2.5542519092559814,0
3421,1993-09-27,2.5850255489349365,2.5850255489349365,2.5696387268838925,2.5696387268838925,15600
3422,1993-09-28,2.61579966545105,2.61579966545105,2.61579966545105,2.61579966545105,4200
3423,1993-09-29,2.61579966545105,2.61579966545105,2.600412140400893,2.61579966545105,24000
3424,1993-09-30,2.5850255489349365,2.60041237098598,2.5850255489349365,2.60041237098598,37200
3425,1993-10-01,2.61579966545105,2.61579966545105,2.585025319714237,2.585025319714237,41400
3426,1993-10-04,2.61579966545105,2.6465733068243615,2.585025319714237,2.61579966545105,15600
3427,1993-10-05,2.61579966545105,2.61579966545105,2.61579966545105,2.61579966545105,12600
3428,1993-10-06,2.61579966545105,2.61579966545105,2.61579966545105,2.61579966545105,600
3429,1993-10-07,2.6465723514556885,2.6619598709512067,2.6465723514556885,2.6465723514556885,72000
3430,1993-10-08,2.6465723514556885,2.6465723514556885,2.6465723514556885,2.6465723514556885,30000
3431,1993-10-11,2.6465723514556885,2.6465723514556885,2.6465723514556885,2.6465723514556885,0
3432,1993-10-12,2.63118577003479,2.661960107396066,2.63118577003479,2.661960107396066,2400
3433,1993-10-13,2.61579966545105,2.6619608318745183,2.61579966545105,2.6465733068243615,12600
3434,1993-10-14,2.661959409713745,2.661959409713745,2.6311850804182213,2.6311850804182213,34200
3435,1993-10-15,2.6927342414855957,2.6927342414855957,2.6773474221232756,2.6773474221232756,6000
3436,1993-10-18,2.7081210613250732,2.7081210613250732,2.7081210613250732,2.7081210613250732,4200
3437,1993-10-19,2.6927342414855957,2.6927342414855957,2.6927342414855957,2.6927342414855957,600
3438,1993-10-20,2.6773478984832764,2.7081222470468016,2.6773478984832764,2.7081222470468016,10200
3439,1993-10-21,2.6927342414855957,2.6927342414855957,2.6619606027609555,2.6619606027609555,13200
3440,1993-10-22,2.6927342414855957,2.7081217652113567,2.6927342414855957,2.7081217652113567,3600
3441,1993-10-25,2.7081210613250732,2.7081210613250732,2.6927335415987876,2.6927335415987876,4200
3442,1993-10-26,2.7081210613250732,2.7081210613250732,2.7081210613250732,2.7081210613250732,0
3443,1993-10-27,2.7081210613250732,2.7081210613250732,2.7081210613250732,2.7081210613250732,0
3444,1993-10-28,2.7081210613250732,2.7081210613250732,2.7081210613250732,2.7081210613250732,0
3445,1993-10-29,2.7081210613250732,2.7081210613250732,2.6927335415987876,2.7081210613250732,8400
3446,1993-11-01,2.7081210613250732,2.7081210613250732,2.7081210613250732,2.7081210613250732,0
3447,1993-11-02,2.7081210613250732,2.7081210613250732,2.6927335415987876,2.7081210613250732,24000
3448,1993-11-03,2.661959409713745,2.6773462221799447,2.661959409713745,2.6773462221799447,18600
3449,1993-11-04,2.63118577003479,2.646572586533773,2.63118577003479,2.646572586533773,10200
3450,1993-11-05,2.6465723514556885,2.6465723514556885,2.6004112016956284,2.6157987211911466,13200
3451,1993-11-08,2.63118577003479,2.63118577003479,2.63118577003479,2.63118577003479,600
3452,1993-11-09,2.61579966545105,2.61579966545105,2.600412140400893,2.61579966545105,6000
3453,1993-11-10,2.5850255489349365,2.60041237098598,2.5850255489349365,2.60041237098598,9600
3454,1993-11-11,2.6004114151000977,2.6004114151000977,2.5850245987050977,2.5850245987050977,12600
3455,1993-11-12,2.61579966545105,2.61579966545105,2.600412140400893,2.600412140400893,21600
3456,1993-11-15,2.569638252258301,2.6157994142487886,2.569638252258301,2.6157994142487886,6600
3457,1993-11-16,2.5542519092559814,2.5542519092559814,2.5388650829352026,2.5388650829352026,6000
3458,1993-11-17,2.5542519092559814,2.5542519092559814,2.5542519092559814,2.5542519092559814,1800
3459,1993-11-18,2.5388643741607666,2.5542511961860077,2.5388643741607666,2.5542511961860077,1200
3460,1993-11-19,2.5388643741607666,2.5388643741607666,2.4619288553074345,2.523477552135525,40800
3461,1993-11-22,2.52347731590271,2.52347731590271,2.52347731590271,2.52347731590271,1800
3462,1993-11-23,2.52347731590271,2.52347731590271,2.52347731590271,2.52347731590271,1200
3463,1993-11-24,2.52347731590271,2.52347731590271,2.52347731590271,2.52347731590271,8400
3464,1993-11-26,2.52347731590271,2.52347731590271,2.52347731590271,2.52347731590271,0
3465,1993-11-29,2.492701768875122,2.492701768875122,2.492701768875122,2.492701768875122,1200
3466,1993-11-30,2.477315664291382,2.4927024818607606,2.477315664291382,2.477315664291382,30600
3467,1993-12-01,2.477315664291382,2.477315664291382,2.477315664291382,2.477315664291382,6000
3468,1993-12-02,2.492701768875122,2.492701768875122,2.492701768875122,2.492701768875122,9000
3469,1993-12-03,2.461928129196167,2.477315651046637,2.431154494221938,2.477315651046637,10800
3470,1993-12-06,2.4465410709381104,2.4465410709381104,2.4465410709381104,2.4465410709381104,4200
3471,1993-12-07,2.415766716003418,2.43115423622092,2.415766716003418,2.43115423622092,5400
3472,1993-12-08,2.4465410709381104,2.4465410709381104,2.4465410709381104,2.4465410709381104,1200
3473,1993-12-09,2.415766716003418,2.43115423622092,2.415766716003418,2.43115423622092,4800
3474,1993-12-10,2.3849925994873047,2.400379412213783,2.3849925994873047,2.400379412213783,9600
3475,1993-12-13,2.3849925994873047,2.3849925994873047,2.3849925994873047,2.3849925994873047,0
3476,1993-12-14,2.4003794193267822,2.4003794193267822,2.4003794193267822,2.4003794193267822,14400
3477,1993-12-15,2.3696069717407227,2.400381326093929,2.3696069717407227,2.400381326093929,3000
3478,1993-12-16,2.354219436645508,2.4003806020699296,2.354219436645508,2.4003806020699296,17400
3479,1993-12-17,2.4003794193267822,2.4003794193267822,2.3849926065547082,2.3849926065547082,23400
3480,1993-12-20,2.4003794193267822,2.4003794193267822,2.4003794193267822,2.4003794193267822,2400
3481,1993-12-21,2.415766716003418,2.43115423622092,2.384993084294974,2.384993084294974,10800
3482,1993-12-22,2.4465410709381104,2.4465410709381104,2.431154254965255,2.431154254965255,13800
3483,1993-12-23,2.431154489517212,2.44654130697455,2.431154489517212,2.44654130697455,111000
3484,1993-12-27,2.4125964641571045,2.4435274240392504,2.4125964641571045,2.4435274240392504,18000
3485,1993-12-28,2.4125964641571045,2.428061590124134,2.4125964641571045,2.4125964641571045,7800
3486,1993-12-29,2.4280617237091064,2.4280617237091064,2.4125965968912304,2.4280617237091064,26400
3487,1993-12-30,2.4125964641571045,2.428061590124134,2.3971313381900754,2.428061590124134,17400
3488,1993-12-31,2.4435276985168457,2.474457953925251,2.4435276985168457,2.4435276985168457,37200
3489,1994-01-03,2.4280617237091064,2.443527558475109,2.4280617237091064,2.443527558475109,24000
3490,1994-01-04,2.4280617237091064,2.4280617237091064,2.4280617237091064,2.4280617237091064,24000
3491,1994-01-05,2.4280617237091064,2.4280617237091064,2.4280617237091064,2.4280617237091064,36600
3492,1994-01-06,2.4280617237091064,2.4280617237091064,2.4280617237091064,2.4280617237091064,10800
3493,1994-01-07,2.4280617237091064,2.458992685292985,2.4280617237091064,2.458992685292985,7800
3494,1994-01-10,2.4435276985168457,2.4435276985168457,2.4435276985168457,2.4435276985168457,4800
3495,1994-01-11,2.4280617237091064,2.443527558475109,2.4280617237091064,2.443527558475109,51600
3496,1994-01-12,2.4280617237091064,2.4280617237091064,2.4280617237091064,2.4280617237091064,1200
3497,1994-01-13,2.4435276985168457,2.4589928262210483,2.4435276985168457,2.4435276985168457,21600
3498,1994-01-14,2.4435276985168457,2.4435276985168457,2.4280618628644763,2.4435276985168457,8400
3499,1994-01-17,2.4589927196502686,2.4589927196502686,2.443527592616312,2.443527592616312,37200
3500,1994-01-18,2.4280617237091064,2.4280617237091064,2.4280617237091064,2.4280617237091064,3600
3501,1994-01-19,2.4435276985168457,2.4435276985168457,2.4280618628644763,2.4280618628644763,4800
3502,1994-01-20,2.4280617237091064,2.4280617237091064,2.4280617237091064,2.4280617237091064,7200
3503,1994-01-21,2.4280617237091064,2.4280617237091064,2.4125965968912304,2.4125965968912304,3000
3504,1994-01-24,2.4435276985168457,2.4435276985168457,2.4435276985168457,2.4435276985168457,61200
3505,1994-01-25,2.4280617237091064,2.443527558475109,2.4280617237091064,2.443527558475109,32400
3506,1994-01-26,2.4589927196502686,2.4589927196502686,2.443527592616312,2.443527592616312,52800
3507,1994-01-27,2.4589927196502686,2.4744578466842246,2.4589927196502686,2.4589927196502686,27600
3508,1994-01-28,2.4589927196502686,2.4744578466842246,2.4589927196502686,2.4744578466842246,11400
3509,1994-01-31,2.505387783050537,2.505387783050537,2.4589917129940457,2.4589917129940457,30600
3510,1994-02-01,2.474457025527954,2.5208530991812776,2.474457025527954,2.489922855377663,21000
3511,1994-02-02,2.505387783050537,2.505387783050537,2.4899226623476554,2.4899226623476554,12000
3512,1994-02-03,2.505387783050537,2.505387783050537,2.505387783050537,2.505387783050537,11400
3513,1994-02-04,2.520853042602539,2.520853042602539,2.520853042602539,2.520853042602539,7200
3514,1994-02-07,2.5827157497406006,2.5827157497406006,2.551784789042235,2.551784789042235,12600
3515,1994-02-08,2.706437587738037,2.706437587738037,2.5981803107718604,2.5981803107718604,33600
3516,1994-02-09,2.706437587738037,2.706437587738037,2.675507341717959,2.6909724647279982,21600
3517,1994-02-10,2.752833843231201,2.752833843231201,2.7064377632444505,2.7064377632444505,15600
3518,1994-02-11,2.7219021320343018,2.752832363433448,2.7219021320343018,2.752832363433448,16200
3519,1994-02-14,2.7219021320343018,2.7219021320343018,2.7219021320343018,2.7219021320343018,2400
3520,1994-02-15,2.7373690605163574,2.7373690605163574,2.7373690605163574,2.7373690605163574,5400
3521,1994-02-16,2.7373690605163574,2.7373690605163574,2.7373690605163574,2.7373690605163574,0
3522,1994-02-17,2.752833843231201,2.752833843231201,2.721903595205366,2.721903595205366,19200
3523,1994-02-18,2.752833843231201,2.752833843231201,2.752833843231201,2.752833843231201,3600
3524,1994-02-22,2.752833843231201,2.752833843231201,2.721903595205366,2.752833843231201,24000
3525,1994-02-23,2.752833843231201,2.752833843231201,2.721903595205366,2.721903595205366,10800
3526,1994-02-24,2.799229383468628,2.830160333478334,2.783764262437706,2.783764262437706,10200
3527,1994-02-25,2.861091136932373,2.861091136932373,2.7682989996042724,2.7682989996042724,18600
3528,1994-02-28,2.845625400543213,2.861091229228694,2.845625400543213,2.861091229228694,21000
3529,1994-03-01,2.845625400543213,2.845625400543213,2.845625400543213,2.845625400543213,11400
3530,1994-03-02,2.861091136932373,2.861091136932373,2.861091136932373,2.861091136932373,2400
3531,1994-03-03,2.845625400543213,2.876556349966327,2.845625400543213,2.876556349966327,9000
3532,1994-03-04,2.845625400543213,2.876556349966327,2.845625400543213,2.876556349966327,6600
3533,1994-03-07,2.892021656036377,2.922952607441671,2.861091412578976,2.8765565343076767,21000
3534,1994-03-08,2.876556396484375,2.9074873464076867,2.876556396484375,2.9074873464076867,11400
3535,1994-03-09,2.876556396484375,2.876556396484375,2.8610912754966487,2.8610912754966487,13800
3536,1994-03-10,2.876556396484375,2.9384175883831394,2.876556396484375,2.9074873464076867,8400
3537,1994-03-11,2.876556396484375,2.876556396484375,2.845625446561063,2.845625446561063,15000
3538,1994-03-14,2.861091136932373,2.861091136932373,2.861091136932373,2.861091136932373,1200
3539,1994-03-15,2.845625400543213,2.845625400543213,2.83016027980558,2.845625400543213,9600
3540,1994-03-16,2.9074885845184326,2.9074885845184326,2.845626658328828,2.845626658328828,36000
3541,1994-03-17,2.8301613330841064,2.9074883814461576,2.8301613330841064,2.9074883814461576,10800
3542,1994-03-18,2.892021656036377,2.892021656036377,2.8456255829023824,2.8456255829023824,12000
3543,1994-03-21,2.861091136932373,2.861091136932373,2.8456253087458063,2.861091136932373,7800
3544,1994-03-22,2.953883409500122,2.953883409500122,2.8920215098172397,2.8920215098172397,16200
3545,1994-03-23,2.953883409500122,2.969348530446914,2.953883409500122,2.969348530446914,3000
3546,1994-03-24,2.9074885845184326,2.9693498027598766,2.9074885845184326,2.9693498027598766,22200
3547,1994-03-25,2.904381513595581,2.904381513595581,2.904381513595581,2.904381513595581,0
3548,1994-03-28,2.811192035675049,2.904380729796579,2.811192035675049,2.904380729796579,12000
3549,1994-03-29,2.780129909515381,2.780129909515381,2.780129909515381,2.780129909515381,3000
3550,1994-03-30,2.764599084854126,2.780131015700874,2.74906786498105,2.74906786498105,7200
3551,1994-03-31,2.7024717330932617,2.7490660733190078,2.7024717330932617,2.7490660733190078,4800
3552,1994-04-04,2.718003511428833,2.718003511428833,2.718003511428833,2.718003511428833,6000
3553,1994-04-05,2.764599084854126,2.764599084854126,2.74906786498105,2.74906786498105,17400
3554,1994-04-06,2.749067544937134,2.749067544937134,2.749067544937134,2.749067544937134,1200
3555,1994-04-07,2.733535051345825,2.733535051345825,2.702471918737072,2.7180031295548197,11400
3556,1994-04-08,2.764599084854126,2.764599084854126,2.764599084854126,2.764599084854126,1800
3557,1994-04-11,2.764599084854126,2.764599084854126,2.764599084854126,2.764599084854126,0
3558,1994-04-12,2.764599084854126,2.764599084854126,2.764599084854126,2.764599084854126,600
3559,1994-04-13,2.764599084854126,2.764599084854126,2.764599084854126,2.764599084854126,0
3560,1994-04-14,2.764599084854126,2.764599084854126,2.7335366451079746,2.7335366451079746,6000
3561,1994-04-15,2.764599084854126,2.764599084854126,2.764599084854126,2.764599084854126,0
3562,1994-04-18,2.811192035675049,2.811192035675049,2.764597688614284,2.764597688614284,7200
3563,1994-04-19,2.8888490200042725,2.8888490200042725,2.8422546809719456,2.8422546809719456,45000
3564,1994-04-20,2.8577873706817627,2.8888505164520026,2.8577873706817627,2.8888505164520026,11400
3565,1994-04-21,2.8733184337615967,2.904380859203912,2.826724084624778,2.826724084624778,39600
3566,1994-04-22,2.8733184337615967,2.8733184337615967,2.8733184337615967,2.8733184337615967,0
3567,1994-04-25,2.904381513595581,2.904381513595581,2.87331908115453,2.888850297375056,40800
3568,1994-04-26,2.9354443550109863,2.9354443550109863,2.888850000169542,2.888850000169542,54600
3569,1994-04-28,3.0286335945129395,3.0441648118525895,2.9665080141807825,2.9665080141807825,67200
3570,1994-04-29,3.059696674346924,3.1218222533426623,3.0441647463678336,3.0441647463678336,175800
3571,1994-05-02,3.059696674346924,3.1373534703482115,3.059696674346924,3.1373534703482115,76200
3572,1994-05-03,3.059696674346924,3.075227891352473,3.0441647463678336,3.075227891352473,12600
3573,1994-05-04,3.044166088104248,3.0596980229291417,3.028634864253209,3.0596980229291417,28800
3574,1994-05-05,3.059696674346924,3.059696674346924,3.059696674346924,3.059696674346924,6000
3575,1994-05-06,3.075227737426758,3.1062908808565806,3.075227737426758,3.0907589536549165,81600
3576,1994-05-09,3.1062893867492676,3.199478061242014,3.0752262582606313,3.0752262582606313,43200
3577,1994-05-10,3.1062893867492676,3.1062893867492676,3.1062893867492676,3.1062893867492676,41400
3578,1994-05-11,3.121821403503418,3.137352616280976,3.1062901907258604,3.137352616280976,85200
3579,1994-05-12,3.121821403503418,3.137352616280976,3.121821403503418,3.137352616280976,4200
3580,1994-05-13,3.075227737426758,3.121822097084739,3.075227737426758,3.121822097084739,5400
3581,1994-05-16,3.013101577758789,3.013101577758789,2.9820384403473814,2.9820384403473814,33600
3582,1994-05-17,3.044166088104248,3.044166088104248,2.9975717055772755,3.028634864253209,16800
3583,1994-05-18,3.075227737426758,3.075227737426758,3.044164593996935,3.044164593996935,12000
3584,1994-05-19,3.121821403503418,3.121821403503418,3.059695841419839,3.059695841419839,22200
3585,1994-05-20,3.121821403503418,3.121821403503418,3.121821403503418,3.121821403503418,3600
3586,1994-05-23,3.121821403503418,3.137352616280976,3.1062901907258604,3.137352616280976,99600
3587,1994-05-24,3.1373519897460938,3.1373519897460938,3.090757649745047,3.090757649745047,21000
3588,1994-05-25,3.121821403503418,3.121821403503418,3.121821403503418,3.121821403503418,600
3589,1994-05-26,3.1373519897460938,3.1373519897460938,3.1062895703941997,3.1062895703941997,4800
3590,1994-05-27,3.090758800506592,3.137353157855804,3.090758800506592,3.137353157855804,9600
3591,1994-05-31,3.1528847217559814,3.1528847217559814,3.1062903697643827,3.1062903697643827,34200
3592,1994-06-01,3.1839470863342285,3.1839470863342285,3.1528846596011086,3.1528846596011086,33000
3593,1994-06-02,3.1373519897460938,3.168415120071194,3.1373519897460938,3.168415120071194,40800
3594,1994-06-03,3.1528847217559814,3.168415935428718,3.1528847217559814,3.168415935428718,5400
3595,1994-06-06,3.1528847217559814,3.1528847217559814,3.1528847217559814,3.1528847217559814,0
3596,1994-06-07,3.1839470863342285,3.1839470863342285,3.168415872967669,3.168415872967669,5400
3597,1994-06-08,3.1839470863342285,3.2460733617472166,3.1839470863342285,3.215010224040723,24600
3598,1994-06-09,3.1839470863342285,3.1839470863342285,3.168415872967669,3.168415872967669,4200
3599,1994-06-10,3.215010643005371,3.215010643005371,3.1839475012508784,3.1839475012508784,6000
3600,1994-06-13,3.215010643005371,3.230541858395884,3.215010643005371,3.230541858395884,18600
3601,1994-06-14,3.199479818344116,3.2305422529185712,3.1839478900833345,3.2227769997617344,31200
3602,1994-06-15,3.1839470863342285,3.1839470863342285,3.1839470863342285,3.1839470863342285,21000
3603,1994-06-16,3.1373519897460938,3.168415120071194,3.1218207800701467,3.168415120071194,25800
3604,1994-06-17,3.090758800506592,3.137353157855804,3.090758800506592,3.137353157855804,17400
3605,1994-06-20,3.075227737426758,3.0907589536549165,3.059696521198599,3.075227737426758,24600
3606,1994-06-21,3.090758800506592,3.137353157855804,3.075227585048011,3.075227585048011,58800
3607,1994-06-22,3.090758800506592,3.090758800506592,3.0596963695894304,3.075227585048011,7800
3608,1994-06-23,3.090758800506592,3.090758800506592,3.075227585048011,3.075227585048011,25200
3609,1994-06-24,3.0876402854919434,3.1032341904002267,3.0876402854919434,3.1032341904002267,28800
3610,1994-06-27,3.0876402854919434,3.0876402854919434,3.0876402854919434,3.0876402854919434,36000
3611,1994-06-28,3.103234052658081,3.103234052658081,3.103234052658081,3.103234052658081,2400
3612,1994-06-29,3.103234052658081,3.103234052658081,3.103234052658081,3.103234052658081,0
3613,1994-06-30,3.0876402854919434,3.1032341904002267,3.0876402854919434,3.0876402854919434,99600
3614,1994-07-01,3.1188290119171143,3.1188290119171143,3.087640486229669,3.103234392151764,18000
3615,1994-07-05,3.1188290119171143,3.1188290119171143,3.1188290119171143,3.1188290119171143,0
3616,1994-07-06,3.1188290119171143,3.1188290119171143,3.1188290119171143,3.1188290119171143,6000
3617,1994-07-07,3.1188290119171143,3.1188290119171143,3.1188290119171143,3.1188290119171143,3000
3618,1994-07-08,3.1188290119171143,3.1188290119171143,3.103234392151764,3.1188290119171143,25800
3619,1994-07-11,3.1188290119171143,3.1344229178392093,3.103234392151764,3.103234392151764,9000
3620,1994-07-12,3.13442325592041,3.1500171635244754,3.13442325592041,3.1500171635244754,5400
3621,1994-07-13,3.0876402854919434,3.1188288091517196,3.07204638058366,3.1188288091517196,12600
3622,1994-07-14,3.1188290119171143,3.1344229178392093,3.103234392151764,3.103234392151764,7800
3623,1994-07-15,3.1188290119171143,3.1188290119171143,3.1188290119171143,3.1188290119171143,0
3624,1994-07-18,3.1812052726745605,3.1812052726745605,3.118828936648296,3.118828936648296,18600
3625,1994-07-19,3.1967999935150146,3.1967999935150146,3.1812060839922713,3.1812060839922713,20400
3626,1994-07-20,3.3839282989501953,3.3839282989501953,3.2903634546120046,3.305958071230444,66000
3627,1994-07-21,3.399521589279175,3.4463039931965813,3.399521589279175,3.399521589279175,43800
3628,1994-07-22,3.399521589279175,3.399521589279175,3.3215506781358854,3.383926978744817,42000
3629,1994-07-25,3.399521589279175,3.399521589279175,3.399521589279175,3.399521589279175,4800
3630,1994-07-26,3.415116786956787,3.415116786956787,3.415116786956787,3.415116786956787,9000
3631,1994-07-27,3.4307100772857666,3.4307100772857666,3.399522277588054,3.399522277588054,42600
3632,1994-07-28,3.461899518966675,3.461899518966675,3.430710997064297,3.430710997064297,4800
3633,1994-07-29,3.5242767333984375,3.5242767333984375,3.4619003877825705,3.493088917512178,102000
3634,1994-08-01,3.4307100772857666,3.5554634176055506,3.4307100772857666,3.5554634176055506,79800
3635,1994-08-02,3.461899518966675,3.461899518966675,3.430710997064297,3.430710997064297,9000
3636,1994-08-03,3.4774935245513916,3.5086820473645846,3.4774935245513916,3.4774935245513916,36000
3637,1994-08-04,3.4463045597076416,3.477492358217409,3.4463045597076416,3.4463045597076416,20400
3638,1994-08-05,3.4307100772857666,3.4307100772857666,3.4307100772857666,3.4307100772857666,21000
3639,1994-08-08,3.4463045597076416,3.4463045597076416,3.4463045597076416,3.4463045597076416,2400
3640,1994-08-09,3.4463045597076416,3.4463045597076416,3.430709946609807,3.430709946609807,15600
3641,1994-08-10,3.4463045597076416,3.4463045597076416,3.4463045597076416,3.4463045597076416,7800
3642,1994-08-11,3.4463045597076416,3.4463045597076416,3.4463045597076416,3.4463045597076416,1200
3643,1994-08-12,3.415116786956787,3.4307106895887967,3.415116786956787,3.4307106895887967,3600
3644,1994-08-15,3.415116786956787,3.415116786956787,3.3995228843247776,3.3995228843247776,65400
3645,1994-08-16,3.415116786956787,3.4307106895887967,3.3995228843247776,3.415116786956787,42000
3646,1994-08-17,3.399521589279175,3.430709382662224,3.399521589279175,3.4151154859706994,15000
3647,1994-08-18,3.415116786956787,3.415116786956787,3.3995228843247776,3.3995228843247776,91800
3648,1994-08-19,3.4463045597076416,3.4463045597076416,3.4463045597076416,3.4463045597076416,5400
3649,1994-08-22,3.4307100772857666,3.4307100772857666,3.4307100772857666,3.4307100772857666,600
3650,1994-08-23,3.4463045597076416,3.4463045597076416,3.430709946609807,3.430709946609807,19200
3651,1994-08-24,3.461899518966675,3.461899518966675,3.461899518966675,3.461899518966675,600
3652,1994-08-25,3.461899518966675,3.461899518966675,3.461899518966675,3.461899518966675,0
3653,1994-08-26,3.4307100772857666,3.4463046909776005,3.399522277588054,3.4463046909776005,20400
3654,1994-08-29,3.5242767333984375,3.5242767333984375,3.4619003877825705,3.4619003877825705,26400
3655,1994-08-30,3.5554654598236084,3.6178418088902617,3.5554654598236084,3.5554654598236084,33000
3656,1994-08-31,3.6178393363952637,3.6178393363952637,3.586651540097919,3.586651540097919,310200
3657,1994-09-01,3.6022472381591797,3.617841144099563,3.6022472381591797,3.617841144099563,14400
3658,1994-09-02,3.586652994155884,3.586652994155884,3.5554644713715615,3.586652994155884,16200
3659,1994-09-06,3.5554654598236084,3.6022479000844454,3.5242769283685877,3.6022479000844454,44400
3660,1994-09-07,3.5554654598236084,3.5554654598236084,3.539871551017792,3.5554654598236084,19200
3661,1994-09-08,3.5554654598236084,3.5554654598236084,3.5554654598236084,3.5554654598236084,3000
3662,1994-09-09,3.5554654598236084,3.5710593686294247,3.539871551017792,3.539871551017792,13800
3663,1994-09-12,3.5554654598236084,3.5554654598236084,3.5554654598236084,3.5554654598236084,175200
3664,1994-09-13,3.5710577964782715,3.571057796478271,3.5398699925970076,3.5398699925970076,11400
3665,1994-09-14,3.5710577964782715,3.571057796478271,3.5554638945376396,3.571057796478271,12000
3666,1994-09-15,3.586652994155884,3.586652994155884,3.571058375842128,3.586652994155884,20400
3667,1994-09-16,3.6022472381591797,3.617841144099563,3.6022472381591797,3.6022472381591797,26400
3668,1994-09-19,3.5710577964782715,3.6022463142026084,3.571057796478271,3.5866524122619765,39600
3669,1994-09-20,3.5554654598236084,3.5866539912786286,3.5554654598236084,3.5866539912786286,12000
3670,1994-09-21,3.5554654598236084,3.5554654598236084,3.5554654598236084,3.5554654598236084,0
3671,1994-09-22,3.5476675033569336,3.5476675033569336,3.5476675033569336,3.5476675033569336,1200
3672,1994-09-23,3.586652994155884,3.586652994155884,3.571058375842128,3.571058375842128,12000
3673,1994-09-26,3.5835232734680176,3.583523273468018,3.552226602446036,3.567874937957027,299400
3674,1994-09-27,3.5835232734680176,3.583523273468018,3.583523273468018,3.583523273468018,1800
3675,1994-09-28,3.630466938018799,3.630466938018799,3.5991702847406604,3.5991702847406604,16800
3676,1994-09-29,3.5991718769073486,3.6461175939264234,3.5991718769073486,3.6461175939264234,11400
3677,1994-09-30,3.5991718769073486,3.5991718769073486,3.5991718769073486,3.5991718769073486,6000
3678,1994-10-03,3.5835232734680176,3.5991723253138916,3.583523273468018,3.5991723253138916,31200
3679,1994-10-04,3.6148221492767334,3.6148221492767334,3.5835247490327413,3.5835247490327413,7800
3680,1994-10-05,3.5678746700286865,3.5835230043645714,3.5678746700286865,3.5835230043645714,15600
3681,1994-10-06,3.5522255897521973,3.5678739208020507,3.5522255897521973,3.5678739208020507,22200
3682,1994-10-07,3.5365777015686035,3.5678750902614826,3.5365777015686035,3.5522267540824997,11400
3683,1994-10-10,3.5678746700286865,3.5678746700286865,3.552226335692802,3.552226335692802,10200
3684,1994-10-11,3.630466938018799,3.646115980992345,3.583521241767114,3.583521241767114,18000
3685,1994-10-12,3.708709955215454,3.755655650851093,3.646115933146092,3.646115933146092,94200
3686,1994-10-13,3.786957025527954,3.8026053685129737,3.7243622209174263,3.7243622209174263,59400
3687,1994-10-14,3.7556569576263428,3.7869543377181345,3.7556569576263428,3.7869543377181345,53400
3688,1994-10-17,3.740007162094116,3.771303813603231,3.740007162094116,3.771303813603231,9600
3689,1994-10-18,3.771305561065674,3.8808460411072794,3.771305561065674,3.818251276416428,70200
3690,1994-10-19,3.724360704421997,3.755658093983504,3.70871236780871,3.755658093983504,30600
3691,1994-10-20,3.7556569576263428,3.7556569576263428,3.724359577534551,3.740008625747805,7200
3692,1994-10-21,3.724360704421997,3.740009757370217,3.70871236780871,3.740009757370217,16800
3693,1994-10-24,3.6930623054504395,3.72435896405228,3.6930623054504395,3.72435896405228,16800
3694,1994-10-25,3.6930623054504395,3.6930623054504395,3.677413259814921,3.677413259814921,7800
3695,1994-10-26,3.724360704421997,3.724360704421997,3.6930640311954233,3.6930640311954233,29400
3696,1994-10-27,3.6930623054504395,3.72435896405228,3.6930623054504395,3.6930623054504395,171000
3697,1994-10-28,3.740007162094116,3.7556554878486734,3.724358120005123,3.724358120005123,12600
3698,1994-10-31,3.7556569576263428,3.7869543377181345,3.7556569576263428,3.7556569576263428,34200
3699,1994-11-01,3.724360704421997,3.740009757370217,3.724360704421997,3.740009757370217,83400
3700,1994-11-02,3.740007162094116,3.740007162094116,3.740007162094116,3.740007162094116,1800
3701,1994-11-03,3.724360704421997,3.755658093983504,3.724360704421997,3.755658093983504,19800
3702,1994-11-04,3.708709955215454,3.7243582816491783,3.708709955215454,3.7243582816491783,12600
3703,1994-11-07,3.6930623054504395,3.72435896405228,3.6930623054504395,3.6930623054504395,10800
3704,1994-11-08,3.740007162094116,3.740007162094116,3.724358120005123,3.724358120005123,7200
3705,1994-11-09,3.724360704421997,3.740009757370217,3.70871236780871,3.740009757370217,13800
3706,1994-11-10,3.708709955215454,3.7400073244173693,3.708709955215454,3.7400073244173693,9000
3707,1994-11-11,3.740007162094116,3.740007162094116,3.724358120005123,3.724358120005123,1800
3708,1994-11-14,3.740007162094116,3.740007162094116,3.724358120005123,3.724358120005123,3000
3709,1994-11-15,3.818251848220825,3.8182518482208256,3.740009455142181,3.740009455142181,34200
3710,1994-11-16,3.818251848220825,3.8339008999044544,3.7869551775233177,3.8182518482208256,143400
3711,1994-11-17,3.818251848220825,3.8339008999044544,3.8026035128720714,3.8339008999044544,56400
3712,1994-11-18,3.786957025527954,3.8182537114979933,3.786957025527954,3.8182537114979933,7800
3713,1994-11-21,3.724360704421997,3.7869554835450105,3.724360704421997,3.7869554835450105,240600
3714,1994-11-22,3.6617636680603027,3.7243576800182594,3.6461153441544014,3.7243576800182594,55800
3715,1994-11-23,3.6617636680603027,3.6930610322064568,3.6617636680603027,3.6930610322064568,30000
3716,1994-11-25,3.6617636680603027,3.6617636680603027,3.6617636680603027,3.6617636680603027,0
3717,1994-11-28,3.708709955215454,3.708709955215454,3.6774125860135394,3.6774125860135394,2400
3718,1994-11-29,3.677415370941162,3.6930644255604714,3.677415370941162,3.6930644255604714,6600
3719,1994-11-30,3.630466938018799,3.6617643076314144,3.630466938018799,3.6617643076314144,21000
3720,1994-12-01,3.6461174488067627,3.6774141146839736,3.630468399533392,3.630468399533392,16800
3721,1994-12-02,3.630466938018799,3.646115980992345,3.630466938018799,3.630466938018799,1800
3722,1994-12-05,3.5991718769073486,3.6148202104687757,3.583522827011128,3.6148202104687757,13800
3723,1994-12-06,3.5991718769073486,3.5991718769073486,3.5991718769073486,3.5991718769073486,1800
3724,1994-12-07,3.5678746700286865,3.6148203893711695,3.5365772850220885,3.6148203893711695,87600
3725,1994-12-08,3.505281686782837,3.5365783650118927,3.505281686782837,3.5365783650118927,6600
3726,1994-12-09,3.442685127258301,3.505279884197236,3.3957394177214395,3.505279884197236,45000
3727,1994-12-12,3.442685127258301,3.4426851272583012,3.3957394177214395,3.4113884651235127,54600
3728,1994-12-13,3.442685127258301,3.4426851272583012,3.4426851272583012,3.4426851272583012,1200
3729,1994-12-14,3.505281686782837,3.505281686782837,3.4270385585401018,3.4270385585401018,31800
3730,1994-12-15,3.505281686782837,3.505281686782837,3.489632631333261,3.489632631333261,18000
3731,1994-12-16,3.489631175994873,3.53657689009496,3.458334510817981,3.5209285575065143,29400
3732,1994-12-19,3.489631175994873,3.4896311759948735,3.4896311759948735,3.4896311759948735,600
3733,1994-12-20,3.505281686782837,3.5365783650118927,3.505281686782837,3.505281686782837,11400
3734,1994-12-21,3.505281686782837,3.505281686782837,3.489632631333261,3.505281686782837,14400
3735,1994-12-22,3.4739830493927,3.5052804327600873,3.4739830493927,3.5052804327600873,9600
3736,1994-12-23,3.4928641319274902,3.4928641319274902,3.4613966474196887,3.4613966474196887,6000
3737,1994-12-27,3.508599042892456,3.508599042892456,3.508599042892456,3.508599042892456,9600
3738,1994-12-28,3.4928641319274902,3.508597514067357,3.4928641319274902,3.508597514067357,2400
3739,1994-12-29,3.5243303775787354,3.5243303775787354,3.4928629041322368,3.4928629041322368,115200
3740,1994-12-30,3.4928641319274902,3.555798380715026,3.4928641319274902,3.540064998575159,33600
3741,1995-01-03,3.4928641319274902,3.508597514067357,3.4928641319274902,3.508597514067357,10200
3742,1995-01-04,3.477130889892578,3.4928642726663948,3.445663404116849,3.4928642726663948,28200
3743,1995-01-05,3.5243303775787354,3.5243303775787354,3.4928629041322368,3.4928629041322368,14400
3744,1995-01-06,3.555798292160034,3.555798292160034,3.5400649104119974,3.5400649104119974,45600
3745,1995-01-09,3.6029975414276123,3.6029975414276123,3.55579669712844,3.55579669712844,22200
3746,1995-01-10,3.6659328937530518,3.6816662702165024,3.5715311945167314,3.5715311945167314,29400
3747,1995-01-11,3.6501989364624023,3.681666410818851,3.6501989364624023,3.681666410818851,12600
3748,1995-01-12,3.6659328937530518,3.6816662702165024,3.6659328937530518,3.6816662702165024,15600
3749,1995-01-13,3.713135242462158,3.713135242462158,3.6974011394186257,3.6974011394186257,9600
3750,1995-01-16,3.713135242462158,3.713135242462158,3.713135242462158,3.713135242462158,18600
3751,1995-01-17,3.7446019649505615,3.7760694504469834,3.6974010968199744,3.71313519968223,66600
3752,1995-01-18,3.7288689613342285,3.77606983426251,3.7288689613342285,3.77606983426251,33600
3753,1995-01-19,3.76033353805542,3.76033353805542,3.7445994457782454,3.7445994457782454,4200
3754,1995-01-20,3.713135242462158,3.744602008093026,3.713135242462158,3.744602008093026,26400
3755,1995-01-23,3.76033353805542,3.76033353805542,3.7131327016791076,3.7131327016791076,18600
3756,1995-01-24,3.8547394275665283,3.8547394275665283,3.7760710408069196,3.7760710408069196,40200
3757,1995-01-25,3.9019386768341064,3.901938676834107,3.87047119130035,3.87047119130035,36000
3758,1995-01-26,3.9648756980895996,3.9648756980895996,3.933408190568246,3.933408190568246,30000
3759,1995-01-27,3.76033353805542,3.901936047184357,3.76033353805542,3.901936047184357,108000
3760,1995-01-30,3.6974010467529297,3.7760693993146788,3.6974010467529292,3.7760693993146788,18600
3761,1995-01-31,3.76033353805542,3.76033353805542,3.6973986094019327,3.7131327016791076,27000
3762,1995-02-01,3.76033353805542,3.76033353805542,3.7445994457782454,3.7445994457782454,46200
3763,1995-02-02,3.807534694671631,3.823268068044485,3.7918006010711105,3.7918006010711105,24000
3764,1995-02-03,3.8862006664276123,3.8862006664276123,3.7445982042473265,3.7917990249740883,70800
3765,1995-02-06,3.8547394275665283,3.870472816827093,3.8547394275665283,3.870472816827093,16800
3766,1995-02-07,3.870471477508545,3.870471477508545,3.8390039896478743,3.8390039896478743,13800
3767,1995-02-08,3.8862006664276123,3.8862006664276123,3.870467299594481,3.870467299594481,18000
3768,1995-02-09,3.933405876159668,3.980606749554497,3.9019391073818963,3.9019391073818963,41400
3769,1995-02-10,3.933405876159668,3.9334058761596684,3.9176724917707824,3.9176724917707824,1800
3770,1995-02-13,3.949138641357422,4.027806256848528,3.949138641357422,3.964872020410058,60600
3771,1995-02-14,3.949138641357422,3.964872020410058,3.917671163024224,3.964872020410058,16800
3772,1995-02-15,3.933405876159668,3.9334058761596684,3.8862050027648394,3.9334058761596684,40800
3773,1995-02-16,3.933405876159668,3.964873365165611,3.9176724917707824,3.9334058761596684,47400
3774,1995-02-17,3.933405876159668,3.949139980776725,3.9019391073818963,3.9019391073818963,52800
3775,1995-02-21,3.933405876159668,3.9334058761596684,3.9334058761596684,3.9334058761596684,600
3776,1995-02-22,3.8862006664276123,3.9334014871543745,3.870467299594481,3.9334014871543745,27000
3777,1995-02-23,3.9019386768341064,3.901938676834107,3.901938676834107,3.901938676834107,3600
3778,1995-02-24,3.9019386768341064,3.901938676834107,3.901938676834107,3.901938676834107,7200
3779,1995-02-27,3.7760698795318604,3.886205010942149,3.7760698795318604,3.870471626520157,42000
3780,1995-02-28,3.7760698795318604,3.7760698795318604,3.681668132543564,3.7760698795318604,46200
3781,1995-03-01,3.807534694671631,3.807534694671631,3.744599760724882,3.744599760724882,19200
3782,1995-03-02,3.807534694671631,3.823268068044485,3.7918006010711105,3.823268068044485,12600
3783,1995-03-03,3.807534694671631,3.807534694671631,3.7760672276982565,3.7918006010711105,7200
3784,1995-03-06,3.8232688903808594,3.839002267137762,3.8232688903808594,3.839002267137762,20400
3785,1995-03-07,3.8547394275665283,3.8547394275665283,3.8390053180775707,3.8390053180775707,5400
3786,1995-03-08,3.8547394275665283,3.886206206087657,3.8390053180775707,3.8390053180775707,27000
3787,1995-03-09,3.8547394275665283,3.8547394275665283,3.8547394275665283,3.8547394275665283,3600
3788,1995-03-10,3.8232688903808594,3.8232688903808594,3.8232688903808594,3.8232688903808594,6000
3789,1995-03-13,3.870471477508545,3.8862048613248077,3.8075372220153483,3.8075372220153483,35400
3790,1995-03-14,3.8232688903808594,3.8862031176362914,3.8232688903808594,3.854736364122486,31200
3791,1995-03-15,3.807534694671631,3.839001441417339,3.807534694671631,3.807534694671631,37200
3792,1995-03-16,3.791802167892456,3.823269647868597,3.791802167892456,3.8075362679945086,6600
3793,1995-03-17,3.7446019649505615,3.7760694504469834,3.7446019649505615,3.7603360678128177,30000
3794,1995-03-20,3.8862006664276123,3.8862006664276123,3.7603322913078254,3.7603322913078254,92400
3795,1995-03-21,3.8547394275665283,3.9019403155766152,3.8547394275665283,3.9019403155766152,36000
3796,1995-03-22,3.791802167892456,3.8390030277426854,3.791802167892456,3.8390030277426854,153600
3797,1995-03-23,3.791802167892456,3.791802167892456,3.791802167892456,3.791802167892456,0
3798,1995-03-24,3.839003324508667,3.8390033245086665,3.791802461009675,3.791802461009675,69000
3799,1995-03-27,3.92122220993042,3.9212222099304195,3.842165074138329,3.842165074138329,146400
3800,1995-03-28,3.9054088592529297,3.921220714654317,3.9054088592529297,3.921220714654317,35400
3801,1995-03-29,3.952845573425293,3.9844685812053577,3.889600281652849,3.889600281652849,44400
3802,1995-03-30,3.9370341300964355,3.9370341300964355,3.921222989310399,3.9370341300964355,8400
3803,1995-03-31,3.9844703674316406,3.9844703674316406,3.921225047306507,3.921225047306507,31200
3804,1995-04-03,4.000280380249023,4.000280380249023,4.000280380249023,4.000280380249023,1200
3805,1995-04-04,3.968658685684204,3.9844698326463535,3.968658685684204,3.9844698326463535,7200
3806,1995-04-05,4.0477142333984375,4.0477142333984375,3.9370347819945084,3.968657792590381,35400
3807,1995-04-06,4.079336643218994,4.142581931308679,4.063525502143484,4.079336643218994,58200
3808,1995-04-07,4.110958576202393,4.110958576202393,4.095146715466115,4.095146715466115,2400
3809,1995-04-10,4.095146656036377,4.110958516543189,4.095146656036377,4.110958516543189,3600
3810,1995-04-11,4.031901836395264,4.095147114135034,4.031901836395264,4.095147114135034,18600
3811,1995-04-12,4.0477142333984375,4.0477142333984375,4.031903089994376,4.031903089994376,3000
3812,1995-04-13,3.9844703674316406,4.0635275604290655,3.9844703674316406,4.0635275604290655,29400
3813,1995-04-17,3.9844703674316406,3.9844703674316406,3.96865921834736,3.9844703674316406,30600
3814,1995-04-18,3.92122220993042,3.9844674842916,3.9212222099304195,3.9844674842916,24000
3815,1995-04-19,3.9844703674316406,3.9844703674316406,3.9528473454750688,3.9528473454750688,40800
3816,1995-04-20,3.9844703674316406,3.9844703674316406,3.9844703674316406,3.9844703674316406,11400
3817,1995-04-21,3.9844703674316406,3.9844703674316406,3.96865921834736,3.96865921834736,34800
3818,1995-04-24,4.158393859863281,4.174205001180961,3.9844684102181893,3.9844684102181893,76200
3819,1995-04-25,4.190012454986572,4.205824306176341,4.1742013275838215,4.1742013275838215,44400
3820,1995-04-26,4.221639633178711,4.23745077631006,4.190016623128276,4.190016623128276,42000
3821,1995-04-27,4.205827713012695,4.221638853222906,4.205827713012695,4.221638853222906,16800
3822,1995-04-28,4.190012454986572,4.237446560981843,4.1742013275838215,4.237446560981843,60000
3823,1995-05-01,4.1742048263549805,4.19001596701045,4.1742048263549805,4.19001596701045,12000
3824,1995-05-02,4.158393859863281,4.174205001180961,4.126770853440267,4.174205001180961,27000
3825,1995-05-03,4.126771450042725,4.15839446103744,4.110960306439247,4.15839446103744,34800
3826,1995-05-04,4.126771450042725,4.190016748244394,4.126771450042725,4.142582593646202,51600
3827,1995-05-05,4.095146656036377,4.126769653262556,4.095146656036377,4.126769653262556,26400
3828,1995-05-08,4.110958576202393,4.110958576202393,4.095146715466115,4.095146715466115,10200
3829,1995-05-09,4.079336643218994,4.126770790233168,4.079336643218994,4.126770790233168,22800
3830,1995-05-10,4.14258337020874,4.14258337020874,4.09514920671861,4.09514920671861,4800
3831,1995-05-11,4.1742048263549805,4.1742048263549805,4.158393685699511,4.158393685699511,5400
3832,1995-05-12,4.190012454986572,4.190012454986572,4.1742013275838215,4.1742013275838215,5400
3833,1995-05-15,4.158393859863281,4.174205001180961,4.158393859863281,4.174205001180961,7200
3834,1995-05-16,4.126771450042725,4.142582593646202,4.126771450042725,4.142582593646202,9000
3835,1995-05-17,4.190012454986572,4.190012454986572,4.12676722158855,4.12676722158855,35400
3836,1995-05-18,4.158393859863281,4.1900161424986395,4.142581994757947,4.158393859863281,25800
3837,1995-05-19,4.158393859863281,4.174205001180961,4.158393859863281,4.174205001180961,4800
3838,1995-05-22,4.1742048263549805,4.1742048263549805,4.158393685699511,4.158393685699511,4800
3839,1995-05-23,4.158393859863281,4.174205001180961,4.158393859863281,4.174205001180961,3000
3840,1995-05-24,4.158393859863281,4.174205001180961,4.142581994757947,4.174205001180961,16800
3841,1995-05-25,4.158393859863281,4.158393859863281,4.142581994757947,4.142581994757947,4200
3842,1995-05-26,4.110958576202393,4.158392710836315,4.110958576202393,4.142580850100038,25200
3843,1995-05-30,4.110958576202393,4.110958576202393,4.110958576202393,4.110958576202393,1200
3844,1995-05-31,4.079336643218994,4.1109596491576585,4.079336643218994,4.1109596491576585,15600
3845,1995-06-01,4.0160908699035645,4.0635250111867265,4.0160908699035645,4.0635250111867265,11400
3846,1995-06-02,4.0160908699035645,4.0160908699035645,3.9844678677856047,4.000279006950806,17400
3847,1995-06-05,3.9844703674316406,3.9844703674316406,3.96865921834736,3.9844703674316406,9600
3848,1995-06-06,4.000280380249023,4.016092248630003,3.968658091062672,3.968658091062672,18600
3849,1995-06-07,3.9844703674316406,3.9844703674316406,3.9844703674316406,3.9844703674316406,1200
3850,1995-06-08,4.000280380249023,4.000280380249023,3.9844692356558475,3.9844692356558475,5400
3851,1995-06-09,3.968658685684204,3.9844698326463535,3.968658685684204,3.9844698326463535,9600
3852,1995-06-12,3.968658685684204,3.9844698326463535,3.968658685684204,3.9844698326463535,3000
3853,1995-06-13,3.8896021842956543,3.9528475070052616,3.8896021842956543,3.9528475070052616,19200
3854,1995-06-14,3.9370341300964355,3.9370341300964355,3.889599983950695,3.889599983950695,15000
3855,1995-06-15,3.968658685684204,3.968658685684204,3.9528468149341416,3.9528468149341416,4800
3856,1995-06-16,4.000280380249023,4.000280380249023,3.9844692356558475,3.9844692356558475,7200
3857,1995-06-19,4.000280380249023,4.031903393223179,3.968658091062672,4.000280380249023,24000
3858,1995-06-20,4.0160908699035645,4.0160908699035645,4.000279006950806,4.000279006950806,2400
3859,1995-06-21,3.9054088592529297,4.000277096512411,3.889597727638753,4.000277096512411,40200
3860,1995-06-22,3.92122220993042,3.9212222099304195,3.8737880732126624,3.889599210856086,33600
3861,1995-06-23,3.8896021842956543,3.921225207544478,3.8737910345652624,3.921225207544478,20400
3862,1995-06-26,3.794731616973877,3.889599907398224,3.794731616973877,3.889599907398224,19200
3863,1995-06-27,3.747297525405884,3.7947316712970975,3.747297525405884,3.7947316712970975,8400
3864,1995-06-28,3.8140439987182617,3.8140439987182617,3.718692898750305,3.7345845062545777,39000
3865,1995-06-29,3.8458261489868164,3.8458261489868164,3.814042221318885,3.814042221318885,7200
3866,1995-06-30,3.8776097297668457,3.8776097297668457,3.8617181281085484,3.8617181281085484,15000
3867,1995-07-03,3.86171817779541,3.86171817779541,3.8299342465989743,3.86171817779541,18000
3868,1995-07-05,3.8140439987182617,3.9093950986862183,3.8140439987182617,3.8458279411979674,24600
3869,1995-07-06,3.8776097297668457,3.8776097297668457,3.806096431098169,3.8140425956627637,67800
3870,1995-07-07,3.909395456314087,3.9411794017013584,3.8935038473560644,3.8935038473560644,10200
3871,1995-07-10,4.084205627441406,4.084205627441406,3.9252866449917287,3.941178979719386,36600
3872,1995-07-11,4.084205627441406,4.084205627441406,4.052421685457241,4.068313292713749,33000
3873,1995-07-12,4.068313121795654,4.084205455855642,4.068313121795654,4.068313121795654,6600
3874,1995-07-13,4.100097179412842,4.11598878645507,4.068313237857246,4.068313237857246,31200
3875,1995-07-14,4.179555892944336,4.179555892944336,4.084204813466298,4.084204813466298,28200
3876,1995-07-17,4.131880760192871,4.1795563046279005,4.131880760192871,4.1795563046279005,15600
3877,1995-07-18,4.100097179412842,4.147772728010666,4.100097179412842,4.131881120968437,24000
3878,1995-07-19,4.100097179412842,4.100097179412842,4.068313237857246,4.084205572370614,82200
3879,1995-07-20,4.163665771484375,4.163665771484375,4.084206981389446,4.084206981389446,25200
3880,1995-07-21,4.195446491241455,4.195446491241455,4.147770962931893,4.147770962931893,16200
3881,1995-07-24,4.243124961853027,4.243124961853027,4.163665450414024,4.179557789184625,17400
3882,1995-07-25,4.243124961853027,4.259016573152294,4.243124961853027,4.243124961853027,55800
3883,1995-07-26,4.290798664093018,4.290798664093018,4.227231518967164,4.227231518967164,120600
3884,1995-07-27,4.32258415222168,4.32258415222168,4.2908002045126405,4.2908002045126405,63000
3885,1995-07-28,4.32258415222168,4.32258415222168,4.306691814631519,4.32258415222168,25800
3886,1995-07-31,4.3066911697387695,4.3066911697387695,4.274907954260295,4.290799561999532,34200
3887,1995-08-01,4.338475704193115,4.354367314099004,4.322584094287227,4.338475704193115,22800
3888,1995-08-02,4.338475704193115,4.386151261382051,4.322584094287227,4.322584094287227,51600
3889,1995-08-03,4.338475704193115,4.338475704193115,4.306691756910068,4.322584094287227,49800
3890,1995-08-04,4.354365825653076,4.354365825653076,4.306690284760995,4.306690284760995,57000
3891,1995-08-07,4.290798664093018,4.322582600391454,4.290798664093018,4.322582600391454,20400
3892,1995-08-08,4.243124961853027,4.274908911922895,4.243124961853027,4.274908911922895,28200
3893,1995-08-09,4.211335182189941,4.227227498961406,4.195443592888805,4.227227498961406,25200
3894,1995-08-10,4.211335182189941,4.211335182189941,4.195443592888805,4.195443592888805,37200
3895,1995-08-11,4.243124961853027,4.243124961853027,4.22723335055376,4.22723335055376,2400
3896,1995-08-14,4.259017467498779,4.274909809606597,4.195450281481973,4.22723423822612,19200
3897,1995-08-15,4.227231025695801,4.259014230814468,4.227231025695801,4.243122628255135,82800
3898,1995-08-16,4.243124961853027,4.243124961853027,4.211341011783159,4.211341011783159,151800
3899,1995-08-17,4.3066911697387695,4.3066911697387695,4.259015619049886,4.259015619049886,18000
3900,1995-08-18,4.290798664093018,4.322582600391454,4.290798664093018,4.306690268506726,7200
3901,1995-08-21,4.259017467498779,4.274909809606597,4.195450281481973,4.274909809606597,81000
3902,1995-08-22,4.259017467498779,4.259017467498779,4.259017467498779,4.259017467498779,1200
3903,1995-08-23,4.243124961853027,4.243124961853027,4.243124961853027,4.243124961853027,1200
3904,1995-08-24,4.227231025695801,4.243122628255135,4.227231025695801,4.243122628255135,11400
3905,1995-08-25,4.195446491241455,4.211338091521032,4.195446491241455,4.211338091521032,12600
3906,1995-08-28,4.163665771484375,4.19544972400518,4.163665771484375,4.179558111480473,43200
3907,1995-08-29,4.163665771484375,4.179558111480473,4.147774158959667,4.179558111480473,12000
3908,1995-08-30,4.068313121795654,4.1636642162711075,4.068313121795654,4.1636642162711075,35400
3909,1995-08-31,4.020637512207031,4.052421452362993,4.020637512207031,4.052421452362993,38400
3910,1995-09-01,4.036528587341309,4.036528587341309,4.004744657096283,4.020636258483355,12600
3911,1995-09-05,3.9888546466827393,4.052421805055972,3.9888546466827393,4.052421805055972,41400
3912,1995-09-06,4.036528587341309,4.036528587341309,4.004744657096283,4.004744657096283,11400
3913,1995-09-07,4.020637512207031,4.020637512207031,4.020637512207031,4.020637512207031,1200
3914,1995-09-08,4.052419185638428,4.052419185638428,4.036527588184981,4.036527588184981,21000
3915,1995-09-11,4.036528587341309,4.0683117901154535,4.020636258483355,4.052420188728381,28800
3916,1995-09-12,4.004746913909912,4.036530862066294,4.004746913909912,4.036530862066294,12000
3917,1995-09-13,3.9729626178741455,4.004746563247471,3.9729626178741455,3.988854954296422,29400
3918,1995-09-14,4.004746913909912,4.004746913909912,3.9570713554109846,3.9570713554109846,55200
3919,1995-09-15,3.9570693969726562,4.004744931875941,3.941177794495205,4.004744931875941,20400
3920,1995-09-18,3.941176176071167,3.9570677720228153,3.9411761760711674,3.9411761760711674,33600
3921,1995-09-19,3.941176176071167,3.9570677720228153,3.9411761760711674,3.9411761760711674,6600
3922,1995-09-20,3.941176176071167,3.9570677720228153,3.9411761760711674,3.9570677720228153,1200
3923,1995-09-21,3.941176176071167,3.9411761760711674,3.9411761760711674,3.9411761760711674,3600
3924,1995-09-22,3.909395456314087,3.925287065272109,3.8935038473560644,3.925287065272109,43800
3925,1995-09-25,3.925283432006836,3.925283432006836,3.9093918377581662,3.9093918377581662,34800
3926,1995-09-26,3.941176176071167,3.9411761760711674,3.9093922566972394,3.9093922566972394,73200
3927,1995-09-27,3.9284045696258545,3.9443734502231274,3.9284045696258545,3.9443734502231274,3000
3928,1995-09-28,3.9284045696258545,3.9284045696258545,3.9284045696258545,3.9284045696258545,0
3929,1995-09-29,3.9603426456451416,3.9603426456451416,3.912435277879307,3.9284041567984453,18600
3930,1995-10-02,3.9284045696258545,3.9603430618288966,3.9284045696258545,3.9443734502231274,10800
3931,1995-10-03,3.8964650630950928,3.9124346705436537,3.8964650630950928,3.9124346705436537,7200
3932,1995-10-04,3.864525079727173,3.896462814174186,3.864525079727173,3.896462814174186,5400
3933,1995-10-05,3.8485562801361084,3.880494752218777,3.848556280136109,3.8645258816814607,47400
3934,1995-10-06,3.864525079727173,3.864525079727173,3.864525079727173,3.864525079727173,1200
3935,1995-10-09,3.8006515502929688,3.8485589258471173,3.8006515502929688,3.8485589258471173,15600
3936,1995-10-10,3.8006515502929688,3.8006515502929688,3.784682668777765,3.8006515502929688,18000
3937,1995-10-11,3.8006515502929688,3.8006515502929688,3.8006515502929688,3.8006515502929688,0
3938,1995-10-12,3.8166186809539795,3.8166186809539795,3.800649078814917,3.800649078814917,4200
3939,1995-10-13,3.8166186809539795,3.8166186809539795,3.8166186809539795,3.8166186809539795,3600
3940,1995-10-16,3.8325889110565186,3.8325889110565186,3.8325889110565186,3.8325889110565186,10800
3941,1995-10-17,4.10406494140625,4.10406494140625,3.864528091343793,3.864528091343793,216000
3942,1995-10-18,4.088092803955078,4.120031274558978,4.088092803955078,4.120031274558978,51600
3943,1995-10-19,4.279719829559326,4.279719829559326,4.088090572549094,4.088090572549094,67200
3944,1995-10-20,4.263753890991211,4.279722763018439,4.247785018963983,4.279722763018439,12600
3945,1995-10-23,4.247788429260254,4.247788429260254,4.215849928556175,4.247788429260254,14400
3946,1995-10-24,4.199879169464111,4.247786533636674,4.199879169464111,4.247786533636674,9600
3947,1995-10-25,4.183907508850098,4.183907508850098,4.151969769070299,4.183907508850098,12600
3948,1995-10-26,4.136000633239746,4.167939107618832,4.120031761554247,4.167939107618832,27600
3949,1995-10-27,4.120034217834473,4.151972711254635,4.120034217834473,4.136003099040292,7800
3950,1995-10-30,4.167939186096191,4.167939186096191,4.1200318391295685,4.1200318391295685,16800
3951,1995-10-31,4.247788429260254,4.263757314107949,4.151973658156705,4.151973658156705,24600
3952,1995-11-01,4.327631950378418,4.327631950378418,4.247786825281053,4.247786825281053,29400
3953,1995-11-02,4.359570026397705,4.359570026397705,4.3276315407766255,4.343601149091338,331200
3954,1995-11-03,4.343598365783691,4.359567232857467,4.3276287677020395,4.359567232857467,11400
3955,1995-11-06,4.343598365783691,4.343598365783691,4.3276287677020395,4.3276287677020395,1800
3956,1995-11-07,4.343598365783691,4.375536099931242,4.3276287677020395,4.3276287677020395,73800
3957,1995-11-08,4.343598365783691,4.343598365783691,4.3276287677020395,4.3276287677020395,3600
3958,1995-11-09,4.439413070678711,4.439413070678711,4.359567272566801,4.359567272566801,31800
3959,1995-11-10,4.439413070678711,4.439413070678711,4.439413070678711,4.439413070678711,1800
3960,1995-11-13,4.439413070678711,4.439413070678711,4.4234434724515985,4.439413070678711,4200
3961,1995-11-14,4.439413070678711,4.439413070678711,4.439413070678711,4.439413070678711,0
3962,1995-11-15,4.439413070678711,4.439413070678711,4.439413070678711,4.439413070678711,4800
3963,1995-11-16,4.503291130065918,4.503291130065918,4.471352651431516,4.471352651431516,11400
3964,1995-11-17,4.455385208129883,4.4713540870701936,4.439416329189572,4.4713540870701936,9000
3965,1995-11-20,4.599104881286621,4.615073751788411,4.471351724248204,4.471351724248204,61200
3966,1995-11-21,4.631043434143066,4.631043434143066,4.567166489004731,4.567166489004731,18000
3967,1995-11-22,4.631043434143066,4.647012304923627,4.631043434143066,4.647012304923627,2400
3968,1995-11-24,4.6150736808776855,4.6150736808776855,4.6150736808776855,4.6150736808776855,3000
3969,1995-11-27,4.6150736808776855,4.647012152398563,4.6150736808776855,4.6310432821421355,12000
3970,1995-11-28,4.6150736808776855,4.647012152398563,4.6150736808776855,4.647012152398563,18600
3971,1995-11-29,4.6150736808776855,4.6150736808776855,4.6150736808776855,4.6150736808776855,2400
3972,1995-11-30,4.6150736808776855,4.6150736808776855,4.583135940364831,4.599104810621259,24600
3973,1995-12-01,4.599104881286621,4.647012223800024,4.599104881286621,4.631043353298234,27000
3974,1995-12-04,4.647011756896973,4.647011756896973,4.61507328809434,4.61507328809434,4800
3975,1995-12-05,4.662981986999512,4.69492046512554,4.647013113440585,4.647013113440585,16200
3976,1995-12-06,4.662981986999512,4.678951591566612,4.662981986999512,4.662981986999512,3600
3977,1995-12-07,4.647011756896973,4.662980625794309,4.631042887999636,4.662980625794309,13800
3978,1995-12-08,4.678950786590576,4.678950786590576,4.662981184770917,4.662981184770917,3000
3979,1995-12-11,4.662981986999512,4.662981986999512,4.662981986999512,4.662981986999512,1800
3980,1995-12-12,4.647011756896973,4.647011756896973,4.61507328809434,4.647011756896973,12000
3981,1995-12-13,4.710887432098389,4.7268570302022885,4.662980099802446,4.662980099802446,13800
3982,1995-12-14,4.742827892303467,4.742827892303467,4.726859018490359,4.726859018490359,25200
3983,1995-12-15,4.774768352508545,4.790737232948878,4.758798741059723,4.758798741059723,14400
3984,1995-12-18,4.806703567504883,4.822673170495359,4.774765823540134,4.7907346955225085,15000
3985,1995-12-19,4.774768352508545,4.822675724838033,4.774768352508545,4.822675724838033,20400
3986,1995-12-20,4.774768352508545,4.822675724838033,4.774768352508545,4.790737232948878,19200
3987,1995-12-21,4.758798122406006,4.7907366101430915,4.758798122406006,4.7907366101430915,39000
3988,1995-12-22,4.742827892303467,4.7747663709378685,4.726859018490359,4.742827892303467,23400
3989,1995-12-26,4.774768352508545,4.790737232948878,4.7268609801790555,4.7428298606193895,25800
3990,1995-12-27,4.794005870819092,4.794005870819092,4.794005870819092,4.794005870819092,3600
3991,1995-12-28,4.777971267700195,4.777971267700195,4.777971267700195,4.777971267700195,11400
3992,1995-12-29,4.842106819152832,4.842106819152832,4.794006422717386,4.794006422717386,22200
3993,1996-01-02,4.810039043426514,4.826072262253365,4.794005824599663,4.826072262253365,13200
3994,1996-01-03,4.858139514923096,4.874172734017475,4.794005904591854,4.794005904591854,28800
3995,1996-01-04,4.826071262359619,4.85813842732317,4.810038046854624,4.85813842732317,14400
3996,1996-01-05,4.826071262359619,4.826071262359619,4.810038046854624,4.826071262359619,18600
3997,1996-01-08,4.794005870819092,4.8100390898005205,4.794005870819092,4.8100390898005205,5400
3998,1996-01-09,4.761937141418457,4.777970355155912,4.745903927681002,4.745903927681002,28200
3999,1996-01-10,4.745907783508301,4.777974237035699,4.745907783508301,4.761941010272,27000
4000,1996-01-11,4.761937141418457,4.777970355155912,4.761937141418457,4.761937141418457,4800
4001,1996-01-12,4.713840007781982,4.745907191261759,4.713840007781982,4.745907191261759,26400
4002,1996-01-15,4.697805404663086,4.713838624721768,4.697805404663086,4.713838624721768,9600
4003,1996-01-16,4.6817731857299805,4.697807145684664,4.6817731857299805,4.697807145684664,21600
4004,1996-01-17,4.6817731857299805,4.6817731857299805,4.665739959729336,4.665739959729336,19200
4005,1996-01-18,4.697805404663086,4.697805404663086,4.665738230591954,4.681771450650635,26400
4006,1996-01-19,4.697805404663086,4.713838624721768,4.681771450650635,4.697805404663086,10800
4007,1996-01-22,4.713840007781982,4.713840007781982,4.681772824302206,4.681772824302206,8400
4008,1996-01-23,4.697805404663086,4.713838624721768,4.665738230591954,4.697805404663086,32400
4009,1996-01-24,4.745907783508301,4.745907783508301,4.6978073692631295,4.6978073692631295,6000
4010,1996-01-25,4.761937141418457,4.761937141418457,4.745903927681002,4.745903927681002,10200
4011,1996-01-26,4.777971267700195,4.777971267700195,4.761938050900558,4.761938050900558,10200
4012,1996-01-29,4.826071262359619,4.826071262359619,4.777970881891073,4.777970881891073,9000
4013,1996-01-30,4.938309669494629,4.938309669494629,4.826074875081816,4.826074875081816,21600
4014,1996-01-31,4.938309669494629,4.938309669494629,4.9222757080333075,4.9222757080333075,14400
4015,1996-02-01,4.938309669494629,4.938309669494629,4.938309669494629,4.938309669494629,10800
4016,1996-02-02,4.938309669494629,4.954342897001841,4.938309669494629,4.938309669494629,81000
4017,1996-02-05,4.938309669494629,4.938309669494629,4.9222757080333075,4.938309669494629,46200
4018,1996-02-06,4.874173164367676,4.938307514315188,4.858139943857692,4.938307514315188,27000
4019,1996-02-07,4.810039043426514,4.858139433860779,4.810039043426514,4.858139433860779,10200
4020,1996-02-08,4.810039043426514,4.826072262253365,4.810039043426514,4.826072262253365,2400
4021,1996-02-09,4.826071262359619,4.842105211818174,4.810038046854624,4.810038046854624,16200
4022,1996-02-12,4.826071262359619,4.826071262359619,4.826071262359619,4.826071262359619,2400
4023,1996-02-13,4.826071262359619,4.826071262359619,4.826071262359619,4.826071262359619,1200
4024,1996-02-14,4.810039043426514,4.842106215033928,4.810039043426514,4.826072262253365,65400
4025,1996-02-15,4.810039043426514,4.810039043426514,4.794005824599663,4.810039043426514,5400
4026,1996-02-16,4.858139514923096,4.858139514923096,4.77797195154375,4.77797195154375,8400
4027,1996-02-20,4.810039043426514,4.87417265268763,4.810039043426514,4.87417265268763,15000
4028,1996-02-21,4.761937141418457,4.8100375165843,4.761937141418457,4.8100375165843,8400
4029,1996-02-22,4.777971267700195,4.794005218453451,4.777971267700195,4.794005218453451,14400
4030,1996-02-23,4.810039043426514,4.810039043426514,4.7779718718190995,4.7779718718190995,16200
4031,1996-02-26,4.842106819152832,4.842106819152832,4.8100396435446005,4.8100396435446005,4800
4032,1996-02-27,4.826071262359619,4.85813842732317,4.826071262359619,4.842105211818174,8400
4033,1996-02-28,4.842106819152832,4.842106819152832,4.842106819152832,4.842106819152832,21000
4034,1996-02-29,4.842106819152832,4.842106819152832,4.842106819152832,4.842106819152832,0
4035,1996-03-01,4.874173164367676,4.874173164367676,4.874173164367676,4.874173164367676,9000
4036,1996-03-04,4.874173164367676,4.874173164367676,4.874173164367676,4.874173164367676,1800
4037,1996-03-05,4.858139514923096,4.858139514923096,4.858139514923096,4.858139514923096,21600
4038,1996-03-06,4.826071262359619,4.85813842732317,4.826071262359619,4.85813842732317,13200
4039,1996-03-07,4.826071262359619,4.826071262359619,4.826071262359619,4.826071262359619,600
4040,1996-03-08,4.826071262359619,4.826071262359619,4.826071262359619,4.826071262359619,0
4041,1996-03-11,4.761937141418457,4.7940043028468455,4.761937141418457,4.7940043028468455,15000
4042,1996-03-12,4.64970588684082,4.745906693230948,4.64970588684082,4.745906693230948,15600
4043,1996-03-13,4.665736675262451,4.665736675262451,4.665736675262451,4.665736675262451,600
4044,1996-03-14,4.6817731857299805,4.713840371685309,4.6817731857299805,4.6817731857299805,4800
4045,1996-03-15,4.64970588684082,4.665739109921206,4.64970588684082,4.665739109921206,3000
4046,1996-03-18,4.633668899536133,4.681769271275101,4.633668899536133,4.66573605867992,76800
4047,1996-03-19,4.665736675262451,4.71383705335794,4.649703460548462,4.649703460548462,33600
4048,1996-03-20,4.665736675262451,4.665736675262451,4.63366951188095,4.649703460548462,9000
4049,1996-03-21,4.697805404663086,4.713838624721768,4.61763783646214,4.649705010533272,34800
4050,1996-03-22,4.810039043426514,4.810039043426514,4.713838262557983,4.713838262557983,22200
4051,1996-03-25,4.874173164367676,4.874173164367676,4.826072768883936,4.826072768883936,6600
4052,1996-03-26,4.906242370605469,4.906242370605469,4.874175182355376,4.874175182355376,7800
4053,1996-03-27,4.925555229187012,4.925555229187012,4.90945888908512,4.90945888908512,1800
4054,1996-03-28,4.9577507972717285,4.9577507972717285,4.909461019171172,4.909461019171172,10200
4055,1996-03-29,4.941650867462158,4.941650867462158,4.941650867462158,4.941650867462158,600
4056,1996-04-01,4.925555229187012,4.957748646234013,4.925555229187012,4.957748646234013,3600
4057,1996-04-02,4.941650867462158,4.941650867462158,4.941650867462158,4.941650867462158,3000
4058,1996-04-03,4.941650867462158,4.941650867462158,4.941650867462158,4.941650867462158,0
4059,1996-04-04,4.925555229187012,4.925555229187012,4.925555229187012,4.925555229187012,600
4060,1996-04-08,4.909458160400391,4.925554498113188,4.893361085844484,4.925554498113188,4800
4061,1996-04-09,4.877267360687256,4.893363707022218,4.877267360687256,4.893363707022218,6000
4062,1996-04-10,4.861169815063477,4.877266157427345,4.861169815063477,4.877266157427345,5400
4063,1996-04-11,4.877267360687256,4.893363707022218,4.861171014352294,4.861171014352294,23400
4064,1996-04-12,4.861169815063477,4.893362499791212,4.861169815063477,4.893362499791212,3000
4065,1996-04-15,4.893364906311035,4.893364906311035,4.877268556031105,4.877268556031105,27000
4066,1996-04-16,4.893364906311035,4.893364906311035,4.893364906311035,4.893364906311035,24000
4067,1996-04-17,4.861169815063477,4.893362499791212,4.861169815063477,4.893362499791212,3600
4068,1996-04-18,4.828976154327393,4.828976154327393,4.828976154327393,4.828976154327393,10200
4069,1996-04-19,4.845072269439697,4.845072269439697,4.812879587811028,4.845072269439697,12000
4070,1996-04-22,4.877267360687256,4.877267360687256,4.828977584838867,4.845073931173829,5400
4071,1996-04-23,4.9738450050354,4.9738450050354,4.893361830536926,4.893361830536926,10800
4072,1996-04-24,5.134809970855713,5.1509070458351545,4.989940717099503,4.989940717099503,23400
4073,1996-04-25,5.247487545013428,5.247487545013428,5.150908024165593,5.150908024165593,19200
4074,1996-04-26,5.344067573547363,5.376260258992766,5.311874151258623,5.344067573547363,36000
4075,1996-04-29,5.344067573547363,5.408453681281507,5.344067573547363,5.360163916270065,21600
4076,1996-04-30,5.376261234283447,5.376261234283447,5.34406854299807,5.34406854299807,16800
4077,1996-05-01,5.376261234283447,5.408454662412296,5.376261234283447,5.392358316769608,18600
4078,1996-05-02,5.4084553718566895,5.4084553718566895,5.360165591750826,5.360165591750826,17400
4079,1996-05-03,5.376261234283447,5.408454662412296,5.376261234283447,5.408454662412296,3000
4080,1996-05-06,5.521130561828613,5.521130561828613,5.408454668515693,5.408454668515693,26400
4081,1996-05-07,5.521130561828613,5.601613763819826,5.521130561828613,5.521130561828613,21600
4082,1996-05-08,5.585515975952148,5.585515975952148,5.537226214594762,5.537226214594762,7800
4083,1996-05-09,5.601613998413086,5.617710344748048,5.569420568899659,5.569420568899659,24000
4084,1996-05-10,5.698192119598389,5.698192119598389,5.585516249853538,5.585516249853538,10800
4085,1996-05-13,5.6659979820251465,5.762577497269002,5.601611884143651,5.730384816749868,32400
4086,1996-05-14,5.698192119598389,5.698192119598389,5.665998698167009,5.665998698167009,11400
4087,1996-05-15,5.746482849121094,5.746482849121094,5.682096732280437,5.682096732280437,4800
4088,1996-05-16,5.730383396148682,5.746479732417858,5.730383396148682,5.746479732417858,4200
4089,1996-05-17,5.746482849121094,5.794772620962448,5.665999650437691,5.730386504121791,66000
4090,1996-05-20,5.762578964233398,5.794772389791153,5.730386275519056,5.730386275519056,7800
4091,1996-05-21,5.859156608581543,5.859156608581543,5.762577099995896,5.762577099995896,37800
4092,1996-05-22,5.923543453216553,5.923543453216553,5.891350037995626,5.891350037995626,15600
4093,1996-05-23,5.923543453216553,5.955736131594302,5.923543453216553,5.923543453216553,7200
4094,1996-05-24,5.923543453216553,5.923543453216553,5.923543453216553,5.923543453216553,0
4095,1996-05-28,5.891350269317627,5.891350269317627,5.875253929496735,5.891350269317627,15600
4096,1996-05-29,5.810867786407471,5.859157548446434,5.810867786407471,5.859157548446434,13200
4097,1996-05-30,5.778676509857178,5.810869201158796,5.778676509857178,5.810869201158796,12000
4098,1996-05-31,5.810867786407471,5.810867786407471,5.762578024368508,5.762578024368508,3000
4099,1996-06-03,5.8430585861206055,5.8430585861206055,5.826962251607872,5.826962251607872,4200
4100,1996-06-04,5.8430585861206055,5.8430585861206055,5.8430585861206055,5.8430585861206055,600
4101,1996-06-05,5.82696533203125,5.84306167505331,5.82696533203125,5.84306167505331,1800
4102,1996-06-06,5.82696533203125,5.82696533203125,5.82696533203125,5.82696533203125,1800
4103,1996-06-07,5.778676509857178,5.794772855507986,5.778676509857178,5.794772855507986,6000
4104,1996-06-10,5.794771194458008,5.810867535494859,5.794771194458008,5.810867535494859,2400
4105,1996-06-11,5.794771194458008,5.794771194458008,5.794771194458008,5.794771194458008,600
4106,1996-06-12,5.794771194458008,5.794771194458008,5.794771194458008,5.794771194458008,83400
4107,1996-06-13,5.794771194458008,5.794771194458008,5.778674853421156,5.778674853421156,183600
4108,1996-06-14,5.778676509857178,5.778676509857178,5.778676509857178,5.778676509857178,60000
4109,1996-06-17,5.762578964233398,5.762578964233398,5.762578964233398,5.762578964233398,16800
4110,1996-06-18,5.810867786407471,5.810867786407471,5.746481682636618,5.778675102943691,36000
4111,1996-06-19,5.907444953918457,5.923542026072281,5.84305887583216,5.84305887583216,15600
4112,1996-06-20,5.923543453216553,5.939639792405427,5.907446377184502,5.923543453216553,15000
4113,1996-06-21,6.004024982452393,6.0362183928285,5.907445488167137,5.955735235309765,40800
4114,1996-06-24,6.0201263427734375,6.036222691001578,6.0201263427734375,6.036222691001578,7800
4115,1996-06-25,6.0523176193237305,6.0523176193237305,6.0523176193237305,6.0523176193237305,13800
4116,1996-06-26,6.07558536529541,6.07558536529541,6.043268913668948,6.043268913668948,2400
4117,1996-06-27,6.010951995849609,6.043269188622587,5.99479376930122,6.043269188622587,10200
4118,1996-06-28,6.07558536529541,6.07558536529541,6.010951722366322,6.010951722366322,13800
4119,1996-07-01,6.043270111083984,6.0755865691136375,6.043270111083984,6.0755865691136375,7200
4120,1996-07-02,6.0594282150268555,6.0594282150268555,6.0594282150268555,6.0594282150268555,600
4121,1996-07-03,5.946316242218018,6.043267046495072,5.946316242218018,6.043267046495072,45600
4122,1996-07-05,5.913999557495117,5.913999557495117,5.913999557495117,5.913999557495117,1800
4123,1996-07-08,5.913999557495117,5.9301577796727765,5.897841335317458,5.897841335317458,6000
4124,1996-07-09,5.897841453552246,5.897841453552246,5.897841453552246,5.897841453552246,600
4125,1996-07-10,5.865522384643555,5.881680601954504,5.865522384643555,5.881680601954504,6000
4126,1996-07-11,5.8332085609436035,5.8493675272120464,5.8332085609436035,5.8493675272120464,3600
4127,1996-07-12,5.8008928298950195,5.817051058498752,5.8008928298950195,5.817051058498752,3600
4128,1996-07-15,5.736258029937744,5.81705064658799,5.736258029937744,5.784733451992644,12000
4129,1996-07-16,5.671624660491943,5.720100084940592,5.655466432234485,5.720100084940592,15600
4130,1996-07-17,5.63930606842041,5.655465032354365,5.63930606842041,5.655465032354365,7200
4131,1996-07-18,5.63930606842041,5.655465032354365,5.623147844162549,5.63930606842041,16200
4132,1996-07-19,5.623149871826172,5.639308101910563,5.623149871826172,5.623149871826172,27600
4133,1996-07-22,5.623149871826172,5.623149871826172,5.623149871826172,5.623149871826172,0
4134,1996-07-23,5.574673175811768,5.639306821146507,5.574673175811768,5.62314859473187,27600
4135,1996-07-24,5.510039806365967,5.5423562608133325,5.510039806365967,5.5423562608133325,11400
4136,1996-07-25,5.526196002960205,5.526196002960205,5.526196002960205,5.526196002960205,18600
4137,1996-07-26,5.558516502380371,5.558516502380371,5.526199300845865,5.526199300845865,36000
4138,1996-07-29,5.558516502380371,5.558516502380371,5.558516502380371,5.558516502380371,36000
4139,1996-07-30,5.558516502380371,5.558516502380371,5.558516502380371,5.558516502380371,600
4140,1996-07-31,5.558516502380371,5.558516502380371,5.558516502380371,5.558516502380371,6600
4141,1996-08-01,5.558516502380371,5.558516502380371,5.558516502380371,5.558516502380371,3000
4142,1996-08-02,5.558516502380371,5.558516502380371,5.542357531774918,5.558516502380371,41400
4143,1996-08-05,5.558516502380371,5.558516502380371,5.558516502380371,5.558516502380371,3600
4144,1996-08-06,5.461562633514404,5.5423544833993805,5.461562633514404,5.526196261357584,88200
4145,1996-08-07,5.461562633514404,5.526196261357584,5.461562633514404,5.493879077597998,18000
4146,1996-08-08,5.461562633514404,5.461562633514404,5.461562633514404,5.461562633514404,0
4147,1996-08-09,5.396930694580078,5.461565091184321,5.396930694580078,5.461565091184321,30000
4148,1996-08-12,5.380770683288574,5.413087870888039,5.380770683288574,5.413087870888039,5400
4149,1996-08-13,5.380770683288574,5.380770683288574,5.380770683288574,5.380770683288574,0
4150,1996-08-14,5.316137790679932,5.364613209015383,5.2999788247839925,5.364613209015383,15600
4151,1996-08-15,5.299978733062744,5.299978733062744,5.299978733062744,5.299978733062744,600
4152,1996-08-16,5.299978733062744,5.299978733062744,5.299978733062744,5.299978733062744,1800
4153,1996-08-19,5.299978733062744,5.299978733062744,5.283820507122622,5.283820507122622,1800
4154,1996-08-20,5.299978733062744,5.299978733062744,5.299978733062744,5.299978733062744,0
4155,1996-08-21,5.283823013305664,5.283823013305664,5.26766477970149,5.26766477970149,3000
4156,1996-08-22,5.251503944396973,5.267662911948189,5.251503944396973,5.267662911948189,1800
4157,1996-08-23,5.2353434562683105,5.2515016771672824,5.2353434562683105,5.2353434562683105,31200
4158,1996-08-26,5.2353434562683105,5.2353434562683105,5.2353434562683105,5.2353434562683105,600
4159,1996-08-27,5.2353434562683105,5.2353434562683105,5.2353434562683105,5.2353434562683105,9000
4160,1996-08-28,5.2353434562683105,5.2353434562683105,5.2353434562683105,5.2353434562683105,1200
4161,1996-08-29,5.251503944396973,5.251503944396973,5.235345716522016,5.235345716522016,2400
4162,1996-08-30,5.267662048339844,5.267662048339844,5.267662048339844,5.267662048339844,3000
4163,1996-09-03,5.267662048339844,5.267662048339844,5.267662048339844,5.267662048339844,0
4164,1996-09-04,5.267662048339844,5.267662048339844,5.267662048339844,5.267662048339844,15000
4165,1996-09-05,5.267662048339844,5.267662048339844,5.267662048339844,5.267662048339844,4200
4166,1996-09-06,5.267662048339844,5.267662048339844,5.251503083437814,5.251503083437814,3000
4167,1996-09-09,5.283823013305664,5.283823013305664,5.26766477970149,5.26766477970149,1200
4168,1996-09-10,5.251503944396973,5.251503944396973,5.251503944396973,5.251503944396973,7800
4169,1996-09-11,5.267662048339844,5.267662048339844,5.251503083437814,5.251503083437814,40200
4170,1996-09-12,5.364612579345703,5.364612579345703,5.2838199783775615,5.2838199783775615,22800
4171,1996-09-13,5.364612579345703,5.380770803668893,5.364612579345703,5.380770803668893,2400
4172,1996-09-16,5.364612579345703,5.364612579345703,5.364612579345703,5.364612579345703,0
4173,1996-09-17,5.364612579345703,5.364612579345703,5.364612579345703,5.364612579345703,0
4174,1996-09-18,5.445403099060059,5.46156205907828,5.396927698357222,5.396927698357222,16200
4175,1996-09-19,5.429249286651611,5.493882960171959,5.429249286651611,5.477724726711,10800
4176,1996-09-20,5.493879795074463,5.493879795074463,5.413087934638426,5.413087934638426,10800
4177,1996-09-23,5.493879795074463,5.493879795074463,5.493879795074463,5.493879795074463,0
4178,1996-09-24,5.461562633514404,5.493879077597998,5.461562633514404,5.493879077597998,4800
4179,1996-09-25,5.493879795074463,5.510038758902541,5.477721570922473,5.477721570922473,4200
4180,1996-09-26,5.4847917556762695,5.4847917556762695,5.452337120447233,5.452337120447233,2400
4181,1996-09-27,5.4847917556762695,5.4847917556762695,5.4847917556762695,5.4847917556762695,600
4182,1996-09-30,5.468564033508301,5.468564033508301,5.468564033508301,5.468564033508301,1800
4183,1996-10-01,5.436110019683838,5.452336965425999,5.436110019683838,5.452336965425999,4800
4184,1996-10-02,5.3874311447143555,5.436112749206285,5.3874311447143555,5.436112749206285,24600
4185,1996-10-03,5.3874311447143555,5.3874311447143555,5.3874311447143555,5.3874311447143555,0
4186,1996-10-04,5.371201992034912,5.419883583330764,5.371201992034912,5.371201992034912,23400
4187,1996-10-07,5.403659343719482,5.403659343719482,5.403659343719482,5.403659343719482,600
4188,1996-10-08,5.4198832511901855,5.4198832511901855,5.4198832511901855,5.4198832511901855,1200
4189,1996-10-09,5.517246723175049,5.517246723175049,5.452338182890866,5.452338182890866,10200
4190,1996-10-10,5.517246723175049,5.517246723175049,5.517246723175049,5.517246723175049,0
4191,1996-10-11,5.403659343719482,5.492908724912152,5.403659343719482,5.492908724912152,15600
4192,1996-10-14,5.403659343719482,5.403659343719482,5.403659343719482,5.403659343719482,600
4193,1996-10-15,5.371201992034912,5.371201992034912,5.354975042543672,5.371201992034912,6000
4194,1996-10-16,5.338749408721924,5.387431012014761,5.338749408721924,5.371203315702272,5400
4195,1996-10-17,5.290066242218018,5.32252013960826,5.290066242218018,5.32252013960826,4200
4196,1996-10-18,5.354973793029785,5.354973793029785,5.306292213093151,5.306292213093151,34200
4197,1996-10-21,5.3874311447143555,5.3874311447143555,5.3874311447143555,5.3874311447143555,3000
4198,1996-10-22,5.3874311447143555,5.3874311447143555,5.3874311447143555,5.3874311447143555,0
4199,1996-10-23,5.338749408721924,5.371203315702272,5.338749408721924,5.371203315702272,3600
4200,1996-10-24,5.338749408721924,5.338749408721924,5.322521712409435,5.322521712409435,12600
4201,1996-10-25,5.4198832511901855,5.4198832511901855,5.371201662877633,5.371201662877633,25200
4202,1996-10-28,5.4198832511901855,5.4198832511901855,5.4198832511901855,5.4198832511901855,0
4203,1996-10-29,5.4198832511901855,5.4198832511901855,5.4198832511901855,5.4198832511901855,0
4204,1996-10-30,5.4198832511901855,5.436110942509095,5.4198832511901855,5.436110942509095,1200
4205,1996-10-31,5.452339172363281,5.452339172363281,5.452339172363281,5.452339172363281,600
4206,1996-11-01,5.452339172363281,5.452339172363281,5.452339172363281,5.452339172363281,1200
4207,1996-11-04,5.4847917556762695,5.4847917556762695,5.452337120447233,5.452337120447233,1200
4208,1996-11-05,5.452339172363281,5.517247724426852,5.452339172363281,5.501020772116525,7200
4209,1996-11-06,5.452339172363281,5.452339172363281,5.452339172363281,5.452339172363281,0
4210,1996-11-07,5.4198832511901855,5.484792530821648,5.4198832511901855,5.484792530821648,6600
4211,1996-11-08,5.354973793029785,5.419882318671311,5.354973793029785,5.419882318671311,9600
4212,1996-11-11,5.338749408721924,5.338749408721924,5.257613155626423,5.322521712409435,26400
4213,1996-11-12,5.225155830383301,5.3225189871160445,5.225155830383301,5.3225189871160445,18600
4214,1996-11-13,5.192704200744629,5.208931152990763,5.127794906115574,5.208931152990763,36600
4215,1996-11-14,5.208932399749756,5.208932399749756,5.208932399749756,5.208932399749756,600
4216,1996-11-15,5.225155830383301,5.225155830383301,5.192701940020343,5.192701940020343,3600
4217,1996-11-18,5.225155830383301,5.225155830383301,5.225155830383301,5.225155830383301,0
4218,1996-11-19,5.144021034240723,5.225156513578612,5.144021034240723,5.225156513578612,60000
4219,1996-11-20,5.014204502105713,5.127794647749891,5.014204502105713,5.127794647749891,34200
4220,1996-11-21,5.014204502105713,5.046659147785001,5.014204502105713,5.030431453534246,37200
4221,1996-11-22,4.949294567108154,4.981748460873812,4.949294567108154,4.981748460873812,32400
4222,1996-11-25,5.095338344573975,5.095338344573975,4.965520565833775,4.965520565833775,40200
4223,1996-11-26,5.079110622406006,5.1115652525692905,5.079110622406006,5.1115652525692905,2400
4224,1996-11-27,5.144021034240723,5.144021034240723,5.111566396812348,5.111566396812348,7200
4225,1996-11-29,5.144021034240723,5.144021034240723,5.144021034240723,5.144021034240723,4200
4226,1996-12-02,5.192704200744629,5.192704200744629,5.11156795386944,5.144022601183967,85800
4227,1996-12-03,5.225155830383301,5.225155830383301,5.208928885201821,5.225155830383301,19800
4228,1996-12-04,5.192704200744629,5.208931152990763,5.176476505676236,5.192704200744629,11400
4229,1996-12-05,5.225155830383301,5.241383518386715,5.192701940020343,5.208928885201821,25200
4230,1996-12-06,5.225155830383301,5.241383518386715,5.208928885201821,5.241383518386715,3000
4231,1996-12-09,5.338749408721924,5.338749408721924,5.257613155626423,5.257613155626423,48600
4232,1996-12-10,5.354973793029785,5.354973793029785,5.354973793029785,5.354973793029785,1800
4233,1996-12-11,5.4198832511901855,5.4198832511901855,5.371201662877633,5.371201662877633,49200
4234,1996-12-12,5.354973793029785,5.40365537296642,5.338746847324893,5.40365537296642,12600
4235,1996-12-13,5.3062944412231445,5.338749089082698,5.3062944412231445,5.338749089082698,9000
4236,1996-12-16,5.3062944412231445,5.322521393741786,5.3062944412231445,5.322521393741786,10800
4237,1996-12-17,5.290066242218018,5.290066242218018,5.290066242218018,5.290066242218018,12000
4238,1996-12-18,5.322522163391113,5.322522163391113,5.306295208526016,5.306295208526016,13800
4239,1996-12-19,5.273838520050049,5.3225201086745795,5.273838520050049,5.3225201086745795,25800
4240,1996-12-20,5.354973793029785,5.354973793029785,5.298178368829725,5.306292213093151,15000
4241,1996-12-23,5.452339172363281,5.468566124673608,5.338749020546467,5.354975972856795,65400
4242,1996-12-24,5.533473968505859,5.533473968505859,5.436110794531106,5.436110794531106,7800
4243,1996-12-26,5.582155227661133,5.582155227661133,5.549700590634874,5.565927537736991,9000
4244,1996-12-27,5.589326858520508,5.605622770123702,5.589326858520508,5.605622770123702,3000
4245,1996-12-30,5.556734085083008,5.5893244020765875,5.556734085083008,5.5893244020765875,4800
4246,1996-12-31,5.5730299949646,5.5730299949646,5.5404389276323815,5.5404389276323815,9000
4247,1997-01-02,5.556734085083008,5.556734085083008,5.524143022144887,5.540438180641677,20400
4248,1997-01-03,5.442667007446289,5.540439473124634,5.442667007446289,5.540439473124634,25200
4249,1997-01-06,5.475259304046631,5.475259304046631,5.475259304046631,5.475259304046631,8400
4250,1997-01-07,5.524142742156982,5.556733803443245,5.507847584486103,5.507847584486103,35400
4251,1997-01-08,5.540438652038574,5.556734557866409,5.540438652038574,5.540438652038574,16200
4252,1997-01-09,5.524142742156982,5.556733803443245,5.524142742156982,5.556733803443245,9600
4253,1997-01-10,5.442667007446289,5.491553240285461,5.426371845148136,5.491553240285461,16800
4254,1997-01-13,5.393779754638672,5.426370819016693,5.393779754638672,5.426370819016693,10800
4255,1997-01-14,5.393779754638672,5.393779754638672,5.393779754638672,5.393779754638672,0
4256,1997-01-15,5.344897270202637,5.361193186764157,5.344897270202637,5.361193186764157,9000
4257,1997-01-16,5.37748384475708,5.37748384475708,5.344892784928577,5.344892784928577,12600
4258,1997-01-17,5.426373481750488,5.426373481750488,5.377487234167151,5.377487234167151,39600
4259,1997-01-20,5.442667007446289,5.442667007446289,5.442667007446289,5.442667007446289,4200
4260,1997-01-21,5.540438652038574,5.573029717749638,5.442666200849984,5.442666200849984,57000
4261,1997-01-22,5.556734085083008,5.556734085083008,5.524143022144887,5.524143022144887,4800
4262,1997-01-23,5.589326858520508,5.589326858520508,5.589326858520508,5.589326858520508,1800
4263,1997-01-24,5.556734085083008,5.573029243579797,5.556734085083008,5.573029243579797,4200
4264,1997-01-27,5.556734085083008,5.556734085083008,5.556734085083008,5.556734085083008,0
4265,1997-01-28,5.768575668334961,5.801166739968151,5.589325893269526,5.589325893269526,52200
4266,1997-01-29,5.931527137756348,5.9641181962199035,5.768573337327448,5.768573337327448,37200
4267,1997-01-30,6.06189489364624,6.06189489364624,5.898940978486866,5.931531313951763,75600
4268,1997-01-31,6.06189489364624,6.127076310520996,6.06189489364624,6.127076310520996,39600
4269,1997-02-03,6.06189489364624,6.110781142788548,6.06189489364624,6.06189489364624,49200
4270,1997-02-04,6.175961494445801,6.175961494445801,6.061893848102895,6.061893848102895,28800
4271,1997-02-05,6.159665584564209,6.175960747515337,6.127074512717208,6.175960747515337,15000
4272,1997-02-06,6.143372058868408,6.159667226162322,6.143372058868408,6.159667226162322,22800
4273,1997-02-07,6.224846363067627,6.224846363067627,6.127073903197744,6.127073903197744,10200
4274,1997-02-10,6.355212688446045,6.355212688446045,6.257440185546875,6.257440185546875,21000
4275,1997-02-11,6.387801647186279,6.387801647186279,6.3552105750761,6.371505738158814,7200
4276,1997-02-12,6.371506690979004,6.4040977679629805,6.371506690979004,6.371506690979004,9600
4277,1997-02-13,6.436686992645264,6.436686992645264,6.387800764209842,6.387800764209842,17400
4278,1997-02-14,6.404098987579346,6.4366900707700685,6.387803818956486,6.4366900707700685,28800
4279,1997-02-18,6.420392990112305,6.420392990112305,6.387802658785733,6.420392990112305,11400
4280,1997-02-19,6.452983856201172,6.452983856201172,6.4040976148663145,6.4040976148663145,18000
4281,1997-02-20,6.387801647186279,6.452983045461886,6.387801647186279,6.452983045461886,90000
4282,1997-02-21,6.371506690979004,6.371506690979004,6.371506690979004,6.371506690979004,11400
4283,1997-02-24,6.355212688446045,6.3878037713941005,6.338917519944516,6.355212688446045,10200
4284,1997-02-25,6.3226189613342285,6.35521003065247,6.3226189613342285,6.35521003065247,9000
4285,1997-02-26,6.3226189613342285,6.3226189613342285,6.306323799647451,6.3226189613342285,4200
4286,1997-02-27,6.3226189613342285,6.3226189613342285,6.3226189613342285,6.3226189613342285,10200
4287,1997-02-28,6.306323528289795,6.338914596205661,6.306323528289795,6.338914596205661,33600
4288,1997-03-03,6.387801647186279,6.387801647186279,6.322619502965921,6.322619502965921,12000
4289,1997-03-04,6.550754070281982,6.550754070281982,6.420390556553548,6.420390556553548,40200
4290,1997-03-05,6.5018696784973145,6.534460752601707,6.5018696784973145,6.534460752601707,27000
4291,1997-03-06,6.485574245452881,6.5181645722609165,6.45298317270008,6.5181645722609165,36000
4292,1997-03-07,6.5018696784973145,6.550755916681505,6.452983440313124,6.4692786043929225,37800
4293,1997-03-10,6.534461498260498,6.534461498260498,6.518165586376349,6.518165586376349,9000
4294,1997-03-11,6.58334493637085,6.58334493637085,6.534458713442216,6.534458713442216,18000
4295,1997-03-12,6.615938186645508,6.615938186645509,6.599643020428551,6.615938186645509,23400
4296,1997-03-13,6.58334493637085,6.61593525436023,6.58334493637085,6.61593525436023,7200
4297,1997-03-14,6.58334493637085,6.61593525436023,6.58334493637085,6.61593525436023,79200
4298,1997-03-17,6.534461498260498,6.599642907962451,6.534461498260498,6.583347742023183,25800
4299,1997-03-18,6.567051887512207,6.567051887512207,6.550756721430576,6.550756721430576,6000
4300,1997-03-19,6.518162250518799,6.550753311662801,6.518162250518799,6.550753311662801,43200
4301,1997-03-20,6.485574245452881,6.501869408856899,6.45298317270008,6.501869408856899,47400
4302,1997-03-21,6.452983856201172,6.501870097536029,6.452983856201172,6.485574932406025,13200
4303,1997-03-24,6.420392990112305,6.4366889017204585,6.420392990112305,6.420392990112305,6000
4304,1997-03-25,6.436686992645264,6.452982153475521,6.420391085870358,6.420391085870358,8400
4305,1997-03-26,6.443882465362549,6.443882465362549,6.443882465362549,6.443882465362549,16200
4306,1997-03-27,6.509304046630859,6.525658831738847,6.460238942632823,6.460238942632823,19800
4307,1997-03-31,6.672854423522949,6.672854423522949,6.54201389115074,6.54201389115074,67200
4308,1997-04-01,6.918180465698242,6.934535252702124,6.72192002695503,6.72192002695503,127800
4309,1997-04-02,6.869117736816406,6.918182863507952,6.852762944144031,6.901828070835577,89400
4310,1997-04-03,6.934532165527344,6.934532165527343,6.85275751823892,6.85275751823892,47400
4311,1997-04-04,7.081730842590332,7.081730842590332,6.934535508111496,6.934535508111496,66000
4312,1997-04-07,7.196216583251953,7.196216583251954,7.179861047013799,7.196216583251954,39600
4313,1997-04-08,7.228923797607422,7.2452793285042985,7.228923797607422,7.2452793285042985,57000
4314,1997-04-09,7.408830642700195,7.408830642700195,7.277990116891398,7.277990116891398,109200
4315,1997-04-10,7.588739395141602,7.686869642713802,7.441544023783302,7.441544023783302,69600
4316,1997-04-11,7.572380542755127,7.572380542755127,7.5233154404291245,7.556025758204475,43800
4317,1997-04-14,7.899481296539307,7.915836080721544,7.572380372176356,7.572380372176356,145800
4318,1997-04-15,7.866772174835205,7.981257927528749,7.866772174835205,7.8994824968439525,172200
4319,1997-04-16,7.850417137145996,7.883127458108811,7.817706816183182,7.883127458108811,22200
4320,1997-04-17,7.850417137145996,7.883127458108811,7.8340623510016485,7.850417137145996,142200
4321,1997-04-18,7.80135440826416,7.817709199394229,7.784999617134091,7.817709199394229,52800
4322,1997-04-21,7.883122444152832,7.915831995637048,7.8667669197370795,7.883122444152832,84000
4323,1997-04-22,7.899481296539307,7.915836080721544,7.8831265123570695,7.915836080721544,18000
4324,1997-04-23,8.013969421386719,8.095744871668753,7.932194719779008,7.932194719779008,55800
4325,1997-04-24,8.144808769226074,8.144808769226074,8.04667854309082,8.04667854309082,22800
4326,1997-04-25,8.112092018127441,8.112092018127441,8.079382467776714,8.112092018127441,16200
4327,1997-04-28,8.144808769226074,8.21022867042484,8.095743656158447,8.095743656158447,97200
4328,1997-04-29,8.177515983581543,8.193870765491615,8.144805671087473,8.144805671087473,63600
4329,1997-04-30,8.177515983581543,8.259290641805828,8.161160452997544,8.177515983581543,137400
4330,1997-05-01,8.161162376403809,8.226583016810151,8.144807590639275,8.177517910842445,132600
4331,1997-05-02,8.373778343200684,8.42284344921812,8.16116238467572,8.16116238467572,141000
4332,1997-05-05,8.275650978088379,8.439201138185007,8.21023031511024,8.373781223881227,151800
4333,1997-05-06,8.079385757446289,8.275646134156126,8.013965132760395,8.275646134156126,54600
4334,1997-05-07,8.06303596496582,8.144811429681416,8.013970835871355,8.079391507113613,85800
4335,1997-05-08,7.981258869171143,8.063033560829712,7.964903331900044,8.030323983635977,103800
4336,1997-05-09,8.079385757446289,8.144805633458262,8.079385757446289,8.079385757446289,129600
4337,1997-05-12,8.013969421386719,8.013969421386719,7.735934238041583,7.915839180518007,832200
4338,1997-05-13,8.144808769226074,8.21022867042484,8.04667854309082,8.04667854309082,513600
4339,1997-05-14,8.144808769226074,8.193873882293701,8.095743656158447,8.161163557357213,793800
4340,1997-05-15,8.095745086669922,8.161164999428333,8.095745086669922,8.161164999428333,19800
4341,1997-05-16,8.046680450439453,8.112100367145059,8.046680450439453,8.095745575137254,16800
4342,1997-05-19,8.390131950378418,8.406486733862092,8.079386572144625,8.079386572144625,218400
4343,1997-05-20,8.504617691040039,8.520973224657233,8.373777914146881,8.39013269909001,90600
4344,1997-05-21,8.520973205566406,8.537327990472892,8.520973205566406,8.537327990472892,56400
4345,1997-05-22,8.60274600982666,8.684521413941516,8.537326135739116,8.537326135739116,229200
4346,1997-05-23,8.668171882629395,8.782656918791087,8.602751220244697,8.602751220244697,61800
4347,1997-05-27,8.995269775390625,9.044334884617617,8.668169546326775,8.684524333177722,102600
4348,1997-05-28,8.929855346679688,9.02798562521463,8.880790207412216,9.02798562521463,87000
4349,1997-05-29,8.96255874633789,9.027978631792873,8.96255874633789,8.96255874633789,36000
4350,1997-05-30,9.02797794342041,9.02797794342041,8.848072336294258,8.929847748383231,44400
4351,1997-06-02,9.093400955200195,9.14246606961436,9.07704616662022,9.093400955200195,89400
4352,1997-06-03,9.126108169555664,9.191528050245383,9.109753386551729,9.109753386551729,63000
4353,1997-06-04,8.978913307189941,9.142463391096234,8.978913307189941,9.126108607307808,78000
4354,1997-06-05,8.831720352172852,9.02798080444336,8.831720352172852,8.962560903244594,55200
4355,1997-06-06,8.831720352172852,8.831720352172852,8.749944914168736,8.799010027236363,139200
4356,1997-06-09,8.651815414428711,8.831721093672728,8.60275029724164,8.831721093672728,114600
4357,1997-06-10,8.455554962158203,8.66817096949936,8.439200172622066,8.635460641752811,48000
4358,1997-06-11,8.390131950378418,8.504616932112132,8.390131950378418,8.488262148628458,200400
4359,1997-06-12,8.373778343200684,8.439198234999232,8.373778343200684,8.390133128981795,124200
4360,1997-06-13,8.520973205566406,8.570038308959928,8.406487465198813,8.406487465198813,184200
4361,1997-06-16,8.799007415771484,8.880782829505405,8.635457336977632,8.635457336977632,117600
4362,1997-06-17,8.864428520202637,8.89713808850597,8.848072987376941,8.864428520202637,64800
4363,1997-06-18,8.929855346679688,8.946210143543974,8.831725068144745,8.897145004276503,60000
4364,1997-06-19,8.864428520202637,8.89713808850597,8.766298317944578,8.89713808850597,66000
4365,1997-06-20,8.913498878479004,8.913498878479004,8.86443374841155,8.880788542209212,51600
4366,1997-06-23,8.880783081054688,8.897137864795127,8.864428297314246,8.880783081054688,55200
4367,1997-06-24,8.995269775390625,9.02798009776667,8.848074447709646,8.848074447709646,54000
4368,1997-06-25,8.864428520202637,9.011623823589725,8.799007886247912,9.011623823589725,104400
4369,1997-06-26,8.855249404907227,8.920843594720646,8.855249404907227,8.896245679707015,43200
4370,1997-06-27,8.9208402633667,8.9208402633667,8.871644451710875,8.888043556041824,26400
4371,1997-06-30,9.043829917907715,9.043829917907715,8.871644574724812,8.920840387062784,117000
4372,1997-07-01,9.191417694091797,9.281610520485277,8.99463443747846,9.043830251631794,72600
4373,1997-07-02,9.347212791442871,9.38001027953065,9.216023589760956,9.216023589760956,60600
4374,1997-07-03,9.347212791442871,9.412807016949227,9.330814422733582,9.355412351132117,24600
4375,1997-07-07,9.543986320495605,9.576783774568913,9.380000551465912,9.380000551465912,90000
4376,1997-07-08,9.347212791442871,9.552195778320387,9.347212791442871,9.552195778320387,120600
4377,1997-07-09,9.248809814453125,9.379998856370259,9.248809814453125,9.379998856370259,68400
4378,1997-07-10,9.150425910949707,9.248817587411532,9.150425910949707,9.248817587411532,13800
4379,1997-07-11,9.183216094970703,9.183216094970703,9.1504186453024,9.1504186453024,39000
4380,1997-07-14,9.330804824829102,9.330804824829102,9.150419951898613,9.150419951898613,66000
4381,1997-07-15,9.379999160766602,9.412795859308977,9.347201711555917,9.347201711555917,24000
4382,1997-07-16,9.404600143432617,9.445596405385919,9.380002236126925,9.380002236126925,17400
4383,1997-07-17,9.552181243896484,9.576779134867317,9.388194803645552,9.40459389807148,94200
4384,1997-07-18,9.593181610107422,9.593181610107422,9.4373946499769,9.519387905414288,151200
4385,1997-07-21,9.625982284545898,9.625982284545898,9.593184821258887,9.593184821258887,57600
4386,1997-07-22,9.634181022644043,9.642380576077871,9.609583113011192,9.642380576077871,39000
4387,1997-07-23,9.904756546020508,9.904756546020508,9.650578684973185,9.650578684973185,75000
4388,1997-07-24,10.470507621765137,10.527902981701283,9.904755826019507,9.904755826019507,225600
4389,1997-07-25,10.437711715698242,10.626295411827275,10.413113809652346,10.52790378764369,124800
4390,1997-07-28,10.585298538208008,10.626294795684583,10.495105720823677,10.495105720823677,174600
4391,1997-07-29,10.593500137329102,10.626297602374136,10.519706403979281,10.585301334069348,70800
4392,1997-07-30,10.839476585388184,10.888672395534678,10.626294991642869,10.691889154948699,110400
4393,1997-07-31,10.806682586669922,10.839479301205765,10.757486764197477,10.839479301205765,43200
4394,1997-08-01,10.888671875,10.888671875,10.757483554659819,10.773881907035229,24000
4395,1997-08-04,11.01986312866211,11.01986312866211,10.86407612290012,10.888674031669455,74400
4396,1997-08-05,11.151046752929688,11.282235034868986,11.028057269443948,11.028057269443948,68400
4397,1997-08-06,11.216643333435059,11.282237488670944,11.118251725247033,11.151049178199173,36600
4398,1997-08-07,10.970667839050293,11.224846492121126,10.970667839050293,11.216646938580569,40200
4399,1997-08-08,10.921469688415527,10.97886504961351,10.913270136624822,10.946067593119166,30600
4400,1997-08-11,10.79028034210205,10.921469414116054,10.757483637099893,10.921469414116054,34200
4401,1997-08-12,10.577102661132812,10.757487607902176,10.560704302578774,10.749288053290789,39600
4402,1997-08-13,10.454110145568848,10.577099676693187,10.44591059327105,10.577099676693187,52200
4403,1997-08-14,10.462308883666992,10.462308883666992,10.413113075045782,10.462308883666992,16200
4404,1997-08-15,10.445910453796387,10.46230955817302,10.445910453796387,10.46230955817302,13800
4405,1997-08-18,10.388517379760742,10.429513645439753,10.388517379760742,10.429513645439753,23400
4406,1997-08-19,10.544304847717285,10.626298139137235,10.372119461203487,10.380319015546096,45600
4407,1997-08-20,10.659093856811523,10.659093856811523,10.577100578845672,10.577100578845672,19200
4408,1997-08-21,10.659093856811523,10.659093856811523,10.650894303814361,10.659093856811523,2400
4409,1997-08-22,10.544304847717285,10.626298139137235,10.536106044043388,10.626298139137235,35400
4410,1997-08-25,10.601696968078613,10.62629487287694,10.544301606659692,10.544301606659692,20400
4411,1997-08-26,10.560699462890625,10.609895266676345,10.552499912036874,10.609895266676345,24600
4412,1997-08-27,10.52790355682373,10.54430191027196,10.52790355682373,10.54430191027196,12000
4413,1997-08-28,10.691889762878418,10.757484680582396,10.44591069815983,10.495106511103549,60600
4414,1997-08-29,10.626294136047363,10.741084100257163,10.626294136047363,10.69188829407176,27000
4415,1997-09-02,10.749282836914062,10.823076540599972,10.691887483824454,10.691887483824454,70200
4416,1997-09-03,10.708287239074707,10.790279747732095,10.708287239074707,10.757483044536507,19200
4417,1997-09-04,10.962464332580566,10.987062233663895,10.724684872331181,10.724684872331181,19200
4418,1997-09-05,10.823077201843262,11.019860423694958,10.823077201843262,10.96246506709874,39000
4419,1997-09-08,10.79028034210205,10.888671958445439,10.79028034210205,10.79028034210205,16200
4420,1997-09-09,10.905070304870605,10.92146865623374,10.82307704671812,10.82307704671812,30000
4421,1997-09-10,10.89687442779541,10.89687442779541,10.831280249559033,10.888674874015114,10200
4422,1997-09-11,10.945191383361816,10.97806007672081,10.895888719472799,10.895888719472799,21600
4423,1997-09-12,10.928756713867188,10.945190683346153,10.912321992089323,10.945190683346153,3600
4424,1997-09-15,11.076662063598633,11.076662063598633,11.043793380153364,11.076662063598633,51000
4425,1997-09-16,11.24100399017334,11.290306639253048,11.04379339385451,11.076662077340556,149400
4426,1997-09-17,11.405340194702148,11.569682777581184,11.273867031156934,11.273867031156934,123000
4427,1997-09-18,11.388916969299316,11.438219640162083,11.372482996444745,11.405350942153886,73800
4428,1997-09-19,11.569689750671387,11.651860339337043,11.380695741683018,11.380695741683018,64200
4429,1997-09-22,11.783329963684082,11.832632599515398,11.766896002506485,11.766896002506485,145800
4430,1997-09-23,11.931242942810059,11.964111631435319,11.849071597396327,11.898374254184798,219600
4431,1997-09-24,11.996980667114258,12.128454681364184,11.93124403613875,11.93124403613875,109800
4432,1997-09-25,11.96410846710205,12.062713754599326,11.93123978717008,12.062713754599326,47400
4433,1997-09-26,12.194186210632324,12.194186210632324,11.931239044441142,11.964107722327013,60600
4434,1997-09-29,12.317449569702148,12.490008906746738,12.194192900384586,12.194192900384586,88800
4435,1997-09-30,12.490006446838379,12.490006446838379,12.243493156754075,12.32566450421513,106800
4436,1997-10-01,12.457138061523438,12.555743374009642,12.42426937326176,12.42426937326176,127200
4437,1997-10-02,12.65434741973877,12.695431956987697,12.473570039292767,12.490004004652079,232800
4438,1997-10-03,12.752954483032227,12.859774896515177,12.621479732750982,12.720085043163099,156600
4439,1997-10-06,13.098068237304688,13.213106720613471,12.876206370727223,12.884421470767323,265200
4440,1997-10-07,13.804740905761719,13.936215631738637,13.295281232542557,13.311714444841657,639600
4441,1997-10-08,14.166290283203125,14.692186090398454,14.100554435751537,14.330634415623408,924600
4442,1997-10-09,14.544275283813477,14.560708490109182,13.739000028226194,14.297762143409859,377400
4443,1997-10-10,14.379944801330566,14.593588677553802,14.330642136879371,14.593588677553802,319200
4444,1997-10-13,14.503203392028809,14.593590619149573,14.462115826722457,14.494985277128293,246600
4445,1997-10-14,14.133429527282715,14.52785078842367,14.116993301938233,14.494981346930121,176400
4446,1997-10-15,14.03482437133789,14.100560245875894,13.90334961306644,14.05125758767353,189000
4447,1997-10-16,13.541792869567871,14.018383052914745,13.476054009717412,14.001949842549308,220800
4448,1997-10-17,12.35853385925293,13.08163829527969,12.292796476824124,13.08163829527969,487200
4449,1997-10-20,11.783329963684082,12.325658957828539,11.438211512864884,12.292790283174822,795000
4450,1997-10-21,13.048765182495117,13.048765182495117,11.865501179668906,11.865501179668906,636000
4451,1997-10-22,13.015901565551758,13.541797581366458,12.884426809299233,13.377453383751952,730200
4452,1997-10-23,13.213114738464355,13.213114738464357,12.687218621430299,12.720088069118672,221400
4453,1997-10-24,13.1802396774292,13.558227632677845,13.048767961060303,13.27884496930322,250200
4454,1997-10-27,12.227062225341797,13.081640840176634,12.227062225341797,13.081640840176634,216000
4455,1997-10-28,11.96410846710205,12.128450362164626,11.536818637180987,11.832634499672807,660000
4456,1997-10-29,11.832635879516602,12.35853105826136,11.832635879516602,12.095583092739616,300600
4457,1997-10-30,11.96410846710205,12.07914771841599,11.63542392467826,11.668292604610231,217800
4458,1997-10-31,12.621477127075195,12.621477127075195,12.038062745014372,12.12845067679882,313200
4459,1997-11-03,12.785825729370117,12.884431076921034,12.621484486517387,12.75295928631741,162000
4460,1997-11-04,12.720083236694336,12.81868853310282,12.637911153288988,12.769385884898577,90600
4461,1997-11-05,12.588613510131836,12.687218087552703,12.555745568424536,12.687218087552703,84000
4462,1997-11-06,12.752954483032227,12.884426224118206,12.588611045180672,12.588611045180672,141600
4463,1997-11-07,12.637914657592773,12.720086763783211,12.522876116282696,12.720086763783211,76800
4464,1997-11-10,12.555746078491211,12.720088050600861,12.490008687808157,12.539311354670952,107400
4465,1997-11-11,12.498224258422852,12.57217824811766,12.457138959358696,12.52287558832112,63600
4466,1997-11-12,12.161320686340332,12.473570554865852,12.161320686340332,12.465353195697189,158400
4467,1997-11-13,12.292797088623047,12.309231811197636,12.095586436119476,12.161323821819957,85800
4468,1997-11-14,12.572174072265625,12.572174072265625,12.416048784000688,12.457134821716988,70200
4469,1997-11-17,12.637914657592773,12.75295620809852,12.605047470174217,12.605047470174217,154200
4470,1997-11-18,12.588613510131836,12.752956980163157,12.481791571134664,12.752956980163157,102000
4471,1997-11-19,12.539307594299316,12.596827605822753,12.522873627706378,12.539307594299316,45600
4472,1997-11-20,12.588613510131836,12.654351650443328,12.531094235994578,12.531094235994578,66000
4473,1997-11-21,12.950164794921875,13.08163653287151,12.613262071886147,12.613262071886147,210000
4474,1997-11-24,12.983030319213867,13.147374493980296,12.900861241025634,12.917294454824285,194400
4475,1997-11-25,13.015901565551758,13.18846086661021,12.670782963434856,13.015901565551758,68000
4476,1997-11-26,13.410324096679688,13.50892942091998,13.114508123958812,13.213113448199104,110800
4477,1997-11-28,13.410324096679688,13.582883414100198,13.361021434559541,13.410324096679688,23800
4478,1997-12-01,13.237767219543457,13.434977904378368,13.213115883939093,13.410326568774005,83400
4479,1997-12-02,13.237767219543457,13.410326568774005,13.114510541521637,13.139161877126,44000
4480,1997-12-03,12.867992401123047,13.311716277023843,12.843341074684114,13.28706495058491,57400
4481,1997-12-04,12.917296409606934,13.015901725710803,12.769388435451129,12.867993751554998,57200
4482,1997-12-05,13.015901565551758,13.311717510223389,12.818690935770672,12.867993593215942,63200
4483,1997-12-08,13.213114738464355,13.213114738464357,13.015904070726082,13.06520673766065,71000
4484,1997-12-09,13.38566780090332,13.410319122820269,13.188457225567728,13.311713835152473,124600
4485,1997-12-10,12.867992401123047,13.38567025634064,12.81868974824518,13.38567025634064,54400
4486,1997-12-11,12.424267768859863,12.818688967871289,12.325662469107009,12.818688967871289,82000
4487,1997-12-12,11.684725761413574,12.424265366566331,11.684725761413574,12.251706125364022,80000
4488,1997-12-15,11.635427474975586,11.783335451352393,11.167052216449026,11.61077614557945,137600
4489,1997-12-16,12.128457069396973,12.572181108521253,11.734035701286503,11.734035701286503,127200
4490,1997-12-17,11.832635879516602,12.350313699245453,11.73403058052063,12.227057075500488,73400
4491,1997-12-18,11.438214302062988,12.202405343795645,11.438214302062988,11.832635484892748,80800
4492,1997-12-19,11.684725761413574,11.684725761413574,11.388909919352471,11.438212559695987,88800
4493,1997-12-22,12.079155921936035,12.079155921936035,11.610780488228311,11.73403718130929,70000
4494,1997-12-23,11.832635879516602,12.054497802257536,11.832635879516602,12.029846477508544,28400
4495,1997-12-24,11.684725761413574,11.980541603474677,11.684725761413574,11.73402840175709,22600
4496,1997-12-26,12.128457069396973,12.128457069396973,11.684733030272694,11.684733030272694,17800
4497,1997-12-29,12.325055122375488,12.349754631638767,12.226257085322379,12.226257085322379,36400
4498,1997-12-30,12.547354698181152,12.596753732425961,12.39915759544673,12.39915759544673,74800
4499,1997-12-31,12.621455192565918,12.74495279718985,12.448558546092412,12.497957587941984,307000
4500,1998-01-02,12.497952461242676,12.720248058379402,12.349755396484857,12.695548547586434,76800
4501,1998-01-05,12.250967025756836,12.473262798401619,12.176868434875242,12.448563268107753,216400
4502,1998-01-06,12.250967025756836,12.250967025756836,11.954572662230461,12.201567965169108,125800
4503,1998-01-07,12.176864624023438,12.250963191715265,12.053367011203727,12.20156414658738,65600
4504,1998-01-08,11.929865837097168,12.078062928241232,11.905166321906492,12.078062928241232,50000
4505,1998-01-09,11.188884735107422,11.954570003955832,11.16418521030586,11.954570003955832,143000
4506,1998-01-12,11.411178588867188,11.435878109622312,10.76899104923397,11.065385298295455,120600
4507,1998-01-13,11.880465507507324,11.880465507507324,11.3617757452253,11.3617757452253,147800
4508,1998-01-14,11.584071159362793,12.102760912767097,11.55937164729592,11.855765792098381,186000
4509,1998-01-15,11.509980201721191,11.682876900030308,11.509980201721191,11.559379258380938,64200
4510,1998-01-16,11.584071159362793,11.658169695563407,11.55937164729592,11.608770671429664,120000
4511,1998-01-20,11.60877513885498,11.707573225143108,11.559376095710917,11.633474660427012,95200
4512,1998-01-21,11.658174514770508,11.658174514770508,11.46057833655406,11.608775470216395,66800
4513,1998-01-22,11.485278129577637,11.658174789592783,11.46057860671833,11.658174789592783,74800
4514,1998-01-23,11.509980201721191,11.534679730051066,11.460581145061443,11.460581145061443,35400
4515,1998-01-26,11.411178588867188,11.584075234153055,11.411178588867188,11.55937571339793,46200
4516,1998-01-27,11.411178588867188,11.460577630377434,11.312380505846692,11.386479068112063,93200
4517,1998-01-28,11.8557710647583,11.90517011086146,11.411179649829865,11.435879172881444,99400
4518,1998-01-29,12.572052955627441,12.596752470275039,12.05336314802788,12.05336314802788,248800
4519,1998-01-30,12.744951248168945,12.744951248168945,12.399157997249633,12.497956068940864,179400
4520,1998-02-02,12.843757629394531,13.016654366713302,12.744959493783803,12.744959493783803,173200
4521,1998-02-03,13.01665210723877,13.09075069608453,12.819055870316738,12.819055870316738,142400
4522,1998-02-04,13.21424388885498,13.337741495292878,12.967248675979187,12.967248675979187,60000
4523,1998-02-05,13.041348457336426,13.436540834831469,13.041348457336426,13.115447028116746,105800
4524,1998-02-06,12.942550659179688,13.238944949084566,12.942550659179688,13.140146852449607,72800
4525,1998-02-09,13.041348457336426,13.164846075303627,12.893151315775786,12.893151315775786,68600
4526,1998-02-10,13.164843559265137,13.238942115883889,12.991946927154713,12.991946927154713,93600
4527,1998-02-11,13.23894214630127,13.337740222019937,13.140144070582604,13.140144070582604,43000
4528,1998-02-12,13.041348457336426,13.189545598897068,12.843752268588904,13.189545598897068,86600
4529,1998-02-13,12.819053649902344,13.090748428609329,12.69555602321735,13.090748428609329,150400
4530,1998-02-17,12.917850494384766,12.94255001731858,12.76965335678188,12.76965335678188,57600
4531,1998-02-18,12.769655227661133,12.91785238697635,12.769655227661133,12.893152860423813,100000
4532,1998-02-19,12.695552825927734,12.81905042151069,12.646153787694553,12.720252345044326,211400
4533,1998-02-20,12.695552825927734,12.744951864160917,12.670853306811145,12.695552825927734,109200
4534,1998-02-23,12.59675407409668,12.744951180850759,12.497956002927294,12.646153109681373,85000
4535,1998-02-24,12.34975528717041,12.596750392913817,12.250957244873046,12.522651861190795,52000
4536,1998-02-25,12.59675407409668,12.59675407409668,12.349758896173217,12.349758896173217,70400
4537,1998-02-26,12.646153450012207,12.819050079211593,12.522655857726932,12.621453931555152,72200
4538,1998-02-27,12.72024917602539,12.744948688988547,12.621451124172767,12.646150637135923,54000
4539,1998-03-02,12.621455192565918,12.769652318114636,12.621455192565918,12.67085423441549,72000
4540,1998-03-03,12.497952461242676,12.596750504414555,12.399154418070797,12.596750504414555,79800
4541,1998-03-04,12.497952461242676,12.596750504414555,12.423853928863767,12.497952461242676,60400
4542,1998-03-05,12.127467155456543,12.44856099052973,12.078068103906821,12.44856099052973,151800
4543,1998-03-06,12.59675407409668,12.695552145266067,12.078064200457405,12.102763718249753,52000
4544,1998-03-09,12.67085075378418,12.67085075378418,12.497954154804669,12.522653668944598,82200
4545,1998-03-10,12.744951248168945,12.819049801937368,12.621453658554904,12.646153176477712,71400
4546,1998-03-11,12.843757629394531,12.893156697199894,12.646161358173076,12.69556042597844,132200
4547,1998-03-12,12.695552825927734,12.794350902394099,12.547355711228189,12.744951864160917,56000
4548,1998-03-13,12.44855785369873,12.646154010106647,12.44855785369873,12.621454490555658,66600
4549,1998-03-16,13.01665210723877,13.09075069608453,12.646159163009962,12.646159163009962,190800
4550,1998-03-17,13.11544132232666,13.313037425111242,13.041342783782442,13.041342783782442,98200
4551,1998-03-18,13.436539649963379,13.535337735624875,13.140145392978893,13.140145392978893,194000
4552,1998-03-19,13.609436988830566,13.782333647490846,13.263643671510007,13.436540330170287,345600
4553,1998-03-20,13.658835411071777,13.732933975688804,13.560037324915742,13.560037324915742,242200
4554,1998-03-23,12.942550659179688,13.658836859783143,12.942550659179688,13.560038763148185,141000
4555,1998-03-24,13.411837577819824,13.436537094537725,12.94254676017972,12.94254676017972,75600
4556,1998-03-25,13.33774471282959,13.535340930797435,13.33774471282959,13.41184329456753,79000
4557,1998-03-26,13.288342475891113,13.387140561213723,13.238943433229807,13.337741518552418,55000
4558,1998-03-27,13.287355422973633,13.361586458856166,13.26261174434612,13.312099101601143,36800
4559,1998-03-30,13.064658164978027,13.262607531114059,13.064658164978027,13.237863860347055,98600
4560,1998-03-31,13.460559844970703,13.460559844970703,13.01517367362976,13.114148378372192,169000
4561,1998-04-01,13.312095642089844,13.559532364061774,13.262608297695458,13.460557675273002,53200
4562,1998-04-02,13.584277153015137,13.65850817570921,13.262609388007494,13.361584084932922,56800
4563,1998-04-03,13.485301971435547,13.707995031514297,13.485301971435545,13.58427666480388,104800
4564,1998-04-06,13.460559844970703,13.485303521156311,13.460559844970703,13.485303521156311,85200
4565,1998-04-07,13.064658164978027,13.559531580318104,12.990427152677016,13.46055689725009,234600
4566,1998-04-08,13.26260757446289,13.26260757446289,13.064658207679862,13.064658207679862,92200
4567,1998-04-09,13.336841583251953,13.559534670912932,13.262610554031626,13.262610554031626,121000
4568,1998-04-13,13.26260757446289,13.349210422430465,13.26260757446289,13.336838587006525,180200
4569,1998-04-14,14.252355575561523,14.252355575561523,13.262608660591972,13.262608660591972,217200
4570,1998-04-15,14.648262977600098,14.747237727448747,14.15338922835685,14.2523639782055,113800
4571,1998-04-16,14.945180892944336,14.945180892944336,14.549282061343161,14.62351309226838,285600
4572,1998-04-17,14.722476959228516,15.044144523043594,14.672989641718505,14.94516988802357,117600
4573,1998-04-20,14.549278259277344,14.747227623349143,14.524534588768368,14.722483952840168,103000
4574,1998-04-21,14.673004150390625,14.89569729938475,14.648260467169056,14.648260467169056,35000
4575,1998-04-22,14.549278259277344,14.722483952840168,14.549278259277342,14.722483952840168,55200
4576,1998-04-23,14.376082420349121,14.549288232642484,14.376082420349121,14.549288232642484,109600
4577,1998-04-24,14.153383255004883,14.376076348178037,14.103895900966405,14.376076348178037,63000
4578,1998-04-27,13.905945777893066,14.05440783246132,13.806971074847564,14.05440783246132,66400
4579,1998-04-28,13.930678367614746,14.004909335825836,13.905934711544383,13.980165679755473,52000
4580,1998-04-29,13.955434799194336,14.079153192804215,13.905947441750383,14.029665835360262,56200
4581,1998-04-30,14.623506546020508,14.623506546020508,13.955427566760687,13.955427566760687,189400
4582,1998-05-01,14.499791145324707,14.648253170703459,14.47504747442825,14.574022158014083,401800
4583,1998-05-04,14.376082420349121,14.574031920112965,14.376082420349121,14.574031920112965,63600
4584,1998-05-05,14.054413795471191,14.376081716846413,14.004926422951927,14.376081716846413,48200
4585,1998-05-06,13.806976318359375,14.153387910576276,13.806976318359375,14.004925799626175,28600
4586,1998-05-07,13.806976318359375,13.831720003517724,13.757488948042674,13.782232633201025,30000
4587,1998-05-08,13.460559844970703,13.955433368682861,13.460559844970703,13.782227635383606,140000
4588,1998-05-11,13.609017372131348,13.633761040080678,13.41106802853671,13.559530036232688,123200
4589,1998-05-12,13.831713676452637,14.004919393331292,13.658507959573981,13.658507959573981,54600
4590,1998-05-13,13.831713676452637,13.955432045651676,13.707995307253597,13.732738981093405,52400
4591,1998-05-14,13.584277153015137,13.856457569560067,13.584277153015138,13.757482872634638,83600
4592,1998-05-15,13.510042190551758,13.757478860708382,13.510042190551758,13.658504192645733,56600
4593,1998-05-18,13.163630485534668,13.336836149818017,13.163630485534668,13.312092483491824,36000
4594,1998-05-19,13.213122367858887,13.213122367858887,12.96568561939711,13.015172969089464,47600
4595,1998-05-20,13.26260757446289,13.26260757446289,13.163632891071376,13.163632891071376,55400
4596,1998-05-21,13.411073684692383,13.411073684692383,13.237867935997093,13.237867935997093,34600
4597,1998-05-22,13.064658164978027,13.435813226483086,13.064658164978027,13.386325884949079,52800
4598,1998-05-26,12.767731666564941,13.163630322892537,12.742988000544466,13.015168326769688,111200
4599,1998-05-27,12.619274139404297,12.71824883853688,12.569786789838005,12.71824883853688,82200
4600,1998-05-28,12.644018173217773,12.742992875160768,12.569787146760525,12.594530822246275,59000
4601,1998-05-29,12.4213228225708,12.668759532183765,12.371835480648208,12.594528519299876,51000
4602,1998-06-01,12.173890113830566,12.297608509296325,12.099659076551111,12.272864830203172,45800
4603,1998-06-02,12.025422096252441,12.173884097440745,12.025422096252441,12.074909429981876,43600
4604,1998-06-03,11.580036163330078,12.074909503643328,11.580036163330078,12.050165836627666,156800
4605,1998-06-04,12.050169944763184,12.12440097111696,11.406834383030446,11.679014812994296,230200
4606,1998-06-05,11.975935935974121,12.14914162099854,11.87696125881731,12.14914162099854,97800
4607,1998-06-08,11.975935935974121,12.272859967444555,11.926448597395716,11.926448597395716,48200
4608,1998-06-09,12.569783210754395,12.569783210754395,11.876960514098641,11.876960514098641,114000
4609,1998-06-10,12.14914321899414,12.545041979694561,12.099655873906588,12.545041979694561,86200
4610,1998-06-11,11.975935935974121,12.124397951709337,11.926448597395716,12.124397951709337,116800
4611,1998-06-12,11.77798843383789,11.951194146100212,11.679013741116563,11.951194146100212,157400
4612,1998-06-15,11.530553817749023,11.703759561792465,11.530553817749023,11.679015884071973,98200
4613,1998-06-16,11.530553817749023,11.62952852863099,11.481066462308041,11.530553817749023,100600
4614,1998-06-17,11.876964569091797,12.000682950019836,11.555296778678894,11.580040454864502,49000
4615,1998-06-18,11.753244400024414,11.876962762129933,11.703757055182205,11.876962762129933,48200
4616,1998-06-19,11.679015159606934,11.975939273834229,11.679015159606934,11.777989864349365,177400
4617,1998-06-22,11.580036163330078,11.70375449840839,11.580036163330078,11.679010831392727,68800
4618,1998-06-23,11.70375919342041,11.728502870362103,11.654271839537026,11.679015516478717,44000
4619,1998-06-24,11.70375919342041,11.777990224245487,11.629528162595333,11.753246547303794,74800
4620,1998-06-25,11.382085800170898,11.70375344234964,11.332598470604937,11.67900977756666,99400
4621,1998-06-26,11.10834789276123,11.331506667392595,11.058757053954261,11.331506667392595,268800
4622,1998-06-29,11.232327461242676,11.306713735820441,10.959577787790867,11.1083503369464,110000
4623,1998-06-30,11.703437805175781,11.852210319648355,11.108347747285487,11.232324842679299,175800
4624,1998-07-01,11.65384578704834,12.000981619002971,11.65384578704834,11.802618286457466,34800
4625,1998-07-02,11.579461097717285,11.67864277735512,11.554665677807826,11.653847357445661,30600
4626,1998-07-06,11.827414512634277,11.90180076743072,11.529869493448508,11.529869493448508,32800
4627,1998-07-07,11.65384578704834,11.877004536162032,11.604254953911964,11.802618286457466,88800
4628,1998-07-08,12.050572395324707,12.075367811775992,11.728231981457997,11.728231981457997,91600
4629,1998-07-09,12.174551010131836,12.298528107994686,12.100164751414127,12.149755590559266,75600
4630,1998-07-10,12.224143981933594,12.496893644816494,12.174553134136703,12.174553134136703,132800
4631,1998-07-13,12.298530578613281,12.323326003166937,12.075371757630379,12.224144304952313,153800
4632,1998-07-14,12.348114967346191,12.447296613670257,12.248933321022127,12.298524144184158,163200
4633,1998-07-15,12.546480178833008,12.695252671072135,12.348116855847506,12.348116855847506,138000
4634,1998-07-16,12.620865821838379,13.042387863039268,12.546479579273516,12.59607040765009,127800
4635,1998-07-17,12.323317527770996,12.695248640279175,12.19934049026827,12.695248640279175,79000
4636,1998-07-20,12.248939514160156,12.323325786513356,12.174553241806958,12.298530362395624,61200
4637,1998-07-21,12.199348449707031,12.348120991776629,12.199348449707031,12.298530144420095,249400
4638,1998-07-22,12.248939514160156,12.323325786513356,12.124962393571492,12.248939514160156,81400
4639,1998-07-23,12.199348449707031,12.27373472074183,12.149757602350498,12.27373472074183,127400
4640,1998-07-24,12.075369834899902,12.273733199744253,12.075369834899902,12.273733199744253,37800
4641,1998-07-27,11.901801109313965,12.100164461135863,11.901801109313965,12.075369042158126,50200
4642,1998-07-28,11.257118225097656,11.852208175323083,11.1083457375413,11.753026516952179,163000
4643,1998-07-29,11.455484390258789,11.604256914807605,11.257121024193701,11.257121024193701,138200
4644,1998-07-30,11.629047393798828,11.703433624462786,11.430684112028272,11.430684112028272,38600
4645,1998-07-31,11.629047393798828,12.124955598225217,11.629047393798828,11.728229034684107,116400
4646,1998-08-03,11.604252815246582,11.65384363924336,11.529866579251411,11.579457403248192,118600
4647,1998-08-04,11.430688858032227,11.55466596061392,11.405893437515887,11.505075119581244,96200
4648,1998-08-05,11.182732582092285,11.480277573190085,11.108346334317835,11.43068674134045,120000
4649,1998-08-06,11.604252815246582,11.604252815246582,11.157935399275559,11.157935399275559,59200
4650,1998-08-07,11.604252815246582,11.728229875238531,11.554661991249802,11.65384363924336,130200
4651,1998-08-10,11.331507682800293,11.505075634177977,11.157939731422609,11.505075634177977,83000
4652,1998-08-11,11.10834789276123,11.281915828585625,11.10834789276123,11.281915828585625,24200
4653,1998-08-12,11.232327461242676,11.281918310961187,11.1083503369464,11.1083503369464,96400
4654,1998-08-13,11.157938957214355,11.3315068965488,11.133143537309435,11.30671147664388,70600
4655,1998-08-14,10.885189056396484,11.157938668287969,10.786007379345035,11.157938668287969,40800
4656,1998-08-17,12.298530578613281,12.323326003166937,10.860395954501245,10.860395954501245,185400
4657,1998-08-18,12.744843482971191,12.86882055965379,12.323321422250354,12.348116837586874,333600
4658,1998-08-19,12.645665168762207,12.844028543958478,12.39771094976687,12.844028543958478,92000
4659,1998-08-20,12.67046070098877,12.695256123104208,12.397711057718954,12.596074434642457,48000
4660,1998-08-21,12.075369834899902,12.571278247010781,11.405893478550215,12.571278247010781,84600
4661,1998-08-24,12.596068382263184,12.596068382263184,12.000978537431852,12.000978537431852,61000
4662,1998-08-25,12.620865821838379,12.893615377909542,12.546479579273516,12.546479579273516,101800
4663,1998-08-26,12.645665168762207,12.79443770015941,12.59607432496314,12.720051434460808,64600
4664,1998-08-27,12.100168228149414,12.645667615484019,12.100168228149414,12.645667615484019,53800
4665,1998-08-28,12.149759292602539,12.149759292602539,11.901805021324936,12.10016843834702,89200
4666,1998-08-31,11.257118225097656,12.199343979621249,11.207527395912205,12.12495773584307,56400
4667,1998-09-01,11.629047393798828,11.802615265348065,11.182730009815078,11.182730009815078,95200
4668,1998-09-02,11.207526206970215,11.653843622292039,11.207526206970215,11.629048210329714,129200
4669,1998-09-03,10.835596084594727,11.108345642788187,10.488460283257595,11.108345642788187,168200
4670,1998-09-04,11.083555221557617,11.207532349315532,10.909987242696536,10.909987242696536,21200
4671,1998-09-08,11.703437805175781,11.703437805175781,11.182734004521775,11.182734004521775,38200
4672,1998-09-09,11.405889511108398,11.604252806953761,11.405889511108398,11.604252806953761,19800
4673,1998-09-10,10.959577560424805,11.480281471666707,10.860395863045396,11.480281471666707,19800
4674,1998-09-11,10.934776306152344,11.182730417402963,10.909980895027282,11.058753361777653,31000
4675,1998-09-14,11.10834789276123,11.20752957037517,10.934779956936836,11.033961634550776,23600
4676,1998-09-15,11.10834789276123,11.10834789276123,10.810802859919413,11.10834789276123,24000
4677,1998-09-16,11.703437805175781,11.852210319648355,11.306711099915585,11.306711099915585,94600
4678,1998-09-17,11.480278968811035,11.703437739263086,11.331506455176335,11.505074387750152,126800
4679,1998-09-18,11.629047393798828,11.703433624462786,11.529865752913551,11.703433624462786,31600
4680,1998-09-21,11.381098747253418,11.529871279897254,11.157939948287664,11.529871279897254,18800
4681,1998-09-22,11.827414512634277,12.100164113554564,11.480278656917548,11.480278656917548,53400
4682,1998-09-23,12.248939514160156,12.298530362395624,11.827417304158693,11.901803576511893,40200
4683,1998-09-24,11.901801109313965,12.3233232319355,11.753028595447539,12.298527812957763,476200
4684,1998-09-25,12.000981330871582,12.100162994763084,11.753027171142831,11.901799666980082,34800
4685,1998-09-28,11.826074600219727,12.02483215652594,11.726695822066619,12.02483215652594,14600
4686,1998-09-29,11.6273193359375,11.975145128038195,11.527940538194445,11.975145128038195,10800
4687,1998-09-30,11.726699829101562,11.826078641212593,11.677010423046047,11.677010423046047,6400
4688,1998-10-01,11.478246688842773,11.677004207264295,11.478246688842773,11.627314827658914,22600
4689,1998-10-02,11.254646301269531,11.503093239487402,11.229801607447744,11.453403851843827,15000
4690,1998-10-05,9.3912935256958,11.22980072384789,9.3912935256958,11.22980072384789,292600
4691,1998-10-06,9.8385009765625,10.03725857204861,9.490675184461805,9.490675184461805,204400
4692,1998-10-07,9.863347053527832,9.98757056805589,9.639744727377327,9.888191756433445,112000
4693,1998-10-08,9.73912239074707,9.937879990558235,9.540364790935906,9.863345890629049,107600
4694,1998-10-09,9.8385009765625,9.888190375434027,9.689432779947916,9.8385009765625,35400
4695,1998-10-12,9.937874794006348,10.086942915916442,9.813651359081268,9.838496046066284,47400
4696,1998-10-13,9.540362358093262,9.937877456347149,9.540362358093262,9.937877456347149,51800
4697,1998-10-14,9.8385009765625,9.863345675998264,9.490675184461805,9.490675184461805,20600
4698,1998-10-15,9.8385009765625,10.16148206922743,9.689432779947916,10.136637369791666,78000
4699,1998-10-16,10.881973266601562,10.881973266601562,9.838496378023331,9.838496378023331,88800
4700,1998-10-19,11.254646301269531,11.329180382734894,10.9316652815863,10.9316652815863,156200
4701,1998-10-20,11.652161598205566,11.801229763641032,11.37886996157388,11.428559350052367,99400
4702,1998-10-21,11.726699829101562,11.751544532129321,11.602476313962775,11.751544532129321,79200
4703,1998-10-22,11.329181671142578,11.726696817498457,11.329181671142578,11.726696817498457,89200
4704,1998-10-23,11.453408241271973,11.577631757988588,11.329184724555356,11.329184724555356,30400
4705,1998-10-26,11.776386260986328,11.801230957739463,11.503094596701835,11.503094596701835,40200
4706,1998-10-27,11.776386260986328,11.925454441505142,11.726696867480056,11.8260756544926,46200
4707,1998-10-28,11.70185375213623,11.875766652911079,11.70185375213623,11.776387852468307,8400
4708,1998-10-29,11.677003860473633,11.90060606205717,11.627314482343959,11.826071994862659,45800
4709,1998-10-30,11.925454139709473,12.02483292420705,11.751541266838709,11.776385962963104,66000
4710,1998-11-02,12.0745210647583,12.173899838953842,11.776384742171675,11.801229435720561,24800
4711,1998-11-03,12.173904418945312,12.422351447903381,11.975146795778858,12.1242150131537,37200
4712,1998-11-04,12.29813003540039,12.472042985395952,12.074527671120384,12.074527671120384,30200
4713,1998-11-05,12.223590850830078,12.3229696382352,12.198746153978798,12.3229696382352,16400
4714,1998-11-06,12.124215126037598,12.223593938546102,12.124215126037598,12.223593938546102,17400
4715,1998-11-09,11.726699829101562,12.049680968462411,11.527942204879503,12.024836265434654,67000
4716,1998-11-10,11.776386260986328,11.776386260986328,11.329181719429885,11.627318080467514,40000
4717,1998-11-11,11.652161598205566,11.925453234837253,11.627316903966323,11.875763846358765,17200
4718,1998-11-12,11.70185375213623,11.70185375213623,11.577630251582766,11.652164351914845,13600
4719,1998-11-13,11.329181671142578,11.726696817498457,11.304336974495335,11.726696817498457,36000
4720,1998-11-16,11.925454139709473,11.925454139709473,11.13042386372884,11.13042386372884,66000
4721,1998-11-17,12.099367141723633,12.223590623671514,11.801230785048718,11.900609570607024,53000
4722,1998-11-18,11.900609970092773,12.099367547881378,11.875765272869197,12.099367547881378,46400
4723,1998-11-19,11.850918769836426,12.074521010776737,11.826074076398614,11.900608156712051,51200
4724,1998-11-20,11.70185375213623,11.826077252689693,11.70185375213623,11.751543152357616,12200
4725,1998-11-23,11.751546859741211,11.925459815382201,11.57763390410022,11.701857443843783,49000
4726,1998-11-24,11.751546859741211,11.82608098358735,11.726702151792498,11.751546859741211,76400
4727,1998-11-25,12.571416854858398,12.621106249541635,11.925454723976348,11.925454723976348,109000
4728,1998-11-27,13.19253158569336,13.341599739204018,12.720482432909604,12.720482432909604,68800
4729,1998-11-30,14.01241397857666,14.086948095483983,13.217383398231885,13.217383398231885,278200
4730,1998-12-01,13.962721824645996,14.086945328423987,13.639740714823224,13.888187722379204,200200
4731,1998-12-02,13.66457748413086,13.937869033813476,13.66457748413086,13.863334974809126,48200
4732,1998-12-03,13.515517234802246,13.763964242794936,13.46582783320371,13.66458543959786,35000
4733,1998-12-04,13.714274406433105,13.81365320647972,13.614895606386488,13.614895606386488,114200
4734,1998-12-07,13.8136568069458,13.91303563289505,13.763967393971175,13.8136568069458,21200
4735,1998-12-08,13.689423561096191,13.913025760823716,13.664578872237577,13.81364700538926,68000
4736,1998-12-09,13.515517234802246,13.63974073879859,13.416138431605171,13.614896037999323,57000
4737,1998-12-10,13.490666389465332,13.515511078948693,13.316753563081802,13.416132321015247,25800
4738,1998-12-11,13.465825080871582,13.515514472313912,13.31675690654459,13.515514472313912,18800
4739,1998-12-14,13.068312644958496,13.440983157647427,13.018623243266639,13.440983157647427,28400
4740,1998-12-15,12.72048568725586,13.167690262198448,12.645951591432095,13.167690262198448,79200
4741,1998-12-16,12.670796394348145,12.695641093160592,12.322970610973883,12.62110699672325,197000
4742,1998-12-17,12.894401550292969,12.919246254628794,12.695643915606372,12.695643915606372,295400
4743,1998-12-18,12.944084167480469,13.21737577178428,12.944084167480469,12.993773550081162,58400
4744,1998-12-21,13.217378616333008,13.217378616333008,12.770174076682643,12.894397559918856,129800
4745,1998-12-22,13.788808822631836,13.863342924375791,13.416138313912056,13.51551711623733,158800
4746,1998-12-23,15.05589485168457,15.080739562660948,14.01241699067673,14.310553522393256,352600
4747,1998-12-24,15.254651069641113,15.254651069641113,14.956514566651384,15.00620398381634,96200
4748,1998-12-28,16.59625244140625,16.89438871280876,15.503086112930388,15.701843627198727,527600
4749,1998-12-29,17.043109893798828,17.267033965396184,16.62014220300382,16.819185822201472,300800
4750,1998-12-30,17.217267990112305,17.31678977040197,17.01822442953297,17.117746209822638,387200
4751,1998-12-31,17.31679916381836,17.466081915230586,17.167516412406133,17.31679916381836,144600
4752,1999-01-04,16.943584442138672,17.16750846560306,16.719660418674284,16.968464889190273,518400
4753,1999-01-05,16.64501953125,16.993345799467487,16.62013908352018,16.993345799467487,167000
4754,1999-01-06,16.844070434570312,16.844070434570312,16.595265849126143,16.62014630767056,191800
4755,1999-01-07,17.018239974975586,17.11776184617427,16.769435296978866,16.893837635977224,637200
4756,1999-01-08,16.993349075317383,17.092870885421732,16.86894681268695,17.092870885421732,503800
4757,1999-01-11,17.043109893798828,17.067990346198535,16.819185822201472,16.918707631800295,286200
4758,1999-01-12,16.993349075317383,17.067990432895645,16.893827265213037,16.993349075317383,174400
4759,1999-01-13,16.968473434448242,16.968473434448242,16.271820566171776,16.5206251619848,134600
4760,1999-01-14,17.217267990112305,17.217267990112305,16.89382220417089,17.01822442953297,624800
4761,1999-01-15,17.267044067382812,17.291924534338694,17.018239397823983,17.117761265647516,335000
4762,1999-01-19,17.913930892944336,18.088094109959073,17.267038944032457,17.267038944032457,321800
4763,1999-01-20,18.237367630004883,18.6354547815466,18.063204501205384,18.08808494817674,587600
4764,1999-01-21,18.01344871520996,18.33689461755489,17.889046445077295,18.33689461755489,110200
4765,1999-01-22,18.16273307800293,18.16273307800293,17.81440669020561,17.91392851529056,130200
4766,1999-01-25,18.28713035583496,18.660337097790777,18.03832586119775,18.112967209588913,333600
4767,1999-01-26,18.28713035583496,18.46129350208101,18.28713035583496,18.28713035583496,222800
4768,1999-01-27,17.66512680053711,18.41154060901051,17.66512680053711,18.386660148728062,155400
4769,1999-01-28,18.038339614868164,18.48618804668558,17.814415398959458,17.814415398959458,180600
4770,1999-01-29,18.934030532836914,19.008671914700923,18.08809487171148,18.262258096060837,379600
4771,1999-02-01,19.182830810546875,19.307233085582848,18.71010216541018,18.71010216541018,217400
4772,1999-02-02,18.909149169921875,19.40675835860403,18.759866413317226,19.05843192652652,292600
4773,1999-02-03,19.182830810546875,19.232591720561263,18.93402626047493,18.93402626047493,173400
4774,1999-02-04,19.008663177490234,19.33210901689779,18.909141380749446,19.33210901689779,119200
4775,1999-02-05,19.13306999206543,19.257472267696546,19.008667716434317,19.108189536939207,218600
4776,1999-02-08,19.008663177490234,19.133065423416216,19.008663177490234,19.108184974231023,174400
4777,1999-02-09,19.058433532714844,19.15795537883868,18.85938984046717,19.083313994245803,93000
4778,1999-02-10,19.083309173583984,19.10818962882986,19.00866780784637,19.083309173583984,181600
4779,1999-02-11,18.98377799987793,19.10818021481815,18.88425622792575,19.083299771830106,160400
4780,1999-02-12,18.98377799987793,19.10818021481815,18.98377799987793,19.083299771830106,69600
4781,1999-02-16,19.083309173583984,19.282352815550965,19.033548263092243,19.10818962882986,153000
4782,1999-02-17,19.157947540283203,19.38187160244236,19.033545283528117,19.033545283528117,105600
4783,1999-02-18,19.108190536499023,19.157951449354492,19.008668710788093,19.133070992926758,186200
4784,1999-02-19,19.13306999206543,19.257472267696546,19.108189536939207,19.108189536939207,99200
4785,1999-02-22,19.481386184692383,19.65554927957469,19.133059994927766,19.133059994927766,136800
4786,1999-02-23,19.854610443115234,19.854610443115234,19.53116440832764,19.53116440832764,162400
4787,1999-02-24,19.556041717529297,20.252694603141027,19.556041717529297,19.879487700134742,132000
4788,1999-02-25,19.431640625,19.605803857234317,19.40676016325224,19.50628201024328,67800
4789,1999-02-26,19.481386184692383,19.506266626818427,19.207701321305898,19.431625300440295,104600
4790,1999-03-01,19.605798721313477,19.655559631773663,19.30723325855236,19.580918266083383,136600
4791,1999-03-02,19.705318450927734,19.804840261285957,19.605796640569515,19.605796640569515,93200
4792,1999-03-03,19.854610443115234,19.954132299972954,19.55604487254207,19.705327657828654,128200
4793,1999-03-04,20.00388526916504,20.0536461777948,19.705319817386457,19.954124360535275,53200
4794,1999-03-05,20.2526912689209,20.30245218112955,20.003886707877644,20.003886707877644,95800
4795,1999-03-08,19.904367446899414,20.27757433652878,19.854606528282165,20.27757433652878,85600
4796,1999-03-09,19.730201721191406,19.879484458047834,19.65556035276319,19.755082177334142,54200
4797,1999-03-10,19.630680084228516,19.80484327889214,19.45651688956489,19.730201909750587,40400
4798,1999-03-11,19.87948989868164,20.028772676393892,19.556043880305094,19.556043880305094,106200
4799,1999-03-12,19.705318450927734,19.929242524233732,19.506274830211293,19.929242524233732,78800
4800,1999-03-15,19.630680084228516,19.854604191653177,19.556038715086963,19.730201909750587,199800
4801,1999-03-16,19.556041717529297,19.65556355833097,19.406758956326783,19.506280797128458,62000
4802,1999-03-17,19.431640625,19.556042933738798,19.182836007522408,19.556042933738798,56800
4803,1999-03-18,19.431640625,19.53116247199104,19.40676016325224,19.40676016325224,36400
4804,1999-03-19,18.7349796295166,19.207708199185678,18.710099178481386,19.207708199185678,124600
4805,1999-03-22,18.187604904174805,18.411528904363003,18.11296357077874,18.411528904363003,197000
4806,1999-03-23,17.66512680053711,18.0880946253387,17.316800356582856,18.0880946253387,168800
4807,1999-03-24,17.864168167114258,17.864168167114258,17.515841768312587,17.565602682427112,66000
4808,1999-03-25,18.56082534790039,18.710108125497445,17.889052848713646,17.913933311646492,70400
4809,1999-03-26,19.033550262451172,19.182833009607652,18.610582478841145,18.610582478841145,46600
4810,1999-03-29,19.08238410949707,19.38132485272679,19.03256065229212,19.057472380894595,48800
4811,1999-03-30,19.580608367919922,19.605520083400737,19.03255062734201,19.057462342822824,138600
4812,1999-03-31,19.70517921447754,19.929384793403326,19.53079709753526,19.53079709753526,122600
4813,1999-04-01,19.530792236328125,19.730086034658,19.331498437998246,19.580615685910594,61800
4814,1999-04-05,19.406232833862305,19.60552662419722,19.306585938694848,19.505879729029765,71800
4815,1999-04-06,19.530792236328125,19.530792236328125,19.231851538833304,19.331498437998246,56200
4816,1999-04-07,19.007631301879883,19.53077711752795,18.93289618535873,19.53077711752795,19400
4817,1999-04-08,18.43466567993164,18.783429625227644,18.335018838418495,18.783429625227644,71200
4818,1999-04-09,18.957820892333984,18.98273261492575,18.185557491989236,18.185557491989236,108400
4819,1999-04-12,19.406232833862305,19.406232833862305,18.7834397390657,18.90799835802502,36200
4820,1999-04-13,20.178489685058594,20.178489685058594,19.381314783920477,19.40622649958104,82000
4821,1999-04-14,20.701641082763672,20.72655280488493,20.22831836245981,20.303053528823575,108600
4822,1999-04-15,20.552165985107422,20.701636283180928,20.12866680723248,20.676724566835343,61600
4823,1999-04-16,20.776365280151367,20.801276989120375,20.552159899430308,20.552159899430308,68600
4824,1999-04-19,21.772836685180664,22.54509977126831,21.075308736456343,21.125132161365222,304400
4825,1999-04-20,21.67319107055664,22.320895631285918,21.59845592893403,21.872484781550266,88000
4826,1999-04-21,21.49881362915039,21.623372224916036,21.224784718465973,21.623372224916036,81400
4827,1999-04-22,21.07530975341797,21.49880888557885,20.826192616852744,21.49880888557885,53000
4828,1999-04-23,21.49881362915039,21.49881362915039,21.025490965240937,21.025490965240937,14000
4829,1999-04-26,21.10022735595703,21.498814885703563,21.075315635347874,21.473903165094406,43000
4830,1999-04-27,21.44898796081543,21.52372311050468,21.1749590786215,21.199870795184587,67600
4831,1999-04-28,22.146512985229492,22.271071550950694,21.59845529605621,21.59845529605621,53800
4832,1999-04-29,21.523717880249023,22.121598932478165,21.498806169739474,22.121598932478165,72400
4833,1999-04-30,21.274600982666016,21.623364933201525,21.274600982666016,21.57354151169645,28400
4834,1999-05-03,21.249698638916016,21.424080691052488,21.224786917182232,21.324433804117362,96200
4835,1999-05-04,21.772836685180664,22.320894359178347,21.324425861000744,21.324425861000744,91600
4836,1999-05-05,21.772836685180664,21.772836685180664,21.473896135727383,21.723013260271784,75800
4837,1999-05-06,21.72301483154297,22.171425688157388,21.72301483154297,21.822661688568395,93200
4838,1999-05-07,21.947223663330078,22.02195881768875,21.72301820025406,21.72301820025406,110800
4839,1999-05-10,21.922311782836914,22.2710758339275,21.822664911096744,22.046870372512124,51000
4840,1999-05-11,22.320894241333008,22.52018793991634,21.97213026881218,21.97213026881218,167800
4841,1999-05-12,20.92583465576172,22.42053713117327,20.92583465576172,22.42053713117327,106000
4842,1999-05-13,21.07530975341797,21.52372059923537,20.925839471478834,21.025486326104925,81600
4843,1999-05-14,20.57707977294922,21.125137587725106,20.50234461638887,21.125137587725106,46000
4844,1999-05-17,20.502342224121094,20.626900803854515,20.12866648492083,20.577077371961146,73400
4845,1999-05-18,20.676725387573242,20.925842560917495,20.527255083566686,20.527255083566686,53200
4846,1999-05-19,21.274600982666016,21.37424782567616,20.77636676761529,20.77636676761529,116200
4847,1999-05-20,22.370716094970703,22.719480042999198,21.274600829738283,21.274600829738283,143400
4848,1999-05-21,22.320894241333008,23.11806903566633,22.320894241333008,22.57001136456217,83000
4849,1999-05-24,21.922311782836914,22.76931019262834,21.922311782836914,22.370722705667667,111400
4850,1999-05-25,22.12159538269043,22.594917806419165,21.822654904545963,21.822654904545963,113000
4851,1999-05-26,22.171432495117188,22.669666933209708,21.797756666547794,22.02196216368943,60000
4852,1999-05-27,22.52018928527832,22.619836140522914,22.071778436677647,22.071778436677647,39800
4853,1999-05-28,22.470369338989258,22.968603692403654,22.320899032964938,22.49528105665998,51600
4854,1999-06-01,22.819141387939453,22.86896484075155,22.395642039036645,22.420553765442694,40400
4855,1999-06-02,22.91878318786621,23.11807695471722,22.52019565416419,22.7194894210152,183000
4856,1999-06-03,23.217716217041016,23.49174505651253,22.993510802927958,23.018422515607188,87200
4857,1999-06-04,23.790679931640625,24.239090652865265,23.242622383477176,23.242622383477176,178600
4858,1999-06-07,25.160839080810547,25.210662524534925,23.98998815328768,24.114546762598625,309200
4859,1999-06-08,26.30677032470703,26.30677032470703,25.210654894510903,25.210654894510903,481000
4860,1999-06-09,27.353071212768555,27.701835326592562,26.45624920579254,26.70536642995254,374000
4861,1999-06-10,27.47762680053711,27.82639087597457,26.95448068738092,27.103951005425547,187800
4862,1999-06-11,25.908184051513672,27.47762212386498,25.88327233607952,27.47762212386498,220600
4863,1999-06-14,25.559423446655273,26.406421884458663,25.559423446655273,25.908187509280197,78200
4864,1999-06-15,25.70888900756836,26.28185843312463,25.409948437712913,25.559418722640636,111000
4865,1999-06-16,25.28539276123047,26.05765598842076,25.260481044224328,25.958009120396206,86000
4866,1999-06-17,25.385038375854492,25.634155533615576,25.385038375854492,25.385038375854492,61000
4867,1999-06-18,26.057653427124023,26.25694714358386,25.509595706859464,25.509595706859464,228600
4868,1999-06-21,27.701828002929688,27.701828002929688,26.306771916451215,26.306771916451215,201400
4869,1999-06-22,27.153766632080078,27.801471157248958,26.929561219521617,27.801471157248958,97200
4870,1999-06-23,27.577266693115234,27.801472113384467,27.153767565940026,27.153767565940026,90600
4871,1999-06-24,26.805009841918945,27.652008294172887,26.38151061579197,27.62709657498895,86600
4872,1999-06-25,26.530977249145508,27.153770142317935,26.40641867051102,27.054123279410348,100600
4873,1999-06-28,27.5273494720459,27.62708624549534,26.604784317638565,26.629718511000924,164200
4874,1999-06-29,27.5273494720459,28.275375272916712,27.5273494720459,27.72682301894478,199200
4875,1999-06-30,27.926301956176758,28.22551233427865,27.028670821871078,27.627091578074864,223800
4876,1999-07-01,28.923656463623047,29.023393210049335,27.72681550650761,28.02602574578647,112000
4877,1999-07-02,29.52208709716797,29.921034220102673,29.07327158386643,29.12313997423327,112000
4878,1999-07-06,29.32260513305664,30.020762398129417,29.272736756980013,29.82128889382291,208400
4879,1999-07-07,28.49977684020996,29.422341794792434,28.32523752447814,29.422341794792434,106000
4880,1999-07-08,28.524736404418945,28.82394692614362,28.22552588269427,28.40006535370033,113600
4881,1999-07-09,28.699262619018555,28.72419681764498,28.49978903000713,28.574591625886413,151200
4882,1999-07-12,29.69661521911621,29.821286147827866,28.499774303484326,28.67431360368064,244400
4883,1999-07-13,28.97353172302246,29.696623306471384,28.94859753048974,29.696623306471384,62000
4884,1999-07-14,29.52208709716797,29.621823877901647,29.023403193499593,29.222876754966943,119600
4885,1999-07-15,29.497148513793945,29.671687854112253,29.322609173475637,29.422345939371812,116000
4886,1999-07-16,29.497148513793945,29.84622719443056,29.372477556423725,29.59688527969012,118000
4887,1999-07-19,28.699262619018555,29.522091173690676,28.325249639622132,29.522091173690676,101000
4888,1999-07-20,29.0483341217041,29.073268314083244,28.42497931222547,28.524716081742053,144000
4889,1999-07-21,29.272737503051758,29.621816144485084,29.023395616313667,29.098198182335096,85200
4890,1999-07-22,28.923656463623047,29.272735076115048,28.699248784163903,29.272735076115048,40600
4891,1999-07-23,28.549646377563477,28.89872502322801,28.375107054731213,28.89872502322801,66000
4892,1999-07-26,28.17563247680664,28.325237605002076,27.92629059648092,28.27536922893693,93200
4893,1999-07-27,29.123138427734375,29.247809397031183,28.27537583651608,28.27537583651608,92800
4894,1999-07-28,31.11786460876465,31.267469727076016,29.970892035044155,30.070628780585068,623200
4895,1999-07-29,31.766164779663086,31.766164779663086,30.519455015940046,30.96827053088034,246600
4896,1999-07-30,32.763526916503906,33.21234235371629,32.015501187816604,32.015501187816604,260600
4897,1999-08-02,33.56142044067383,35.18214282451023,32.863263106098145,32.91313148713927,596000
4898,1999-08-03,33.73595428466797,34.25957220039452,33.26220474186775,33.63621753881529,242000
4899,1999-08-04,33.66115951538086,33.73596209208171,33.11260728624132,33.66115951538086,203600
4900,1999-08-05,33.73595428466797,34.06009870868917,32.414442402119995,33.511546606499444,249600
4901,1999-08-06,33.511558532714844,33.73596629074642,32.91313784463065,33.73596629074642,238800
4902,1999-08-09,35.655879974365234,36.00495851956881,33.71101379394531,33.71101379394531,492600
4903,1999-08-10,34.982669830322266,36.10470842074601,34.70839373044091,35.95510327535617,326000
4904,1999-08-11,35.0823974609375,35.25693675178793,34.85798980127265,35.157200014159116,213800
4905,1999-08-12,34.90785598754883,35.107329450334824,34.75825089045934,35.107329450334824,123600
4906,1999-08-13,35.306819915771484,35.60603025404073,34.6086624598099,35.306819915771484,197500
4907,1999-08-16,37.10209274291992,38.59814486965056,35.55617221196493,36.10472465843283,279600
4908,1999-08-17,37.50102615356445,37.70049969693448,36.952473909296884,37.50102615356445,225400
4909,1999-08-18,36.85273361206055,37.700496090281156,36.80286523098875,37.55089094706575,134200
4910,1999-08-19,36.20444869995117,36.65326417970263,36.004975153394966,36.65326417970263,144300
4911,1999-08-20,37.301551818847656,37.650630512339546,36.20444735358743,36.20444735358743,142300
4912,1999-08-23,38.897335052490234,38.997071809035084,37.60075721740723,37.70049397395208,364200
4913,1999-08-24,38.64801025390625,39.445904659148184,38.598141853578625,39.29629945816532,478900
4914,1999-08-25,39.29627990722656,39.44588503377692,38.69785940102514,39.19654315619299,348300
4915,1999-08-26,38.39866638183594,39.49577113560268,38.149324392343495,39.29629754400872,163800
4916,1999-08-27,38.49839782714844,38.697871391019675,37.50103000779226,38.39866104521282,193500
4917,1999-08-30,38.44851303100586,39.09680183697613,38.39864466131584,38.847459988526026,320900
4918,1999-08-31,37.99972152709961,39.09682634809199,37.99972152709961,38.4984055366416,216200
4919,1999-09-01,38.049564361572266,38.249037831357704,37.002328645198716,37.80022252434047,169800
4920,1999-09-02,37.10209274291992,38.04959242318266,37.05222433869557,38.04959242318266,140800
4921,1999-09-03,39.645355224609375,39.69522359596108,37.70048874189269,37.70048874189269,474200
4922,1999-09-07,42.288394927978516,42.687342049940575,41.14142195233759,41.49050068405439,431000
4923,1999-09-08,41.889434814453125,43.03640743437268,41.39075106666202,42.487855311802456,357900
4924,1999-09-09,42.18864822387695,42.68733200902916,41.88943795278563,41.88943795278563,188300
4925,1999-09-10,41.98919677734375,42.737222848199046,41.78972315844901,42.487880824580614,128400
4926,1999-09-13,41.291015625,42.73719853940218,40.99180536684783,41.88943614130435,109900
4927,1999-09-14,45.87892150878906,46.17813186645508,41.29102935791016,41.4905029296875,562700
4928,1999-09-15,43.684696197509766,47.12561404868348,43.186012450962856,46.27785167955373,509200
4929,1999-09-16,46.77653503417969,47.52456064773267,43.13614371488852,43.634827457257174,365400
4930,1999-09-17,46.82640075683594,47.87363655650959,45.679428214336234,46.82640075683594,308300
4931,1999-09-20,45.43011474609375,47.67419286198203,45.08103592806668,47.474719251680845,285100
4932,1999-09-21,44.78179168701172,45.38021206590275,43.4852141994145,44.08363457830553,225300
4933,1999-09-22,44.88154983520508,45.28049694485134,44.183392393324105,45.18076016743978,132100
4934,1999-09-23,45.18075180053711,46.62693480519007,45.13088342106632,45.2804885594787,244700
4935,1999-09-24,42.288394927978516,44.68207765975088,39.99444897669666,44.68207765975088,476500
4936,1999-09-27,44.63220977783203,45.878919548162536,42.88681609936933,42.88681609936933,265000
4937,1999-09-28,43.15930938720703,44.40668827123035,42.410882056793035,44.40668827123035,174500
4938,1999-09-29,44.70603942871094,45.45446642807551,42.95970976352692,42.95970976352692,152900
4939,1999-09-30,45.90353775024414,45.90353775024414,43.50857056327488,44.85573960594509,351300
4940,1999-10-01,42.71025085449219,46.053226096607816,42.71025085449219,45.90354063800562,594800
4941,1999-10-04,45.55425262451172,45.55425262451172,43.90771337302334,44.30687440368719,334400
4942,1999-10-05,46.30269241333008,47.30059526706564,45.30478955959452,45.50437013034163,233000
4943,1999-10-06,47.10101318359375,47.599964594436905,46.10311036190744,46.602061772750595,164900
4944,1999-10-07,46.701839447021484,48.29848353068034,46.30267842610677,47.69974199930827,283400
4945,1999-10-08,44.70603942871094,46.701844760349815,43.957612429346355,46.701844760349815,199100
4946,1999-10-11,45.80373001098633,46.60205210268108,45.30477870367711,45.30477870367711,144000
4947,1999-10-12,46.8016357421875,47.59995788704358,45.90352332922441,45.90352332922441,199600
4948,1999-10-13,46.30269241333008,47.30059526706564,46.10311184258297,46.602063269450746,134000
4949,1999-10-14,44.90562438964844,46.602059088812936,44.706043836805556,46.50226881239149,83600
4950,1999-10-15,44.90562438964844,46.00331743028429,43.358875105116105,43.90772162543403,191300
4951,1999-10-18,42.90983200073242,44.90563814030138,42.11150954490484,44.50647691238758,249400
4952,1999-10-19,39.86622619628906,44.50647530299104,39.616750437864226,43.308991662551826,220900
4953,1999-10-20,36.72282791137695,38.868319215981856,30.934990903605588,38.31947260317595,1180800
4954,1999-10-21,39.06788635253906,39.41715225862817,34.37774418505672,35.52533216220666,565500
4955,1999-10-22,39.61676025390625,40.01592156628818,37.52116336390113,39.26749410557206,153100
4956,1999-10-25,38.36936569213867,39.11779285128312,38.119889972423856,38.31947054819571,202100
4957,1999-10-26,37.720726013183594,38.319467695932545,36.92240376951833,38.319467695932545,193100
4958,1999-10-27,39.367271423339844,40.315279226943716,38.519053914852165,39.51695686601414,313600
4959,1999-10-28,41.812137603759766,42.21129882193408,40.01591212197533,40.01591212197533,196200
4960,1999-10-29,45.20499038696289,45.50436118422754,44.706039058188466,45.00540985545312,337300
4961,1999-11-01,46.40249252319336,47.50018589470976,44.40668639316354,44.70605731266801,362800
4962,1999-11-02,45.55425262451172,46.60205033000432,45.50435749567873,46.60205033000432,309500
4963,1999-11-03,46.8016357421875,47.69974815515059,46.103103865438435,46.302684401652456,233200
4964,1999-11-04,47.89934539794922,48.29850660959879,46.851547217369074,46.851547217369074,255900
4965,1999-11-05,47.999114990234375,49.0968078486389,47.55005882088707,48.69764680921908,197200
4966,1999-11-08,49.69556427001953,49.945039994266615,47.40038760694634,47.50017789664518,313600
4967,1999-11-09,51.890953063964844,52.38990453573374,50.09472776559683,50.89305012042706,386800
4968,1999-11-10,52.938751220703125,54.28592019615929,51.491791950768736,51.89095312868167,321800
4969,1999-11-11,54.934574127197266,55.533316079537286,53.13834827017719,53.13834827017719,308400
4970,1999-11-12,54.23602294921875,55.13413556475319,53.43770062429925,55.08424041944572,226800
4971,1999-11-15,55.283817291259766,55.882558994775216,54.8846561555828,55.084236723421284,248900
4972,1999-11-16,54.285926818847656,55.68299111197977,54.285926818847656,55.33372503869674,200500
4973,1999-11-17,55.4833984375,56.48130128709533,54.48549558790468,54.48549558790468,365300
4974,1999-11-18,59.87417984008789,59.87417984008789,55.483406651814775,55.483406651814775,184800
4975,1999-11-19,58.87626266479492,59.874165421825346,57.17982797784321,59.07584321620101,254900
4976,1999-11-22,59.57478713989258,60.22342385079593,59.12573095542103,59.57478713989258,254500
4977,1999-11-23,59.37520217895508,60.02383884141425,59.225516795310654,59.774363202006874,205700
4978,1999-11-24,57.179866790771484,59.17567365955932,56.48133438669574,59.075883316119935,173900
4979,1999-11-26,59.37520217895508,59.87415345776983,57.578977575221984,57.578977575221984,129100
4980,1999-11-29,63.26702117919922,64.66408473836135,59.375201264390434,59.4749915186163,321100
4981,1999-11-30,64.01545715332031,65.26283550782772,62.66828853045231,63.31692527479616,239500
4982,1999-12-01,63.86576461791992,65.06324770450591,63.56639384627342,63.86576461791992,295300
4983,1999-12-02,65.26285552978516,65.46243612773557,64.31484768952069,64.3647428390083,169700
4984,1999-12-03,65.96138000488281,67.7576051789946,65.46242856762954,65.86158971743215,184900
4985,1999-12-06,67.00919342041016,68.85531416244677,65.86160485103605,66.46034671331819,216900
4986,1999-12-07,68.25656127929688,68.25656127929688,66.65991657100923,67.20876318948311,135200
4987,1999-12-08,64.26496124267578,67.75762217977773,61.869993742948736,67.6578318672891,329200
4988,1999-12-09,63.067447662353516,64.56430164168152,57.67877333677268,64.46451137639299,605400
4989,1999-12-10,61.17148208618164,62.967708313834606,59.52494137749975,62.967708313834606,258700
4990,1999-12-13,58.077945709228516,61.969766813455166,57.67878457033348,60.67249311204628,338400
4991,1999-12-14,56.6808967590332,57.87838049337897,53.28802617838684,53.48760680077781,587500
4992,1999-12-15,58.676666259765625,59.67456874717661,54.58526606138061,56.28170028997927,717800
4993,1999-12-16,59.37520217895508,61.17142678268817,58.87625090014033,59.27541192319213,280600
4994,1999-12-17,55.98236083984375,60.07376332546513,55.73288507852538,59.475021498301025,244900
4995,1999-12-20,52.19031524658203,56.58108746617975,52.0905249688639,55.98234579987098,536100
4996,1999-12-21,51.09262466430664,54.285913705825806,47.55006963387132,52.09052748978138,1400500
4997,1999-12-22,55.6829719543457,55.78276222666532,53.188215146355304,54.485488686510315,358500
4998,1999-12-23,56.88047409057617,58.27753836648506,55.88257103635554,55.88257103635554,316000
4999,1999-12-27,57.47921371459961,57.878374920950996,55.48340768284268,57.678794317775306,292200
5000,1999-12-28,59.62469482421875,60.72238795068972,57.279623144939855,57.47920371338912,245700
5001,1999-12-29,61.196044921875,61.99468824875102,60.09791034742047,60.09791034742047,317400
5002,1999-12-30,59.9980583190918,61.54542920752095,59.34916084975053,61.54542920752095,181200
5003,1999-12-31,60.19770812988281,60.696859938588304,59.39906523595402,59.598725959436216,105700
5004,2000-01-03,59.69858169555664,61.19603775815422,58.70027765382493,60.79671614146153,302100
5005,2000-01-04,57.40247344970703,59.39908122187076,56.05476320349652,58.30094694718071,298000
5006,2000-01-05,55.056453704833984,56.9033157058121,54.10806510973712,56.9033157058121,369100
5007,2000-01-06,52.011634826660156,55.106377014043005,52.011634826660156,55.05646181747232,180100
5008,2000-01-07,54.956642150878906,56.354267927649666,50.91351043950635,50.91351043950635,302300
5009,2000-01-10,58.151214599609375,58.99977309591269,56.40418240133785,56.40418240133785,355700
5010,2000-01-11,55.206214904785156,58.300957512467505,55.106384498085724,58.001466292369216,216300
5011,2000-01-12,55.80519104003906,57.40247736676648,55.30603906293675,56.00485183087999,359500
5012,2000-01-13,56.553932189941406,56.8534234460223,55.954949677779624,56.00486488712644,266500
5013,2000-01-14,60.04798889160156,60.14781929707389,57.50231355205736,57.50231355205736,339900
5014,2000-01-18,62.2442741394043,63.442239319312634,58.650378599679264,60.04800464290567,494500
5015,2000-01-19,63.891441345214844,64.59025398492814,61.34576672911644,61.44559710621834,468400
5016,2000-01-20,64.29074096679688,66.08768714288748,63.49209822186773,66.08768714288748,385400
5017,2000-01-21,63.841522216796875,64.88974111167782,62.69347295097488,64.69008036979574,303400
5018,2000-01-24,62.39396667480469,66.08768950195312,59.99803835449219,64.49040395507812,382300
5019,2000-01-25,63.04287338256836,64.19092254155416,60.74677506459675,63.392279648346644,499400
5020,2000-01-26,60.19770812988281,60.696859938588304,56.60381510720324,58.99974378898962,1087600
5021,2000-01-27,63.2924690246582,63.691790595791694,60.597048419507146,60.597048419507146,726300
5022,2000-01-28,58.600440979003906,63.84153663726235,57.652052240842856,62.29416553815747,416500
5023,2000-01-31,56.05475997924805,58.50060435946457,55.30603210775319,57.302639765072804,313400
5024,2000-02-01,57.25273132324219,58.60044165081633,55.10637783858708,55.905020995668046,284000
5025,2000-02-02,57.90166091918945,58.70030451807482,56.45411939620971,56.45411939620971,225000
5026,2000-02-03,59.399051666259766,60.347439886141224,58.101257260106195,58.300917937975974,302300
5027,2000-02-04,58.800113677978516,59.698587401411125,58.300961609404844,58.70028326426378,303600
5028,2000-02-07,57.452396392822266,58.400785212512645,56.70366837727723,56.70366837727723,284900
5029,2000-02-08,58.300968170166016,58.70028986996167,56.50402052108556,57.502324770574695,319900
5030,2000-02-09,59.299232482910156,60.24762088120586,58.10126819032612,58.10126819032612,529100
5031,2000-02-10,60.147830963134766,61.79503297291356,59.19944192720152,59.498933201706755,329200
5032,2000-02-11,59.199440002441406,61.49553969899478,57.10300114906658,60.94647238025375,190900
5033,2000-02-14,56.503997802734375,58.55052069134931,56.35425222551864,58.50060549894407,211500
5034,2000-02-15,56.85341262817383,57.60214062591098,54.10807663647097,55.95493903088926,386400
5035,2000-02-16,53.259490966796875,56.20448624987186,51.11313847235239,55.904995204135425,352200
5036,2000-02-17,48.96680450439453,54.207899787739514,48.31790699312325,53.509087083293515,541300
5037,2000-02-18,50.11484909057617,50.41434022059954,47.81875042706372,49.715527583878355,615300
5038,2000-02-22,49.91519546508789,51.013329765319824,43.22655927276611,50.31451702880859,910900
5039,2000-02-23,54.70706558227539,55.106387228861344,49.91520582324397,49.91520582324397,519700
5040,2000-02-24,52.31111145019531,56.40415643007701,52.26119626751383,54.40754912281765,415000
5041,2000-02-25,53.009918212890625,54.50737352963895,52.06152984561668,52.61059679509107,255900
5042,2000-02-28,49.81534957885742,53.00992109493646,48.71721562020525,52.41093893567164,332800
5043,2000-02-29,51.51245880126953,52.91008365246677,49.865258083787076,50.01500360355821,206100
5044,2000-03-01,49.26629638671875,52.91010554196745,48.717229253736065,51.31281933692692,271200
5045,2000-03-02,42.52773666381836,49.2662864873107,41.97866964116343,49.2662864873107,540800
5046,2000-03-03,41.779029846191406,45.12334884224257,41.22996254833226,43.52606215756141,603800
5047,2000-03-06,37.13689041137695,40.08188575313937,31.945712181829634,39.732479526150605,2336800
5048,2000-03-07,39.5328254699707,40.33146840875799,38.33486106178977,39.33316473527388,939100
5049,2000-03-08,37.03707504272461,39.832325989345335,36.138601524167946,39.73249559839459,601700
5050,2000-03-09,39.13351058959961,41.22994865689959,36.38817502527821,37.23673329061391,890300
5051,2000-03-10,42.92707061767578,43.87545938713606,39.13351553983467,39.13351553983467,441700
5052,2000-03-13,42.57766342163086,44.42452572714122,40.53114032633559,42.52774822418463,538800
5053,2000-03-14,41.42960739135742,44.27477320016149,40.630964357307164,42.77731751131724,372800
5054,2000-03-15,41.1301155090332,41.629267396278756,39.13350796005101,41.22994588648231,337300
5055,2000-03-16,43.82555389404297,44.12504515072207,41.7291150972892,42.32809761064742,729700
5056,2000-03-17,43.2265739440918,44.6741151038824,42.57767618280635,43.27648915649837,296400
5057,2000-03-20,43.07682800292969,43.875471395799764,42.32809982211399,43.22657363909283,427400
5058,2000-03-21,42.82722854614258,43.925362611428284,42.128415959142586,42.97697410049972,414800
5059,2000-03-22,43.126731872558594,43.92537505538375,41.928767098320854,43.02690147470545,786800
5060,2000-03-23,46.520973205566406,47.31961652240016,43.22656952362715,43.32639993823137,349500
5061,2000-03-24,48.31791687011719,50.71384663227176,46.72063036201414,46.82046076877058,522100
5062,2000-03-27,47.71891784667969,49.116543055578255,47.11993561429459,48.91688231144989,184800
5063,2000-03-28,45.8720817565918,47.31962296545051,45.672420900197494,47.02013168085906,309900
5064,2000-03-29,43.299072265625,45.546428957612456,43.149248486159166,45.446546437968564,344400
5065,2000-03-30,43.998268127441406,45.94597806724869,42.949501236775944,42.949501236775944,515900
5066,2000-03-31,45.546424865722656,45.94595490840443,44.7473647803591,44.99707105703521,218500
5067,2000-04-03,44.34783935546875,45.74619465046101,43.54877918690174,44.947134481894004,469400
5068,2000-04-04,44.14808654785156,44.84726438910713,41.551140280330884,44.34785164535315,467700
5069,2000-04-05,45.7462158203125,46.84492406053835,43.74856447444732,43.94832960903384,324200
5070,2000-04-06,45.7462158203125,47.793808449824304,45.54645068572598,46.145746089485534,185700
5071,2000-04-07,47.79379653930664,48.24326798011517,45.7462044200678,45.7462044200678,252200
5072,2000-04-10,46.74504852294922,48.742700169229096,46.395459484850235,47.793815637246155,320800
5073,2000-04-11,45.94596481323242,46.99473140136055,44.947139491205625,46.545260006448494,420700
5074,2000-04-12,42.99943923950195,46.34550477846436,42.350202642389846,45.84609201145505,301000
5075,2000-04-13,46.04584503173828,46.1457275589221,42.79966289826432,43.19919300699958,659800
5076,2000-04-14,39.75324630737305,45.54643295518118,39.60342251475732,45.54643295518118,373500
5077,2000-04-17,41.201541900634766,41.451248215184066,38.504713703502304,39.25383264715021,351600
5078,2000-04-18,44.9471549987793,45.146920132107205,41.800854148864744,41.9007367155287,268900
5079,2000-04-19,44.69743728637695,46.29555794913009,43.74855314286727,43.74855314286727,309400
5080,2000-04-20,44.39780044555664,44.74738942544291,44.14809403135216,44.74738942544291,136700
5081,2000-04-24,42.100486755371094,44.14807863789804,41.90072169366115,43.94831357618809,178500
5082,2000-04-25,48.34317398071289,48.74270434418985,42.3502185285584,42.3502185285584,346400
5083,2000-04-26,46.74504852294922,49.59170211889805,46.145753029065254,48.043522093031136,303900
5084,2000-04-27,48.143402099609375,48.143402099609375,44.94715963656477,46.345515714146785,283600
5085,2000-04-28,50.390750885009766,51.739165428017955,49.242101459484275,49.541749135708315,317700
5086,2000-05-01,53.68687057495117,53.986518224671826,50.74033535269804,50.94010045251181,349900
5087,2000-05-02,52.588165283203125,54.33610999821937,51.38957462147769,53.48710827949719,396700
5088,2000-05-03,50.091087341308594,52.3883854646388,48.94243827964349,52.3883854646388,154900
5089,2000-05-04,50.091087341308594,51.63926651137895,49.34196838804874,49.99120481420728,253100
5090,2000-05-05,50.44070053100586,51.08993727051386,49.84140507915233,50.091111517424636,121500
5091,2000-05-08,48.6428108215332,50.24093191628584,47.34433743204669,50.24093191628584,206300
5092,2000-05-09,45.546424865722656,49.2420777605291,45.146894823040874,48.64278269650643,193700
5093,2000-05-10,43.14925003051758,45.74619563420614,41.95065975189209,45.34666554133098,282400
5094,2000-05-11,45.496517181396484,46.195695271999725,42.54998094242569,43.94833712363217,301500
5095,2000-05-12,46.0958251953125,47.54412306168743,45.4965295264677,45.4965295264677,159100
5096,2000-05-15,45.94596481323242,45.94596481323242,43.498842774266784,45.7961410149284,144200
5097,2000-05-16,47.04469680786133,47.84375747551078,45.646340639474786,46.94481422440514,153200
5098,2000-05-17,46.84491729736328,47.5940364439096,45.84609176863485,46.44538708587191,73200
5099,2000-05-18,45.8460807800293,47.344318714017184,45.8460807800293,46.94478859828708,79000
5100,2000-05-19,44.69743728637695,45.44655634704249,44.29790712068866,45.34667380562041,131400
5101,2000-05-22,44.04820251464844,45.14691051388003,41.750903970800564,45.04702796849534,142100
5102,2000-05-23,42.400150299072266,44.94715579406954,42.35020901485663,44.04821267818815,113300
5103,2000-05-24,42.649845123291016,42.749727664563366,39.353721261303654,41.80084352247609,257400
5104,2000-05-25,41.60108184814453,45.09697107908105,41.45125802396154,43.249143914157465,168500
5105,2000-05-26,41.80086135864258,42.10050911031744,40.75209422778058,41.401331023076104,124400
5106,2000-05-30,43.998268127441406,44.347857090996555,42.050558187634124,42.100499468142004,90700
5107,2000-05-31,44.09813690185547,45.047020934851226,43.74854804759387,43.798489312488385,120000
5108,2000-06-01,45.496517181396484,46.145753979813776,44.49769133767757,44.49769133767757,126200
5109,2000-06-02,46.445404052734375,47.743877714423725,46.095814989971856,46.095814989971856,275700
5110,2000-06-05,48.04351043701172,48.04351043701172,45.8460941592274,46.64515462387624,265300
5111,2000-06-06,46.34552001953125,48.24328915826206,46.34552001953125,47.64399364076812,126900
5112,2000-06-07,45.995906829833984,46.74502583357721,44.84725769076104,45.346670359923195,140400
5113,2000-06-08,45.59638977050781,47.39427589508424,45.44656592679311,46.195685145366625,111100
5114,2000-06-09,45.24681091308594,46.095812883861285,44.54763281950625,45.945989006665634,119000
5115,2000-06-12,43.69861602783203,45.146913016183035,43.548792201450894,45.146913016183035,134900
5116,2000-06-13,44.99708938598633,45.14691321302069,43.34902728860836,43.74855749403333,98500
5117,2000-06-14,42.649845123291016,44.89720230191877,42.59990385265485,44.84726103128259,105600
5118,2000-06-15,42.35021209716797,43.04939012707404,41.30144505230886,42.150446945766234,292800
5119,2000-06-16,42.400150299072266,43.249152130738025,42.35020901485663,42.54997415171916,482000
5120,2000-06-19,42.74974060058594,43.349036029566115,42.35021031459915,42.59991674334089,137000
5121,2000-06-20,42.250328063964844,43.09932992813435,41.551150058178195,42.9495060697515,311700
5122,2000-06-21,42.35021209716797,42.94950755137317,41.6510340672619,42.549977248569704,456200
5123,2000-06-22,41.40132522583008,42.35020963993234,40.70214723649157,42.35020963993234,222600
5124,2000-06-23,39.95302200317383,41.051730108261104,39.80319817066192,41.00178883075714,213700
5125,2000-06-26,40.70213317871094,41.10166332034245,40.05289669855972,40.05289669855972,172900
5126,2000-06-27,40.25267791748047,41.55115139868951,38.75443928531618,40.65220821939094,334000
5127,2000-06-28,38.577640533447266,40.076771642259985,37.778103942080485,40.026800605299556,432000
5128,2000-06-29,37.278404235839844,39.02739102974654,37.128491082076415,38.777535773474156,318000
5129,2000-06-30,35.966636657714844,37.977969933814904,35.966636657714844,37.578201829248435,376600
5130,2000-07-03,37.828067779541016,37.92800983444073,35.97913976389634,36.079081818796055,126000
5131,2000-07-05,36.07909393310547,37.62819630419449,35.279557225446624,37.62819630419449,338600
5132,2000-07-06,36.32892608642578,36.57878114891839,35.029679761464195,36.17901304893021,180400
5133,2000-07-07,37.12849426269531,37.62820481804787,36.67875476287801,36.67875476287801,195000
5134,2000-07-10,36.72869873046875,37.77809012276786,35.92916243157419,35.92916243157419,215400
5135,2000-07-11,37.57822036743164,39.02738046138845,36.82865480159192,36.82865480159192,237300
5136,2000-07-12,39.27723693847656,40.62645500124866,38.47770030868569,38.57764238740955,453600
5137,2000-07-13,39.77695083618164,40.676429623934496,39.47712457359736,39.87689292370974,324300
5138,2000-07-14,39.92686462402344,40.27666193612377,39.27724104440854,40.27666193612377,258300
5139,2000-07-17,40.07676315307617,40.57647341683024,39.577052889322104,40.226676232202394,260400
5140,2000-07-18,39.02739715576172,40.276673633218884,39.02739715576172,40.276673633218884,220300
5141,2000-07-19,37.67816925048828,38.97741646602236,37.07851668947256,38.97741646602236,185200
5142,2000-07-20,38.277793884277344,38.67756196661967,37.27837367842154,37.4782577195927,219000
5143,2000-07-21,36.778690338134766,38.477705924407296,35.9291825449985,38.477705924407296,198500
5144,2000-07-24,34.529991149902344,36.92860124425157,34.08025175721186,36.57880393882564,421300
5145,2000-07-25,35.77927017211914,36.528835888015486,34.579965026684974,34.92976236076994,208800
5146,2000-07-26,36.32892608642578,36.878607223909526,34.230143561487836,36.3788970989243,305000
5147,2000-07-27,34.87979507446289,36.52883982726701,34.57996875577123,36.27898456169063,447800
5148,2000-07-28,32.980899810791016,35.52942388707941,32.980899810791016,34.87980010292747,322900
5149,2000-07-31,36.678733825683594,36.678733825683594,32.181341394741466,33.780414259076444,331500
5150,2000-08-01,35.47943878173828,36.32894647087849,34.43004693044743,36.17903334926552,307500
5151,2000-08-02,36.12906265258789,36.12906265258789,35.329525996375715,35.67932328346854,216200
5152,2000-08-03,35.97914505004883,37.428305059009126,33.380651240878635,35.57937677171495,466800
5153,2000-08-04,35.129661560058594,36.77870683954925,34.779864076530274,36.57882256324736,183900
5154,2000-08-07,35.76676940917969,36.12905942415217,35.17960972974153,35.27955180283739,271000
5155,2000-08-08,36.17902755737305,37.178448208129204,35.32952000423031,35.529404134381544,150500
5156,2000-08-09,37.328365325927734,38.47769919807812,36.678741832973174,36.678741832973174,182500
5157,2000-08-10,36.07909393310547,38.277819879167296,35.979151844648115,37.27839899459374,165400
5158,2000-08-11,37.87804412841797,38.577638611000886,36.179028956430884,36.478855163252135,178100
5159,2000-08-14,38.227848052978516,38.47770326901106,36.878629886402805,38.37776118259804,163400
5160,2000-08-15,38.77751541137695,39.07734156146492,37.37832671096645,38.0779210611717,185400
5161,2000-08-16,39.07735061645508,39.92685823855193,38.42772714073396,38.97740854326721,249500
5162,2000-08-17,42.675262451171875,42.72523348448706,38.67757978595671,39.12731908579342,324900
5163,2000-08-18,41.52595138549805,43.42485168952804,41.17615396107147,43.1749963863662,215100
5164,2000-08-21,41.07619094848633,42.32546682891474,40.37659645544642,42.175553723263334,155900
5165,2000-08-22,41.92571258544922,42.075625741297074,40.87632049451425,40.87632049451425,80400
5166,2000-08-23,41.67583465576172,42.72522617587082,41.22609543285781,41.825747730063014,138500
5167,2000-08-24,42.37545394897461,42.875164490825725,41.17614864853193,41.67585919038304,188600
5168,2000-08-25,42.225521087646484,42.77520242724898,40.92627428494967,42.375434180265344,180900
5169,2000-08-28,41.575904846191406,42.125586280455956,41.37602068827702,41.92570212254158,140700
5170,2000-08-29,41.07619094848633,41.97566958239479,40.42656749066355,41.77578544152624,185400
5171,2000-08-30,40.72639465332031,41.47596019908694,40.376597398629215,41.276076053549176,119700
5172,2000-08-31,41.276084899902344,41.276084899902344,39.926866628355896,39.926866628355896,172500
5173,2000-09-01,40.97623825073242,41.47594847330233,40.37658598364853,41.47594847330233,211700
5174,2000-09-05,40.126747131347656,40.97625485392911,39.17729732375662,40.97625485392911,249500
5175,2000-09-06,40.126747131347656,40.97625485392911,38.72755794121349,39.97683400383328,265300
5176,2000-09-07,40.426551818847656,40.77634892976476,39.52707353363226,40.126725723775856,166600
5177,2000-09-08,39.427146911621094,40.77636486677162,39.27723380549325,40.22668347763622,126200
5178,2000-09-11,39.22726821899414,39.87689176911761,38.37776049960191,38.627615711187865,117300
5179,2000-09-12,38.77751541137695,40.1267330867728,38.227834136215684,39.2272546365089,251200
5180,2000-09-13,40.47654342651367,41.17613800425588,38.17787552821783,38.37775969328703,281100
5181,2000-09-14,46.922794342041016,47.172649476982656,41.276068292359824,41.376010346336486,811000
5182,2000-09-15,43.22494888305664,46.123269154984136,42.775209530516165,46.123269154984136,888500
5183,2000-09-18,44.024478912353516,44.674102324227064,42.82517415197158,42.82517415197158,292400
5184,2000-09-19,44.22438430786133,44.37429747500662,42.97510791498389,44.02450008500094,282200
5185,2000-09-20,43.974517822265625,45.47364911166105,42.6752707047896,44.824025552923025,378500
5186,2000-09-21,42.775211334228516,44.77405298536069,42.5753271691153,43.97451632490782,212800
5187,2000-09-22,42.225521087646484,42.47537624201125,40.7763611923308,41.77578180978989,187100
5188,2000-09-25,41.82576370239258,44.07446067563949,41.17614013234347,42.67527144784141,157300
5189,2000-09-26,39.72697448730469,42.72523671276164,39.077351005122345,42.625294638579746,512600
5190,2000-09-27,38.700958251953125,40.300997869604934,38.25094710948856,39.750984251037124,261300
5191,2000-09-28,41.65100860595703,41.65100860595703,38.20092505996539,39.40095411944074,266900
5192,2000-09-29,40.500999450683594,41.60102659625772,40.050988345676004,41.60102659625772,136200
5193,2000-10-02,39.85097122192383,41.15100290544957,39.40096025454953,40.5009870636867,126400
5194,2000-10-03,39.25096893310547,40.65100349377675,39.15096646448609,40.050988682060485,123300
5195,2000-10-04,40.80099868774414,41.75102194150289,38.900952180226646,40.05098032951355,181600
5196,2000-10-05,40.00099182128906,40.601006698608394,39.70098438262939,40.601006698608394,274000
5197,2000-10-06,38.350929260253906,40.150972876119795,38.200925625598416,40.000969241464304,174600
5198,2000-10-09,37.65092468261719,38.25093941859515,36.25089029866861,38.25093941859515,234700
5199,2000-10-10,35.20087814331055,37.450934274630114,34.95087190649726,37.450934274630114,434700
5200,2000-10-11,31.900787353515625,33.700831780986725,31.200770076165753,33.40082437640821,780800
5201,2000-10-12,31.3007755279541,32.75081145496795,27.300676418950385,32.7008102161054,832300
5202,2000-10-13,33.300819396972656,33.60082677892736,30.40074803807714,31.25076895361548,410700
5203,2000-10-16,31.200754165649414,34.20082668157724,30.50073724526625,34.00082184718205,466300
5204,2000-10-17,29.100698471069336,31.60075847717495,27.80066726789442,31.250750076320163,468300
5205,2000-10-18,29.000715255737305,30.70075718452191,27.000665927755424,28.90071278933821,290300
5206,2000-10-19,32.10078430175781,32.65079773994992,30.20073787891233,30.20073787891233,289000
5207,2000-10-20,31.750778198242188,32.30079167884166,31.300767168660805,32.00078432578741,256800
5208,2000-10-23,30.250761032104492,32.500817637798214,29.75074845306144,32.500817637798214,248000
5209,2000-10-24,29.900741577148438,30.750762658773056,29.600734136575042,30.750762658773056,240200
5210,2000-10-25,29.75074577331543,31.30078462873186,29.2007319859096,30.80077209472656,415500
5211,2000-10-26,32.000770568847656,32.80078983306885,29.750716388225555,29.750716388225555,528000
5212,2000-10-27,32.750797271728516,33.6008179642772,32.050780230806076,32.80079848893726,445500
5213,2000-10-30,32.9508056640625,33.30081422195087,32.00078243550835,32.4007922159522,208700
5214,2000-10-31,34.35085678100586,35.80089294788966,33.150826849791684,33.150826849791684,388300
5215,2000-11-01,32.850807189941406,34.550848962328025,32.250792446746125,34.15083913353117,399600
5216,2000-11-02,34.40085220336914,34.600857158039894,33.40082743001539,33.40082743001539,253000
5217,2000-11-03,35.40085220336914,35.950865443816966,34.50083053718179,34.80083775924424,343800
5218,2000-11-06,35.15087127685547,36.35090102172678,35.000867558746556,35.40087747370366,250300
5219,2000-11-07,36.100887298583984,36.40089467225643,34.75085411705799,35.35086886440288,300000
5220,2000-11-08,35.85087203979492,36.350884202135155,35.6008659586248,35.700868391092854,294800
5221,2000-11-09,36.300899505615234,36.350900744603685,34.70085985798481,35.850888354719174,310200
5222,2000-11-10,33.800838470458984,35.90089056477744,33.500831028413494,35.90089056477744,225600
5223,2000-11-13,34.15084457397461,34.40085075680019,31.35077532632808,32.0007914016746,332700
5224,2000-11-14,35.250858306884766,35.600866829080786,34.50084004503615,34.50084004503615,200400
5225,2000-11-15,36.450889587402344,37.15090667138538,34.700846877444754,36.00087860484182,329900
5226,2000-11-16,34.80085754394531,36.15089081073629,34.45084891922173,36.15089081073629,145900
5227,2000-11-17,35.050872802734375,36.050897704381576,35.00087155765201,35.20087653798146,187800
5228,2000-11-20,34.80085754394531,35.45087356128912,33.70083043767118,34.85085877604868,168000
5229,2000-11-21,33.800838470458984,35.30087568068645,33.650834749436235,34.8008632772773,147800
5230,2000-11-22,33.00081253051758,34.30084453929555,32.25079406391491,33.800832228227094,237500
5231,2000-11-24,34.650856018066406,34.650856018066406,33.40082513718378,33.40082513718378,95300
5232,2000-11-27,33.800838470458984,35.80088808409561,33.500831028413494,35.30087568068645,130000
5233,2000-11-28,32.10078430175781,35.30086248760283,32.00078185845015,35.30086248760283,323500
5234,2000-11-29,30.950748443603516,33.00079801741247,30.200730306844143,31.900771416832058,246500
5235,2000-11-30,28.850719451904297,30.45075935218322,27.800693267346254,30.45075935218322,659200
5236,2000-12-01,29.900741577148438,31.400778780015415,29.600734136575042,29.600734136575042,260300
5237,2000-12-04,29.95073699951172,31.0507640679412,29.600728386829612,30.100740690661194,178300
5238,2000-12-05,32.9508056640625,33.30081422195087,30.800753094176784,30.800753094176784,179000
5239,2000-12-06,31.950780868530273,33.1008089749093,31.400767426349002,32.50079431071155,193100
5240,2000-12-07,31.25076675415039,31.600775341796876,30.4007458984375,31.450771661376955,124200
5241,2000-12-08,33.35081100463867,33.45081343643669,31.400763584577337,31.70077087997139,155000
5242,2000-12-11,33.800838470458984,34.350852114209054,33.100821105686165,33.8508397107999,237900
5243,2000-12-12,32.40079879760742,33.950837011690496,32.40079879760742,33.65082961541635,128100
5244,2000-12-13,31.25076675415039,33.00080969238281,31.050761846923827,32.60079987792969,99900
5245,2000-12-14,30.550745010375977,31.65077183562683,30.10073403640972,31.65077183562683,113700
5246,2000-12-15,29.300718307495117,30.050736694205742,27.400671727828197,30.000735468425034,378700
5247,2000-12-18,27.550670623779297,29.90072782762254,27.30066453826406,29.300713222385966,291700
5248,2000-12-19,27.700679779052734,29.80073131464879,27.250668735710722,27.250668735710722,189100
5249,2000-12-20,25.900638580322266,27.000665701494253,25.200621321394635,26.600655839249892,281800
5250,2000-12-21,26.450647354125977,27.700677947421156,25.600626550685256,25.900633893076098,255600
5251,2000-12-22,27.650671005249023,28.35068799272368,26.55064431064599,26.85065159099227,351300
5252,2000-12-26,26.500646591186523,28.600697830488098,26.000634391352815,28.600697830488098,401100
5253,2000-12-27,27.425518035888672,27.87593712771896,26.074260760397806,26.424586720710252,556600
5254,2000-12-28,29.077062606811523,29.62757497974599,28.12617759901562,28.826829710023127,463200
5255,2000-12-29,29.177148818969727,30.27817330270443,28.826822846872318,29.827754195722054,331000
5256,2001-01-02,28.876869201660156,30.178079945582454,28.47649666506868,29.3773348723995,263200
5257,2001-01-03,32.78048324584961,33.58122787475586,28.376387786865234,28.77676010131836,407900
5258,2001-01-04,31.729520797729492,33.98161612248947,31.629427672184605,32.78049861595082,244600
5259,2001-01-05,30.678537368774414,31.529328780306496,30.12802527895954,31.429235673067428,266900
5260,2001-01-08,31.429241180419922,31.729520554755144,30.57844961980346,30.67854274458187,242400
5261,2001-01-09,31.279098510742188,32.33007622070313,30.978819165039063,31.47928474121094,341900
5262,2001-01-10,32.880584716796875,33.180864029279036,30.878722633582452,30.878722633582452,227800
5263,2001-01-11,34.281883239746094,34.63220905387489,32.07983526522226,32.88057998323092,198600
5264,2001-01-12,33.98161315917969,34.832404652119386,33.13082166623999,34.832404652119386,164100
5265,2001-01-16,35.78327941894531,35.88337250822907,33.43109182077688,34.78234852610768,339400
5266,2001-01-17,35.93342590332031,36.68412421606377,35.33286725312554,35.98347245750321,301600
5267,2001-01-18,36.93434524536133,36.93434524536133,36.033507556450076,36.43387986263286,547300
5268,2001-01-19,36.433902740478516,38.335672389019976,36.433902740478516,38.335672389019976,194300
5269,2001-01-22,36.834266662597656,37.43482535818349,36.28375452497731,36.48394075683925,277700
5270,2001-01-23,36.13361740112305,36.83426926208665,34.83240680219063,36.83426926208665,689400
5271,2001-01-24,36.58402633666992,36.9343521702632,35.23276954995298,35.23276954995298,515100
5272,2001-01-25,36.18365478515625,36.88430646840962,35.683189297118126,35.683189297118126,156000
5273,2001-01-26,34.982540130615234,35.78328496908425,34.53212115897641,35.73323841667994,167100
5274,2001-01-29,35.10466003417969,35.99348745043195,34.832406618882594,35.18473331031426,247700
5275,2001-01-30,35.03257751464844,35.07261413517408,33.711347655113784,33.711347655113784,383400
5276,2001-01-31,36.00148391723633,37.03444539764741,35.32885819215456,35.32885819215456,259600
5277,2001-02-01,35.47301483154297,36.23372344856561,35.07264219675219,35.80132026988738,172500
5278,2001-02-02,34.0797004699707,35.47299473929063,34.0797004699707,35.47299473929063,133300
5279,2001-02-05,33.43107986450195,33.671302581950115,32.9666466301176,33.63126597147502,161600
5280,2001-02-06,33.02272033691406,33.55121183779769,32.67039063325877,32.830540220865785,135700
5281,2001-02-07,32.550296783447266,33.230929048135,32.037817239490856,33.03074272856792,102200
5282,2001-02-08,32.49424743652344,33.030745349322096,31.781581516454988,32.02981367206991,119800
5283,2001-02-09,31.28510093688965,32.49422736678178,31.068899461585776,32.49422736678178,114100
5284,2001-02-12,33.711334228515625,33.711334228515625,30.828655934409678,30.868692538989485,232200
5285,2001-02-13,32.02979278564453,35.43295826911926,32.02979278564453,33.230910015106204,196700
5286,2001-02-14,33.69533920288086,34.11172376823397,32.229974902592865,32.229974902592865,296100
5287,2001-02-15,33.495155334472656,34.83239763972115,33.415079024380624,34.031652866394225,152000
5288,2001-02-16,31.997753143310547,32.91060148888695,31.62941136432326,32.83052825157604,243500
5289,2001-02-20,30.908750534057617,32.822533325221364,30.844692533317833,32.75046616526458,121900
5290,2001-02-21,30.099998474121094,31.148975307776187,29.38733605960545,30.50837699600564,262900
5291,2001-02-22,29.563514709472656,30.260165312708434,28.666680837871336,30.260165312708434,167100
5292,2001-02-23,29.41934585571289,29.507425159646907,28.034055579065914,29.307239091929908,279900
5293,2001-02-26,29.7636775970459,30.340214730706332,28.586585021953805,30.02792480150642,193300
5294,2001-02-27,28.506515502929688,30.164057101827833,28.506515502929684,30.164057101827833,137800
5295,2001-02-28,27.385473251342773,28.57858131369801,27.305396937178596,28.50651415824978,216100
5296,2001-03-01,28.426454544067383,28.690701925755697,26.4245915480063,26.4245915480063,242500
5297,2001-03-02,29.227182388305664,30.308186542472008,27.785842497884303,28.226251484596567,267200
5298,2001-03-05,30.428298950195312,30.980811699898606,29.227181886371813,29.42736806367573,154900
5299,2001-03-06,30.348230361938477,31.02886224746252,29.96387015443881,31.02886224746252,138100
5300,2001-03-07,19.418062210083008,24.022345002164545,19.418062210083008,24.022345002164545,3751300
5301,2001-03-08,19.906518936157227,20.619181416777916,18.617319143304332,19.930540305967096,1688400
5302,2001-03-09,18.26498794555664,20.290872782284804,18.21694368655463,20.178769002180296,611900
5303,2001-03-12,18.58528709411621,20.258843940078282,18.136870409168832,18.26498946201094,427200
5304,2001-03-13,18.6573543548584,19.698323574049816,18.417131511283237,19.61824878375823,353400
5305,2001-03-14,18.02475929260254,18.953622811769975,17.376156660337113,18.497198680646196,296300
5306,2001-03-15,18.70539665222168,19.145805625630608,18.417128071925333,18.61731424662017,335500
5307,2001-03-16,17.81656837463379,18.737424412132548,17.624389842857465,18.713403050222514,312700
5308,2001-03-19,18.56126594543457,18.57728120905383,17.936684409979794,18.016759200776498,236600
5309,2001-03-20,17.69645118713379,18.417120827081586,17.456226955618718,18.417120827081586,249700
5310,2001-03-21,17.095890045166016,17.608365876496652,16.695517920114348,17.416187439747663,196700
5311,2001-03-22,16.022912979125977,17.400194288811175,15.806711390440976,17.216023243916716,580400
5312,2001-03-23,18.417133331298828,19.12979582799143,16.69553204274606,16.815643476403277,550300
5313,2001-03-26,18.33705711364746,19.217876771116913,18.016759472922104,18.016759472922104,377600
5314,2001-03-27,18.449167251586914,18.977658878630287,18.09683899112466,18.977658878630287,186000
5315,2001-03-28,16.677204132080078,18.28078151129126,16.677204132080078,18.28078151129126,264500
5316,2001-03-29,16.019739151000977,17.038011249156824,15.79523927564049,16.877652884507302,411700
5317,2001-03-30,16.637121200561523,16.717300403771848,15.915511430250811,16.22019056730072,298100
5318,2001-04-02,16.05982208251953,16.877645082147033,15.835320781652964,16.436662077158772,192200
5319,2001-04-03,15.23398208618164,16.115949775976524,14.512372714273194,15.298125107478164,366900
5320,2001-04-04,14.656697273254395,15.378306762278067,14.560481961049001,15.24200262873989,304200
5321,2001-04-05,16.42063331604004,16.436669458150924,15.674969530081317,15.835327892608818,231600
5322,2001-04-06,14.752912521362305,16.220185855506625,14.432197330976514,16.220185855506625,315100
5323,2001-04-09,15.514616012573242,15.795242442325515,15.03354235146806,15.354257615774511,102500
5324,2001-04-10,15.771186828613281,16.188117399967933,15.314167426251435,15.634882662181601,352100
5325,2001-04-11,16.564950942993164,17.39881175004135,16.276306582201062,16.276306582201062,355100
5326,2001-04-12,17.310617446899414,17.43890351130601,15.987666451899821,16.76540090852612,147600
5327,2001-04-16,16.717300415039062,17.839804672866844,16.621085065263603,17.615303209584848,165600
5328,2001-04-17,16.436674118041992,17.118195058062934,16.436674118041992,16.516853322037008,171900
5329,2001-04-18,18.441144943237305,19.363201884540974,17.382783825964157,17.43890880501789,339300
5330,2001-04-19,19.20284652709961,19.234917290808333,18.280787984138932,18.280787984138932,375900
5331,2001-04-20,18.529338836669922,19.138698481195004,18.441141583203315,19.04248315656864,335700
5332,2001-04-23,18.473215103149414,18.665644235979205,18.152498352475625,18.601501191702607,157100
5333,2001-04-24,17.679441452026367,18.842035759544313,17.639352625956377,18.441141381681668,131900
5334,2001-04-25,18.481239318847656,18.84204504851451,17.639361322013585,17.639361322013585,124300
5335,2001-04-26,18.80194854736328,18.962305394698358,18.465197179881553,18.465197179881553,205700
5336,2001-04-27,18.922212600708008,19.379231890261547,18.80996114887187,18.842033429193766,173900
5337,2001-04-30,19.242929458618164,19.892377899645147,18.994375381312388,19.018428064389656,147100
5338,2001-05-01,19.740036010742188,19.740036010742188,19.250944475224212,19.64382070582588,95600
5339,2001-05-02,20.686153411865234,20.822457588696132,19.724007630668588,19.844275662156797,373400
5340,2001-05-03,20.285249710083008,20.686143985217377,20.285249710083008,20.686143985217377,167100
5341,2001-05-04,20.14093017578125,20.285250838252203,19.884356540821997,20.285250838252203,182000
5342,2001-05-07,20.124897003173828,20.405523358596113,19.643823469491426,19.643823469491426,131500
5343,2001-05-08,20.44561767578125,20.565885709192347,19.84427597943474,20.325349642370153,109900
5344,2001-05-09,19.868316650390625,20.4937106094126,19.72399449698864,20.365424590675275,158900
5345,2001-05-10,19.84427833557129,20.285261686867507,19.772117201098645,20.004636752019657,90400
5346,2001-05-11,19.89238166809082,19.96454278957421,19.715988665181932,19.85229283584046,152300
5347,2001-05-14,19.258960723876953,19.972552021248205,19.24292458635866,19.972552021248205,218000
5348,2001-05-15,19.16274642944336,19.52355189600826,18.842031308769183,18.842031308769183,93300
5349,2001-05-16,19.146713256835938,19.146713256835938,18.64158705469338,19.00239257714561,242800
5350,2001-05-17,19.948509216308594,20.02067034709351,18.44114660174935,18.44114660174935,314700
5351,2001-05-18,20.03669548034668,20.20507186939159,19.723998438350783,19.804177598405964,113000
5352,2001-05-21,21.632266998291016,21.632266998291016,19.972564001828076,20.036707061087327,143200
5353,2001-05-22,22.9071102142334,23.219807417509145,21.311550376283478,21.632265652629254,237900
5354,2001-05-23,21.095054626464844,21.53603921108822,20.56587434834893,21.528021142717957,276500
5355,2001-05-24,19.820219039916992,20.92668846569028,19.162752453528338,20.76633009029708,365800
5356,2001-05-25,19.619768142700195,19.804180698481478,19.162748846922863,19.619768142700195,127900
5357,2001-05-29,18.521324157714844,19.275006162571955,18.521324157714844,19.122665841216683,126700
5358,2001-05-30,17.31865692138672,18.040267307841916,17.03803023518403,17.67946134996811,365200
5359,2001-05-31,18.04024314880371,18.24069029490153,17.158275400115237,17.238454564412436,175100
5360,2001-06-01,17.879894256591797,18.16052071509164,17.559178959431048,17.960073463204775,141900
5361,2001-06-04,18.024215698242188,18.160519884462598,17.799715765143464,17.879893438798096,190500
5362,2001-06-05,18.521324157714844,18.882128250241358,17.823767131964676,17.823767131964676,260300
5363,2001-06-06,18.769872665405273,18.962301762926703,18.761854595180566,18.801944946304108,122700
5364,2001-06-07,19.13068962097168,19.24293961267234,18.601508903966508,18.769883891517498,133500
5365,2001-06-08,19.667879104614258,20.020665062790762,19.082572139480472,19.082572139480472,166700
5366,2001-06-11,18.769872665405273,19.563643266165123,18.769872665405273,19.242928103629403,239300
5367,2001-06-12,18.57744598388672,18.76987510643362,17.86385446328062,18.76987510643362,202100
5368,2001-06-13,19.16274642944336,19.4193185259827,18.473209302316462,18.68167298378693,168600
5369,2001-06-14,16.196136474609375,17.639355890279493,15.795242022557568,17.639355890279493,1254900
5370,2001-06-15,16.027761459350586,16.148029499987103,15.63488504431604,16.027761459350586,218200
5371,2001-06-18,15.20191764831543,16.196137284921992,14.833095468034806,16.196137284921992,721100
5372,2001-06-19,15.23398208618164,15.57073333031095,14.833087820755809,15.394340404068078,145600
5373,2001-06-20,15.113719940185547,15.402362882674023,14.913272730181205,15.242006032245058,145600
5374,2001-06-21,15.129753112792969,15.642897380258324,14.993448975586166,15.434432139277886,140800
5375,2001-06-22,15.121740341186523,15.546687513100947,15.113722268036486,15.338222199073213,71700
5376,2001-06-25,15.073634147644043,15.474528689116399,14.921295322974293,14.921295322974293,129600
5377,2001-06-26,15.514616012573242,15.674972880080961,14.91327431851452,14.91327431851452,123800
5378,2001-06-27,15.900059700012207,16.052636465212064,15.498543025449631,15.739453949185913,100400
5379,2001-06-28,16.140975952148438,16.22127961990342,15.49854814177366,15.900064948883497,276000
5380,2001-06-29,16.46219253540039,16.84764838326373,16.060675644293063,16.277495133090714,286200
5381,2001-07-02,16.743255615234375,16.86371038306604,16.46219346918351,16.86371038306604,90300
5382,2001-07-03,16.34174346923828,16.622805697292193,16.261439756699176,16.48628984547549,82800
5383,2001-07-05,16.20522689819336,16.38189383260574,15.659163515162193,16.140984237346508,86200
5384,2001-07-06,14.880218505859375,16.060677770598772,14.856126937803865,16.060677770598772,161600
5385,2001-07-09,15.418248176574707,15.602945566251027,15.137186065691234,15.458399250272938,141900
5386,2001-07-10,15.26567554473877,15.418252423819705,15.097037619088113,15.386130330680265,143200
5387,2001-07-11,15.016722679138184,15.482481911911929,14.976570096860204,15.257632046148451,87900
5388,2001-07-12,16.622798919677734,16.783404747606205,15.578854145648842,15.578854145648842,445400
5389,2001-07-13,16.470226287841797,16.78340903420689,16.13295197188489,16.462195764644527,137600
5390,2001-07-16,16.542497634887695,16.863710868914875,16.30961708292704,16.47022446577339,138800
5391,2001-07-17,16.582653045654297,16.823564182842528,15.81977160705636,16.550532479695416,114800
5392,2001-07-18,16.301584243774414,16.582646357977136,16.060674735409393,16.060674735409393,308600
5393,2001-07-19,16.630828857421875,16.944013073320452,16.197191412457865,16.86370938894478,158100
5394,2001-07-20,16.622798919677734,16.86370842740309,16.55052576102707,16.638858430304875,175800
5395,2001-07-23,16.944011688232422,17.265224867812154,16.783404332609926,16.82355693734818,503700
5396,2001-07-24,16.77538299560547,16.952051489843168,16.622807609066125,16.94402096449908,169900
5397,2001-07-25,16.703102111816406,16.839617916504274,16.462192589033297,16.7593157633535,526000
5398,2001-07-26,17.329486846923828,17.546306559529064,16.66296818095241,16.86372683373497,250500
5399,2001-07-27,17.474010467529297,17.74704200074577,17.34552522032919,17.58643467591315,112500
5400,2001-07-30,17.30537986755371,17.747049429899754,16.86371183687327,17.666745733867238,108000
5401,2001-07-31,17.70689582824707,17.907654291295973,17.144773050709453,17.305378902149265,167100
5402,2001-08-01,18.1485595703125,18.453711662765382,17.827346438344986,17.827346438344986,235000
5403,2001-08-02,18.903413772583008,19.152353787284675,18.670533267594358,18.670533267594358,326300
5404,2001-08-03,18.87932014465332,19.272806425371517,18.550076490753092,18.887350664463696,136800
5405,2001-08-06,18.12447166442871,19.112202818702272,18.12447166442871,19.080082264863428,69400
5406,2001-08-07,17.666744232177734,18.13250379157762,17.34553100701669,18.13250379157762,123100
5407,2001-08-08,17.265226364135742,18.196745431481464,17.184922679364824,17.666743256324946,219600
5408,2001-08-09,17.698869705200195,17.706898697157367,17.265230619555965,17.265230619555965,73200
5409,2001-08-10,17.626596450805664,17.89962812618482,17.10462313915002,17.89962812618482,203100
5410,2001-08-13,17.698869705200195,18.14856830642454,17.634625516216662,17.634625516216662,70100
5411,2001-08-14,17.78719711303711,18.132501867824967,17.747046038526324,17.899622878664864,113000
5412,2001-08-15,17.674758911132812,18.244911683267368,17.50612116179424,17.787183056249123,79400
5413,2001-08-16,17.8112850189209,17.95583130813941,17.265221940390973,17.506131401311823,94900
5414,2001-08-17,16.9921932220459,17.66674166260589,16.86370795066926,17.66674166260589,154200
5415,2001-08-20,16.815526962280273,16.968102270242888,16.582646442234218,16.86370855786503,111100
5416,2001-08-21,16.46219253540039,16.84764838326373,16.381888850845847,16.815527828441144,133200
5417,2001-08-22,16.06067657470703,16.462193489074707,15.699310739109933,16.462193489074707,260900
5418,2001-08-23,16.05265235900879,16.381896235602646,15.988409688738429,16.261441420303978,137200
5419,2001-08-24,16.07673454284668,16.084765063397374,15.980369827903528,16.060673501745292,172400
5420,2001-08-27,16.19719886779785,16.831595049871876,15.988409804984629,16.140986722360847,295000
5421,2001-08-28,16.550525665283203,16.903859403681,16.14097827918707,16.46219146485111,72900
5422,2001-08-29,16.430065155029297,16.74324927071534,16.349763028014056,16.349763028014056,99200
5423,2001-08-30,15.932184219360352,16.261427820602325,15.594910099592378,16.10082051341194,155300
5424,2001-08-31,16.470226287841797,16.470226287841797,15.6511313017085,15.731435002015512,60000
5425,2001-09-04,15.779618263244629,16.381893781167445,15.659163465993235,16.381893781167445,257100
5426,2001-09-05,14.94446086883545,15.980373768689947,14.896277733649242,15.747494741952186,137400
5427,2001-09-06,13.812176704406738,14.743695434572349,13.65959991173647,14.743695434572349,281500
5428,2001-09-07,13.7720308303833,14.053092996649406,13.410666500897381,13.731879748773393,208800
5429,2001-09-10,13.555206298828125,14.05308779758962,13.410661539508673,13.772025735304826,124400
5430,2001-09-17,12.535351753234863,13.57126486272492,12.455048868538675,13.049293431786412,178300
5431,2001-09-18,12.117778778076172,12.840508809051848,11.652019288632715,12.647780902902683,109800
5432,2001-09-19,11.876870155334473,12.447024197599772,11.643990378399787,12.20611389867323,341600
5433,2001-09-20,11.314748764038086,12.08566140615789,11.001565239921865,12.045509554476395,136200
5434,2001-09-21,11.089895248413086,11.643988140186668,10.832923954897984,11.242471307766436,203800
5435,2001-09-24,12.093698501586914,12.447033303560037,11.202329820037376,11.362936548206976,322500
5436,2001-09-25,12.021413803100586,12.173989857707195,11.643987777934422,12.173989857707195,155800
5437,2001-09-26,11.957049369812012,12.101886017543759,11.747841816541664,12.101886017543759,90100
5438,2001-09-27,11.602998733520508,11.87657857533754,11.023653231282703,11.87657857533754,164100
5439,2001-09-28,11.884626388549805,12.069694671846941,11.602999872591834,11.602999872591834,375100
5440,2001-10-01,11.28114128112793,11.868532700688577,11.1845830516668,11.804161059294822,114600
5441,2001-10-02,11.450112342834473,11.731738753008866,10.959278553464774,11.361601558073776,158700
5442,2001-10-03,11.868539810180664,12.06970150187864,11.144358027016327,11.305287226900518,196000
5443,2001-10-04,12.31108570098877,12.391549851988234,11.828297725510648,11.908762643880445,292100
5444,2001-10-05,12.63294506072998,12.673177523803437,11.908763794889376,12.190389501662763,105100
5445,2001-10-08,12.512250900268555,13.0352714883704,12.472018429280634,12.640994193533452,65200
5446,2001-10-09,12.134062767028809,12.592710784878703,12.069691142326027,12.431781723121748,141000
5447,2001-10-10,12.874344825744629,12.986994851852614,12.06969827413559,12.06969827413559,87800
5448,2001-10-11,13.662901878356934,14.274433611848002,13.035278375761253,13.035278375761253,129500
5449,2001-10-12,13.276668548583984,14.008896812423535,13.172065168639,13.670945187979008,155400
5450,2001-10-15,13.968659400939941,13.968659400939941,13.276663134336228,13.276663134336228,141400
5451,2001-10-16,14.274429321289062,14.33880098258467,13.67094442111468,13.767502680428827,73900
5452,2001-10-17,14.081308364868164,14.483631461007255,13.839915121081036,14.346841546930332,169700
5453,2001-10-18,13.654847145080566,13.960613598235195,13.654847145080566,13.670940439402603,107000
5454,2001-10-19,13.703125,13.960611532080806,13.614613429069426,13.856006669209984,74500
5455,2001-10-22,13.815780639648438,13.880152299066044,13.558294001978014,13.71117726862286,103000
5456,2001-10-23,13.767495155334473,14.033028304885336,13.518053761255914,13.81577349123264,113700
5457,2001-10-24,13.856009483337402,14.121542715317595,13.654847897451162,13.880149426150549,99100
5458,2001-10-25,14.387072563171387,14.395119208883036,13.654844685559361,13.678984622694314,105800
5459,2001-10-26,14.06521224975586,14.306606979835179,13.759447433343995,14.306606979835179,88800
5460,2001-10-29,13.566343307495117,14.26638504888487,13.566343307495117,14.26638504888487,73700
5461,2001-10-30,13.035269737243652,13.574382780895183,13.035269737243652,13.566336134304454,68500
5462,2001-10-31,12.995040893554688,13.397364150536205,12.954809181753108,13.196202522045446,306800
5463,2001-11-01,13.341038703918457,13.341038703918457,12.874343802468625,13.11573713486836,170700
5464,2001-11-02,13.26056957244873,13.518056121856915,13.131826297744638,13.39735949366444,277600
5465,2001-11-05,12.351323127746582,13.397362883038202,12.230625701648645,13.397362883038202,582900
5466,2001-11-06,12.391551971435547,12.472016903568043,12.16625123578321,12.431784437501795,190600
5467,2001-11-07,12.174299240112305,12.472018294410542,12.166252592527623,12.472018294410542,157300
5468,2001-11-08,12.463973999023438,12.632949793338046,12.230626546624283,12.230626546624283,462100
5469,2001-11-09,12.512250900268555,12.753644958825516,12.407646782648184,12.504204252596859,82900
5470,2001-11-12,12.367409706115723,12.472013784782199,12.142109026802688,12.270852272124422,79900
5471,2001-11-13,12.753646850585938,12.753646850585938,12.391555325355839,12.632949419719015,213100
5472,2001-11-14,13.534153938293457,13.75945551169683,12.85020487099446,12.85020487099446,159200
5473,2001-11-15,13.035269737243652,13.357127927168243,12.874339874910902,13.075501435456385,146100
5474,2001-11-16,13.276668548583984,13.300808498452005,12.962856874007478,13.035275188869988,86200
5475,2001-11-19,13.542196273803711,13.638754498716763,13.276663073718968,13.308849660270292,136200
5476,2001-11-20,13.155977249145508,13.719229163745947,13.155977249145508,13.357138976090416,319300
5477,2001-11-21,12.63294506072998,13.115732315500248,12.488109267984104,13.115732315500248,99900
5478,2001-11-23,12.608806610107422,12.858246514145286,12.431784222894116,12.75364317849744,68800
5479,2001-11-26,12.673179626464844,12.713412096213442,12.39155310559519,12.528343042318104,310300
5480,2001-11-27,12.520299911499023,12.793879077647416,12.359369997167295,12.673182409269323,125500
5481,2001-11-28,12.15015697479248,12.52834010664919,11.981181255339566,12.52834010664919,204400
5482,2001-11-29,12.472020149230957,12.472020149230957,11.876581952081793,12.230626057384614,234600
5483,2001-11-30,12.069696426391602,12.391554690813791,11.981185595518157,12.391554690813791,175500
5484,2001-12-03,11.659321784973145,11.868529954785702,11.434021092220563,11.868529954785702,169700
5485,2001-12-04,12.230626106262207,12.230626106262207,11.586908781223002,11.667373734616904,224100
5486,2001-12-05,12.63294506072998,12.68122416989221,12.254761135632132,12.311086890883136,346500
5487,2001-12-06,12.391551971435547,12.63294600046257,12.150158709778989,12.63294600046257,276000
5488,2001-12-07,12.391551971435547,12.472016903568043,12.174297882470553,12.472016903568043,99000
5489,2001-12-10,12.109928131103516,12.463972199450954,11.989230714093496,12.391553902719059,128400
5490,2001-12-11,12.399600982666016,12.592715935765524,12.15016102675514,12.351322628076446,1359800
5491,2001-12-12,13.035269737243652,13.678986117092833,12.472016753819936,12.472016753819936,367100
5492,2001-12-13,12.077739715576172,12.954804201395673,11.868531518205012,12.954804201395673,281000
5493,2001-12-14,12.198434829711914,12.472014628206667,11.667368523161075,12.270853101945269,365000
5494,2001-12-17,12.63294506072998,12.63294506072998,11.989227953665884,12.069692879812798,243600
5495,2001-12-18,12.472020149230957,12.914575089016815,12.190393580848445,12.914575089016815,269000
5496,2001-12-19,12.472020149230957,12.874343379851311,12.15016187168294,12.472020149230957,429800
5497,2001-12-20,11.651278495788574,12.6329472337348,11.506442678129355,12.6329472337348,288400
5498,2001-12-21,12.190389633178711,12.27085456019372,11.58690498267738,11.58690498267738,817200
5499,2001-12-24,12.431785583496094,12.552482992821039,12.069694890262332,12.391553113721113,148400
5500,2001-12-26,12.63294506072998,12.874339071800318,12.23062196473622,12.23062196473622,174700
5501,2001-12-27,12.802244186401367,12.907048543916408,12.616820855770293,12.616820855770293,297900
5502,2001-12-28,12.697441101074219,12.979606766411703,12.616822119880771,12.979606766411703,225100
5503,2001-12-31,12.818370819091797,13.10053652878615,12.673257706507012,12.673257706507012,162900
5504,2002-01-02,12.673255920410156,12.979606977553308,12.495894620203154,12.826431064561934,108800
5505,2002-01-03,13.648741722106934,13.697112495842926,12.769998054560686,12.810307545233737,283000
5506,2002-01-04,13.955096244812012,14.148580936205358,13.543940698971289,13.7857977164727,159000
5507,2002-01-07,13.624556541442871,14.188887913572874,13.624556541442871,14.188887913572874,176900
5508,2002-01-08,13.261772155761719,13.705174236579397,13.10859624844979,13.600370639584376,274800
5509,2002-01-09,13.229524612426758,13.906721614037714,12.979607147304376,13.463319510980662,308600
5510,2002-01-10,12.99573040008545,13.584246327454364,12.84255449512672,13.584246327454364,152900
5511,2002-01-11,12.979610443115234,13.503631662792143,12.898991439085032,13.382703925586641,127500
5512,2002-01-14,12.890929222106934,12.987672333257272,12.616825534473826,12.898991276176094,176200
5513,2002-01-15,12.866743087768555,13.140845990776818,12.576516077550528,12.81837153497901,142700
5514,2002-01-16,12.512017250061035,12.69743981160017,12.503955198992506,12.665192376165558,77700
5515,2002-01-17,12.802244186401367,12.81836751972087,12.512017267094759,12.576512138051783,79200
5516,2002-01-18,12.512017250061035,12.81030622004106,12.495893147923976,12.81030622004106,100600
5517,2002-01-22,12.052489280700684,12.624881786268487,12.020241848084446,12.536201538783692,196100
5518,2002-01-23,12.157296180725098,12.49589467868701,12.060553862570208,12.092801301955172,101700
5519,2002-01-24,12.536203384399414,12.552326718661536,12.229852345023556,12.229852345023556,127000
5520,2002-01-25,12.536203384399414,12.850615706486556,12.334656708665788,12.536203384399414,103900
5521,2002-01-28,12.374968528747559,12.939298404501367,12.254040039223431,12.874804286464075,129900
5522,2002-01-29,12.092803955078125,12.93929961686178,11.754205382828756,12.93929961686178,132200
5523,2002-01-30,12.173417091369629,12.326592196055685,11.488158223154478,11.488158223154478,190300
5524,2002-01-31,12.173417091369629,12.3346542459969,11.931560975009022,12.22178785333811,1203900
5525,2002-02-01,12.455586433410645,12.76999957550035,12.173421502771895,12.237916387994447,208700
5526,2002-02-04,12.068613052368164,13.060222923749468,11.931561275276119,13.060222923749468,168400
5527,2002-02-05,11.762263298034668,12.076675598181495,11.69776842780765,11.987995343829224,76400
5528,2002-02-06,11.40754508972168,12.044432752525225,11.27855530011688,12.012185305124026,136400
5529,2002-02-07,11.496221542358398,11.496221542358398,11.27048873211835,11.40754052089285,108300
5530,2002-02-08,11.7703275680542,11.7703275680542,11.093130534160718,11.576842152056315,188000
5531,2002-02-11,11.294682502746582,11.891260827538792,11.262435046510246,11.770333058862533,217600
5532,2002-02-12,11.270490646362305,11.294676802964178,11.117315498748516,11.294676802964178,135700
5533,2002-02-13,11.689711570739746,11.689711570739746,11.214061114846995,11.286618068300445,219900
5534,2002-02-14,11.810635566711426,12.133110727653335,11.447851683386427,12.036368410022641,306300
5535,2002-02-15,12.092803955078125,12.092803955078125,11.746143329003827,11.810638221923728,157100
5536,2002-02-19,11.528475761413574,11.97187882316793,11.326928985056135,11.89125980508898,142500
5537,2002-02-20,11.528475761413574,11.738084593346898,11.294681531592541,11.528475761413574,137900
5538,2002-02-21,10.722282409667969,11.488159559892933,10.714220358788673,11.447850074335937,155500
5539,2002-02-22,11.133440017700195,11.326924664681837,10.399809385758763,10.730346618735288,150700
5540,2002-02-25,11.286616325378418,11.367235320952725,10.867398778535582,10.923832382973485,104900
5541,2002-02-26,11.1092529296875,11.286614225651391,10.883520860449554,11.125377033338571,145400
5542,2002-02-27,10.802901268005371,11.246304098381312,10.681973572829904,11.028634093297562,171400
5543,2002-02-28,11.205992698669434,11.205992698669434,10.722281231647672,11.004446061867181,88900
5544,2002-03-01,11.21406364440918,11.286620614229342,10.802907994654936,11.12538333065121,129400
5545,2002-03-04,11.673583984375,11.68970808871279,11.40754241351836,11.447851905523224,182800
5546,2002-03-05,11.850944519042969,12.012181707762279,11.689707330323658,11.689707330323658,188800
5547,2002-03-06,11.673583984375,11.681646036543896,11.447851905523224,11.52847088953295,266500
5548,2002-03-07,12.374968528747559,12.487834196362442,11.8509466118224,11.8509466118224,484600
5549,2002-03-08,13.060224533081055,13.10053325108972,12.697439920286959,12.979605559384696,291100
5550,2002-03-11,13.632617950439453,13.906721571086806,12.898988123906602,12.979607107216859,254500
5551,2002-03-12,13.302084922790527,13.697116351127601,13.302084922790527,13.302084922790527,339700
5552,2002-03-13,12.439464569091797,13.334332552957415,12.415278407640455,13.302084337688962,126600
5553,2002-03-14,12.761940956115723,13.116663689114201,12.399156936925374,12.399156936925374,119000
5554,2002-03-15,12.600700378417969,12.971546354893393,12.092802577885996,12.092802577885996,138600
5555,2002-03-18,12.415274620056152,12.842554115933847,12.17341923004482,12.616821290958619,203300
5556,2002-03-19,12.133111953735352,12.616823590769119,12.092802458439285,12.576514864312728,150500
5557,2002-03-20,12.536203384399414,12.729688008582201,12.141172084483,12.141172084483,133100
5558,2002-03-21,12.729691505432129,12.858681290320852,12.3185359894695,12.536206828099044,87000
5559,2002-03-22,13.019919395446777,13.019919395446777,12.68132080296419,12.737754414271166,144600
5560,2002-03-25,12.439464569091797,13.229527391014477,12.294350675742828,13.181156605791333,80200
5561,2002-03-26,13.00489330291748,13.00489330291748,12.318299265244306,12.358687285755213,41800
5562,2002-03-27,12.5767822265625,13.247220793878888,12.560627479452602,13.206833540935408,67300
5563,2002-03-28,13.126060485839844,13.319922117365058,13.045284420868846,13.126060485839844,284100
5564,2002-04-01,13.11798095703125,13.182601492162433,12.996817646244663,13.126058716507034,104100
5565,2002-04-02,13.045276641845703,13.182595408209316,12.924113386977663,13.117974902901402,151500
5566,2002-04-03,13.255294799804688,13.311837554187328,13.134131534602671,13.206829801858783,568300
5567,2002-04-04,13.820727348327637,13.828805105888504,13.255296644464632,13.255296644464632,150600
5568,2002-04-05,13.98227596282959,14.297302301865795,13.81264769930391,13.836879427993573,192500
5569,2002-04-08,14.022668838500977,14.264995440182922,13.610712383101701,13.861116743596373,193000
5570,2002-04-09,14.289226531982422,14.337691536774145,14.079209456985327,14.297304289560163,106700
5571,2002-04-10,15.630107879638672,15.799736214534017,14.94351369885361,15.347392447471275,443800
5572,2002-04-11,15.266609191894531,15.630100510545956,15.024282673243201,15.630100510545956,385500
5573,2002-04-12,15.032361030578613,15.379696851033442,14.741567964025826,15.347385825561135,298000
5574,2002-04-15,15.201995849609375,15.339314685749663,14.87081539903724,15.032367514734693,177200
5575,2002-04-16,15.201995849609375,15.242384648871319,14.458858890616375,15.242384648871319,330100
5576,2002-04-17,14.895045280456543,15.113138584014854,14.886967522447005,15.105062366680121,211000
5577,2002-04-18,14.685028076171875,14.903122918651606,14.426545984643953,14.903122918651606,124200
5578,2002-04-19,14.72541618347168,14.741571700302476,14.555787878772964,14.733493941887078,117900
5579,2002-04-22,14.095366477966309,14.636563968093967,13.893427138973525,14.539632407480479,152600
5580,2002-04-23,14.515392303466797,14.741564811379982,14.216523085136899,14.539625567388477,111500
5581,2002-04-24,14.119599342346191,14.862736230926256,14.0549788103251,14.620409621015913,311400
5582,2002-04-25,13.748028755187988,14.054975832077373,13.570321174279941,14.054975832077373,152600
5583,2002-04-26,13.578396797180176,13.93381036245185,13.570319041074631,13.772258321689876,190000
5584,2002-04-29,13.723794937133789,13.92573424146008,13.57839839151092,13.57839839151092,153700
5585,2002-04-30,13.853038787841797,13.917659316749969,13.570323396115446,13.723797730025455,256400
5586,2002-05-01,13.683406829833984,13.812647853200518,13.32799324523875,13.812647853200518,102900
5587,2002-05-02,13.651101112365723,13.812653224736373,13.408774484484871,13.804575465050327,155700
5588,2002-05-03,13.408766746520996,13.610706000111149,12.964499464218116,13.52992999054024,139500
5589,2002-05-06,13.17452335357666,13.61071310866668,13.12605833879167,13.529937056908338,175300
5590,2002-05-07,13.126060485839844,13.287612615781836,12.96450835589785,13.231068291829432,45200
5591,2002-05-08,13.55417251586914,13.812654690552533,13.400698146897643,13.52993923423934,137400
5592,2002-05-09,13.255294799804688,13.651095621157673,13.134131534602671,13.554165625265863,172900
5593,2002-05-10,12.907960891723633,13.279530039575581,12.641401052456365,13.255296766669563,103600
5594,2002-05-13,12.899885177612305,13.037203219279192,12.843341638921588,12.843341638921588,118800
5595,2002-05-14,13.828801155090332,13.836877369669157,13.085664619221646,13.085664619221646,196900
5596,2002-05-15,13.723794937133789,13.966123026730113,13.529933389861505,13.853035968648646,112800
5597,2002-05-16,13.667251586914062,13.723794343170324,13.529932804288334,13.643018316800855,81700
5598,2002-05-17,13.602632522583008,13.731873562268023,13.327994928083669,13.731873562268023,49800
5599,2002-05-20,13.42492389678955,13.602629907017782,13.336070121338222,13.602629907017782,65800
5600,2002-05-21,12.94027328491211,13.416850250858896,12.802954472000748,13.32799644818834,118200
5601,2002-05-22,12.91604232788086,13.085672205184546,12.843344029132876,12.924120087816766,191900
5602,2002-05-23,13.134130477905273,13.150285989478963,12.544467401197844,13.117974966331584,223700
5603,2002-05-24,12.972579956054688,13.166441495519098,12.972579956054688,13.14220976600765,130800
5604,2002-05-28,12.867572784423828,13.085667603980925,12.689865980007378,13.085667603980925,121400
5605,2002-05-29,12.697943687438965,12.867572734096374,12.568702655764238,12.60101291368292,83900
5606,2002-05-30,12.722177505493164,12.851418550548953,12.560626199173427,12.706021989692493,102900
5607,2002-05-31,12.843338012695312,12.843338012695312,12.528313226143604,12.80295077261028,162300
5608,2002-06-03,12.03558349609375,12.843340798390978,12.03558349609375,12.843340798390978,133500
5609,2002-06-04,12.156747817993164,12.302143611738916,11.922498226046631,12.116359797932574,117900
5610,2002-06-05,11.833643913269043,12.07597125275776,11.801333652693039,12.035583234453412,75800
5611,2002-06-06,11.413613319396973,11.954810894262536,11.227828697858948,11.954810894262536,67500
5612,2002-06-07,11.470154762268066,11.470154762268066,10.888569226872052,10.904724744403527,88300
5613,2002-06-10,11.187434196472168,11.4378384225119,11.01780520417487,11.308597432254352,121100
5614,2002-06-11,10.565463066101074,11.13897065201295,10.508920314219003,11.122815910191168,114400
5615,2002-06-12,10.525076866149902,10.743171695781209,10.258517032380986,10.743171695781209,130300
5616,2002-06-13,10.460457801818848,10.702785167219615,9.854639773485662,10.096967138886429,188000
5617,2002-06-14,10.177741050720215,10.420067594988122,9.93541373611501,10.379680351168336,97600
5618,2002-06-17,10.436223030090332,10.48468803044354,10.20197347415039,10.250438474503596,69300
5619,2002-06-18,10.347369194030762,10.500842710075796,10.258515416545062,10.420066688786473,69100
5620,2002-06-19,9.975805282592773,10.355450747220583,9.733477882182155,10.355450747220583,130200
5621,2002-06-20,9.628461837768555,10.096960755182044,9.539608860444263,10.096960755182044,85400
5622,2002-06-21,10.056577682495117,10.056577682495117,9.539613531703788,9.895026385372827,114900
5623,2002-06-24,9.701163291931152,10.096964099760843,9.620387270998174,10.016188078827865,167400
5624,2002-06-25,9.127654075622559,9.846557298552314,8.925714829570454,9.733471813778873,120000
5625,2002-06-26,9.475919723510742,9.589307077033586,8.747003118774591,8.989975577816026,141100
5626,2002-06-27,9.419222831726074,9.51641162370718,9.151953460681073,9.475916100618088,169000
5627,2002-06-28,9.7512845993042,9.921365176075291,9.427321963734432,9.427321963734432,105200
5628,2002-07-01,9.362533569335938,9.921369555466514,9.151957377071238,9.75128890362013,85200
5629,2002-07-02,8.7712984085083,9.313936510474832,8.722704389686584,9.313936510474832,74500
5630,2002-07-03,8.82799243927002,8.82799243927002,8.398741632001121,8.690308086910324,77200
5631,2002-07-05,10.1238431930542,10.1238431930542,8.860387222710342,9.111458873748779,78200
5632,2002-07-08,9.23294448852539,10.123842979693597,9.23294448852539,10.123842979693597,129000
5633,2002-07-09,9.23294448852539,9.435421348119263,9.160053467877452,9.23294448852539,55200
5634,2002-07-10,8.836089134216309,9.313934598045938,8.795593611921149,9.313934598045938,46400
5635,2002-07-11,8.884687423706055,9.111461356761207,8.585021676214708,8.836092623285877,115700
5636,2002-07-12,8.892784118652344,9.095260996826264,8.827991579427728,8.884685630540261,78800
5637,2002-07-15,8.989973068237305,9.119558137581825,8.795594691832587,8.892783493840977,149000
5638,2002-07-16,8.585020065307617,8.99807231562667,8.423037942560375,8.99807231562667,160100
5639,2002-07-17,8.989973068237305,8.989973068237305,8.512127545738437,8.787496204289509,83600
5640,2002-07-18,8.398744583129883,8.908986637799549,8.398744583129883,8.908986637799549,56800
5641,2002-07-19,8.139571189880371,8.66601079863777,7.9613913091551405,8.3177510706056,135900
5642,2002-07-22,7.491640567779541,8.261052147290192,7.378253297342805,7.977585129779736,138700
5643,2002-07-23,6.641239643096924,7.491642454580969,6.560249377290881,7.491642454580969,194100
5644,2002-07-24,6.357774257659912,7.00570007281216,6.236288046633234,6.965205312793298,275300
5645,2002-07-25,6.552152633666992,6.706034738428862,6.398270142711083,6.438765291155876,314200
5646,2002-07-26,6.276782512664795,6.56025041896611,6.114801182944575,6.4792593679120465,184300
5647,2002-07-29,6.689836502075195,6.722232772955471,6.479260355159389,6.552152157737016,134000
5648,2002-07-30,6.600744247436523,6.770824812913906,6.479258460261735,6.770824812913906,215200
5649,2002-07-31,6.236288070678711,6.851818002950386,6.236288070678711,6.7951247207949566,109200
5650,2002-08-01,6.454961776733398,6.681736017557659,6.39826850617279,6.51165543348795,179400
5651,2002-08-02,5.8394317626953125,6.535951774420423,5.758441108563776,6.535951774420423,95400
5652,2002-08-05,5.726046562194824,6.0743066723815184,5.304894648357466,5.920424190337904,121800
5653,2002-08-06,5.863729953765869,6.009513546930709,5.701748612687135,5.807036677485303,62100
5654,2002-08-07,5.871829509735107,5.993315714761531,5.66935263008907,5.944721309989761,70700
5655,2002-08-08,6.1552958488464355,6.195791371258776,5.831332828129481,5.904224613994125,133800
5656,2002-08-09,6.1876912117004395,6.276781116324489,5.95281814275929,6.155294952963306,55900
5657,2002-08-12,5.6693549156188965,6.14720066780319,5.507373501078876,5.993318130893092,184200
5658,2002-08-13,4.535480499267578,5.588360073291244,4.373499204584185,5.466873909181764,946700
5659,2002-08-14,4.8756422996521,5.061921008201678,4.1710229879969685,4.656967327545544,412100
5660,2002-08-15,4.997129440307617,5.14291265429771,4.851345840123526,5.078120114746557,194600
5661,2002-08-16,5.248201370239258,5.2643995071211,4.859445698881015,4.964733781710009,261200
5662,2002-08-19,5.3858866691589355,5.547868066317985,5.102419031033542,5.46687736773846,219700
5663,2002-08-20,5.27249813079834,5.588361954878434,5.183408195629186,5.5478664244759095,149700
5664,2002-08-21,5.620756149291992,5.653152407174286,5.215802539569461,5.304892441842698,194200
5665,2002-08-22,5.717945098876953,5.750341357756063,5.426378382771101,5.70984622725411,65400
5666,2002-08-23,5.183407306671143,5.636955392903202,5.142911783213629,5.636955392903202,140300
5667,2002-08-26,5.183407306671143,5.345388628113331,4.940434938313928,5.183407306671143,68100
5668,2002-08-27,5.304892063140869,5.547863979912969,5.183405911657905,5.183405911657905,100000
5669,2002-08-28,5.0619215965271,5.304893987637988,5.0619215965271,5.223902933138379,101200
5670,2002-08-29,4.89993953704834,5.16720889612481,4.859444015772669,4.980930193405769,59200
5671,2002-08-30,5.183407306671143,5.183407306671143,4.810849881160178,5.061921122492535,282800
5672,2002-09-03,4.89993953704834,5.183407027396296,4.859444015772669,5.16720889612481,153600
5673,2002-09-04,4.762258529663086,4.899942934019801,4.656970410308635,4.899942934019801,240000
5674,2002-09-05,4.89993953704834,5.037623459759012,4.73795783813957,4.762255228143754,254100
5675,2002-09-06,5.029526233673096,5.16721058764968,4.818950072016194,4.956634425992778,46100
5676,2002-09-09,4.964733123779297,5.223903279543309,4.964733123779297,5.0295256627202996,70200
5677,2002-09-10,5.142910480499268,5.272495891022586,5.045721712252156,5.045721712252156,316800
5678,2002-09-11,4.859445095062256,5.304894383253895,4.859445095062256,5.175308918106984,28000
5679,2002-09-12,4.697463512420654,5.142912392233351,4.697463512420654,4.940435523356494,127400
5680,2002-09-13,4.859445095062256,4.972832039146056,4.656968216101329,4.778454420716685,70500
5681,2002-09-16,4.867542266845703,4.92423552146253,4.778452370198619,4.818947496897234,50600
5682,2002-09-17,4.632670879364014,5.005228372265322,4.632670879364014,4.9404358319684,177700
5683,2002-09-18,4.713660717010498,4.924236418298772,4.551679022133308,4.551679022133308,116000
5684,2002-09-19,4.41399621963501,4.624572378819024,4.365401810483476,4.624572378819024,95300
5685,2002-09-20,4.252011775970459,4.5759746551879115,4.171021152714534,4.535479150463072,145900
5686,2002-09-23,4.292510032653809,4.51928392315674,4.114330161064645,4.252014501966998,153600
5687,2002-09-24,4.203420639038086,4.33300573604003,4.098132554626981,4.2115195145036814,70900
5688,2002-09-25,4.276735305786133,4.50482802634135,4.073081243605841,4.284881654724207,103400
5689,2002-09-26,4.2197136878967285,4.464098813990748,4.081229197445531,4.358198566787376,134400
5690,2002-09-27,4.073080539703369,4.227857646824805,3.5028494195205897,4.195273033582317,192600
5691,2002-09-30,3.7472338676452637,4.21971112903699,3.747233867645264,4.0649340281605255,216400
5692,2002-10-01,4.154542922973633,4.309320061767857,3.7472347856538786,3.755381134851142,121400
5693,2002-10-02,3.991619825363159,4.293027753900962,3.991619825363159,4.195273894122103,119500
5694,2002-10-03,3.739088296890259,4.195273299656684,3.739088296890259,4.032349834672011,98200
5695,2002-10-04,3.6576285362243652,3.967182953417909,3.5028517160670782,3.902013684206528,113600
5696,2002-10-07,3.1770033836364746,3.7879655578573623,3.1770033836364746,3.6250420783348853,102800
5697,2002-10-08,3.4458258152008057,3.4865567719909416,3.2177333505861863,3.2177333505861863,76900
5698,2002-10-09,3.0385184288024902,3.3806572935187966,3.0385184288024902,3.3806572935187966,116900
5699,2002-10-10,3.2177340984344482,3.3154881455428042,2.973349271993021,3.0303723528447706,171000
5700,2002-10-11,3.5435798168182373,3.6739186517893083,3.2991952295709996,3.2991952295709996,141600
5701,2002-10-14,3.3888027667999268,3.5028492976189667,3.1362718287392797,3.5028492976189667,86300
5702,2002-10-15,3.6494808197021484,3.804257953991487,3.4458267569697503,3.4458267569697503,158300
5703,2002-10-16,3.4539730548858643,3.568019620832739,3.3399268773783253,3.568019620832739,70000
5704,2002-10-17,3.7472338676452637,3.8286953974646627,3.502849278187068,3.5354338901148274,110400
5705,2002-10-18,3.673919677734375,3.8286964319928884,3.4784115649015743,3.8286964319928884,65400
5706,2002-10-21,3.92645001411438,3.9916192444832075,3.4621186650776052,3.625041740999674,87200
5707,2002-10-22,4.643312931060791,4.692190252744633,3.9834737496009525,3.9916200993613717,306100
5708,2002-10-23,4.912136077880859,4.985451275040165,4.675897011889747,4.684043360707054,476300
5709,2002-10-24,4.806236267089844,4.928428790270979,4.773651646033451,4.920282440787219,170900
5710,2002-10-25,4.887697219848633,4.928428185389748,4.6840431690216064,4.765504711664562,120000
5711,2002-10-28,5.172811985015869,5.254273514614699,4.92028104903989,4.92028104903989,229600
5712,2002-10-29,5.172811985015869,5.213542944034891,4.9365733549596555,5.172811985015869,127300
5713,2002-10-30,5.132080078125,5.295003094900129,5.07505682803415,5.172810638099226,165900
5714,2002-10-31,4.887697219848633,5.172812813318615,4.741066443091313,5.172812813318615,110900
5715,2002-11-01,5.140230655670166,5.17281528831788,4.928430543460024,4.928430543460024,91700
5716,2002-11-04,5.278715133666992,5.335738430645474,4.92843016535771,5.197253558297326,252000
5717,2002-11-05,5.254275321960449,5.254275321960449,5.091352206721112,5.254275321960449,59300
5718,2002-11-06,5.3357367515563965,5.53939082011291,5.050620744825829,5.254274813382343,180400
5719,2002-11-07,5.612707138061523,5.6860227416385,5.213545270674398,5.360176089388966,113700
5720,2002-11-08,5.148377418518066,5.694170253101598,4.928430936390526,5.694170253101598,116000
5721,2002-11-11,5.009889125823975,5.3357356456670155,5.009889125823975,5.229835458741163,62200
5722,2002-11-12,5.115790367126465,5.189105567583146,5.009890158374325,5.091351708014699,89900
5723,2002-11-13,5.148377418518066,5.4009085358912055,5.026184842127323,5.115792783272467,81200
5724,2002-11-14,5.490515232086182,5.490515232086182,5.172814893782536,5.172814893782536,76200
5725,2002-11-15,5.4660773277282715,5.498661960120495,5.32759244584159,5.40905402682215,64400
5726,2002-11-18,5.889675617218018,6.0281604445530474,5.417198245208603,5.54753672343484,368400
5727,2002-11-19,5.9629926681518555,6.0933311783499065,5.848946083289159,5.865238397063916,128800
5728,2002-11-20,6.1910834312438965,6.1910834312438965,5.946698788954906,6.044452645870503,78300
5729,2002-11-21,6.158498287200928,6.231813867856417,5.995575206232357,6.150352327372131,143300
5730,2002-11-22,6.313272953033447,6.313272953033447,5.946695969200699,6.150349935427585,101900
5731,2002-11-25,6.4354681968688965,6.4354681968688965,6.313275686538362,6.394737230612291,140600
5732,2002-11-26,6.329568386077881,6.582099382515459,6.329568386077881,6.354007045028301,191100
5733,2002-11-27,6.598392009735107,6.598392009735107,6.27254503995443,6.27254503995443,168700
5734,2002-11-29,6.500638961791992,6.7939009779048405,6.451762023846413,6.6391234250847795,78300
5735,2002-12-02,6.964968204498291,7.3315453148658865,6.720583205293729,6.842775316456762,154800
5736,2002-12-03,6.9079461097717285,7.005700753085434,6.802046670459447,6.8427768654817065,125000
5737,2002-12-04,6.842776775360107,6.891654096373229,6.720584638145294,6.7613156095097855,290300
5738,2002-12-05,6.8835062980651855,6.8835062980651855,6.679852260981136,6.842775335272676,147900
5739,2002-12-06,7.038283824920654,7.095306706894431,6.728729594288652,6.802045172185508,149700
5740,2002-12-09,6.8020453453063965,6.9975530400882695,6.67170610523996,6.956822076122416,324800
5741,2002-12-10,7.095307350158691,7.201207552624172,6.810191360684043,6.810191360684043,89600
5742,2002-12-11,6.842776775360107,7.087161826668395,6.842776775360107,7.013846233588043,150100
5743,2002-12-12,6.964968204498291,7.046429352980814,6.842775316456762,6.842775316456762,131600
5744,2002-12-13,6.842776775360107,6.981261611872182,6.842776775360107,6.964969689453582,75600
5745,2002-12-16,6.8835062980651855,6.924237260857695,6.7776061055560595,6.842775335272676,150200
5746,2002-12-17,6.9079461097717285,6.964969781184502,6.8427768654817065,6.8427768654817065,125400
5747,2002-12-18,6.850921154022217,6.924236726009931,6.639120785364029,6.842774806717262,142100
5748,2002-12-19,6.842776775360107,6.92423871808909,6.802046580874277,6.907946018791829,289200
5749,2002-12-20,6.842776775360107,6.883507746724598,6.802046580874277,6.883507746724598,208500
5750,2002-12-23,6.720583438873291,6.924237482475512,6.720583438873291,6.850921902478149,107200
5751,2002-12-24,6.671529293060303,6.810519551641892,6.540715115504454,6.663353212034561,59700
5752,2002-12-26,6.687880516052246,6.867749595078737,6.540714197108851,6.589769896661281,56800
5753,2002-12-27,6.508011817932129,6.630649919113292,6.377197635415146,6.377197635415146,75500
5754,2002-12-30,6.728760719299316,6.949510242439553,6.508011975873131,6.508011975873131,162500
5755,2002-12-31,6.336314678192139,6.745109173559374,6.295435072712691,6.6469985882368725,208800
5756,2003-01-02,6.908629417419434,6.949509038293354,6.418075916217177,6.418075916217177,89400
5757,2003-01-03,6.785989284515381,6.9086273303751975,6.696053989818747,6.9086273303751975,59100
5758,2003-01-06,6.933157444000244,6.933157444000244,6.663353015808167,6.785991888440734,61100
5759,2003-01-07,7.202964782714844,7.235668335815222,6.867752388793201,6.982215214501631,79800
5760,2003-01-08,6.62247371673584,7.202962157485346,6.581594095331016,7.202962157485346,54200
5761,2003-01-09,6.867750644683838,6.9413338154013235,6.720585082962877,6.720585082962877,67300
5762,2003-01-10,7.072144985198975,7.194783810780092,6.78598928493706,6.78598928493706,57000
5763,2003-01-13,6.818694591522217,7.235665303599793,6.704231813781152,7.235665303599793,100800
5764,2003-01-14,6.655176162719727,6.777814227038558,6.6470000838414585,6.736934612361015,128300
5765,2003-01-15,6.6633524894714355,6.769639192138506,6.5815940272217865,6.7369356512958625,112100
5766,2003-01-16,6.557064533233643,6.671526500832345,6.483481004369824,6.655175125338392,95700
5767,2003-01-17,6.2545576095581055,6.524361989720033,6.2545576095581055,6.49983414158853,94600
5768,2003-01-21,6.1646223068237305,6.37719567802443,6.091039156814735,6.336316063606788,98200
5769,2003-01-22,6.377196788787842,6.450779561756396,6.050160986055165,6.0828645273427355,46100
5770,2003-01-23,6.344493389129639,6.418076163740795,6.156447827599844,6.377196931147258,48600
5771,2003-01-24,6.058335781097412,6.34449230985852,5.968401250776344,6.34449230985852,81600
5772,2003-01-27,6.017457008361816,6.213678241856635,6.001105238903915,6.066512316735521,212600
5773,2003-01-28,6.009280681610107,6.1727987593223945,5.968401454574725,6.0501602985024086,507500
5774,2003-01-29,5.80488395690918,6.001105591799775,5.723125104811831,5.80488395690918,152500
5775,2003-01-30,5.7231245040893555,6.091039494838046,5.7231245040893555,5.886642191120569,240000
5776,2003-01-31,5.96840238571167,6.001105928384859,5.592311255113017,5.690421883132585,89000
5777,2003-02-03,6.336314678192139,6.3853699708533895,5.968399788304352,5.976575475486155,101400
5778,2003-02-04,6.172800540924072,6.254559408449106,6.1319209122330385,6.254559408449106,82200
5779,2003-02-05,6.0501604080200195,6.172798871059959,5.723124636532492,6.172798871059959,100400
5780,2003-02-06,6.06651496887207,6.156449935136433,5.927524672788175,6.00928355582073,30600
5781,2003-02-07,5.584133625030518,6.254556843515777,5.584133625030518,6.148270164391858,167100
5782,2003-02-10,6.091038703918457,6.156446160094721,5.559606095144919,5.641364928044166,67400
5783,2003-02-11,6.0501604080200195,6.172798871059959,5.943873714061611,6.009280790387731,64500
5784,2003-02-12,5.935700416564941,6.099218173278679,5.845765455443844,5.9684039679076895,36500
5785,2003-02-13,5.886643409729004,6.05016152046742,5.862115946525291,6.017457976291136,31300
5786,2003-02-14,5.952051162719727,6.107392809800044,5.845764444311495,5.968402935562761,45700
5787,2003-02-18,6.1400957107543945,6.303613411632467,5.992929390107177,5.992929390107177,80300
5788,2003-02-19,5.952051162719727,6.1564485181861635,5.952051162719727,6.09104103695701,79600
5789,2003-02-20,6.091038703918457,6.115566548716664,5.99292810443936,5.99292810443936,48500
5790,2003-02-21,5.878464698791504,6.123741154112836,5.772178039890528,6.123741154112836,81300
5791,2003-02-24,5.518726825714111,6.033808089679749,5.412440141431,5.960224940582688,107700
5792,2003-02-25,5.698596477508545,5.714948245699191,4.987293976430062,5.4369681864582,89100
5793,2003-02-26,5.43696928024292,5.698597623926463,5.2734511755837215,5.616838766525356,47500
5794,2003-02-27,5.649540424346924,5.886641226622822,5.404263933987471,5.436967466035398,54700
5795,2003-02-28,5.567782878875732,5.845763355278106,5.477847950064916,5.7313009667005765,52500
5796,2003-03-03,5.518726825714111,5.7231241155553745,5.436967987748984,5.649540966458314,64400
5797,2003-03-04,5.273451328277588,5.469672981578868,5.191692468509136,5.436969437671487,50600
5798,2003-03-05,4.9872918128967285,5.273447827024369,4.905533007411222,5.2080407826359645,130100
5799,2003-03-06,4.9055352210998535,5.019997600432248,4.8483038365052,4.987294063480135,73700
5800,2003-03-07,4.807426452636719,4.889185326350188,4.660260090095413,4.823778227379413,30200
5801,2003-03-10,4.177881240844727,4.668434720409712,4.161529471187792,4.6275551013389045,134300
5802,2003-03-11,4.194234848022461,4.292345508946971,4.096124187097951,4.17788307120171,83900
5803,2003-03-12,4.235114097595215,4.4149840325846235,4.00618922197229,4.112475966297204,169500
5804,2003-03-13,4.128827095031738,4.496742210888921,4.030716059593713,4.496742210888921,90700
5805,2003-03-14,4.128827095031738,4.455862580301656,4.112475320768243,4.169706335761953,244500
5806,2003-03-17,4.8646559715271,4.897359510943383,4.251464022686359,4.251464022686359,131900
5807,2003-03-18,4.856480598449707,5.150812862256135,4.6602589592931,4.946415532640526,108400
5808,2003-03-19,4.611204147338867,4.742018717590536,4.611204147338867,4.643907692437532,149800
5809,2003-03-20,4.701138973236084,4.938239864175953,4.586676568265078,4.635731884681224,92000
5810,2003-03-21,5.109931945800781,5.109931945800781,4.774720534910448,4.864655056459596,112700
5811,2003-03-24,4.8646559715271,5.085405057515489,4.782897122986389,5.028174058465463,85900
5812,2003-03-25,4.9055352210998535,4.970942295004079,4.782896762600974,4.94641483721845,100300
5813,2003-03-26,4.601505279541016,5.053438998204372,4.519335619370182,4.987703270067705,553300
5814,2003-03-27,4.601505279541016,4.757627829773523,4.478250593376841,4.560420645363521,698700
5815,2003-03-28,4.667245388031006,4.724764400041875,4.650811440573074,4.6590286102101475,62100
5816,2003-03-31,5.012354850769043,5.012354850769043,4.519336411512662,4.667241825744802,130400
5817,2003-04-01,5.14382791519165,5.176695792645859,4.732979055198043,5.012356013558812,118500
5818,2003-04-02,5.694364547729492,5.710798484982635,5.135610289306675,5.341034700878942,153000
5819,2003-04-03,5.940876007080078,6.080564716871521,5.710800415926625,5.776536578981971,102100
5820,2003-04-04,5.571110725402832,5.940874543433319,5.480723866309333,5.940874543433319,53600
5821,2003-04-07,6.023044109344482,6.0805630896946194,5.653280299165592,5.653280299165592,107500
5822,2003-04-08,5.924439430236816,6.047694142418828,5.784750782551599,5.95730730124323,58600
5823,2003-04-09,5.792969226837158,6.047695479356022,5.792969226837158,6.006610435607553,68600
5824,2003-04-10,5.891572952270508,5.957308709826303,5.628629530231303,5.751884271556431,34400
5825,2003-04-11,5.710799694061279,5.973743137597371,5.710799694061279,5.973743137597371,93900
5826,2003-04-14,5.751886367797852,5.801188203932465,5.694367363066054,5.694367363066054,58800
5827,2003-04-15,5.875139236450195,5.883356010549335,5.686148730377552,5.710799444491007,73300
5828,2003-04-16,5.875139236450195,5.908007116478825,5.801186310477759,5.875139236450195,96100
5829,2003-04-17,6.285984992980957,6.359937490247571,5.875136305751036,5.875136305751036,81700
5830,2003-04-21,6.220252990722656,6.285988757354873,5.9901774156938234,6.285988757354873,76500
5831,2003-04-22,6.302420139312744,6.392806977629863,6.162731496045173,6.351721944263195,74600
5832,2003-04-23,6.261335372924805,6.45032582920124,6.023043109595725,6.3352882794117376,104400
5833,2003-04-24,6.3681559562683105,6.49141066604314,6.310636987222479,6.409240990131894,227600
5834,2003-04-25,6.031261444091797,6.302421631425012,5.981959627469031,6.302421631425012,141800
5835,2003-04-28,6.055911064147949,6.162731843470598,5.998392484371091,6.1134300357407465,180000
5836,2003-04-29,6.203819751739502,6.327074132227263,6.080564979435621,6.080564979435621,683100
5837,2003-04-30,6.861177444458008,6.861177444458008,6.162733950004625,6.1873850582037155,242200
5838,2003-05-01,6.680400371551514,6.861174030212372,6.57357960887154,6.861174030212372,79800
5839,2003-05-02,7.099471092224121,7.107687476767883,6.622886308865217,6.631102693408979,66800
5840,2003-05-05,6.902260780334473,7.337761151657549,6.754355718337389,7.337761151657549,233700
5841,2003-05-06,7.041950225830078,7.272026184846358,6.86117726555859,7.091252440942745,189300
5842,2003-05-07,6.655753135681152,7.017299857769475,6.614668084990348,6.959781256981647,59900
5843,2003-05-08,6.992648601531982,6.992648601531982,6.573582527342212,6.581799693573094,75800
5844,2003-05-09,7.337763786315918,7.337763786315918,6.910480427139049,6.910480427139049,54100
5845,2003-05-12,7.559623718261719,7.765048280082051,7.387067054987339,7.395284225531956,131600
5846,2003-05-13,7.641787528991699,7.789692558165876,7.436363137264136,7.600702493919814,155900
5847,2003-05-14,7.452797889709473,7.723958068072459,7.452797889709473,7.723958068072459,77400
5848,2003-05-15,7.46923303604126,7.600704557052384,7.3952801095644825,7.534968796546822,76000
5849,2003-05-16,6.984434604644775,7.600708246231079,6.984434604644775,7.436368765201223,237300
5850,2003-05-19,6.828309059143066,7.132337150944476,6.212035317656901,7.06660138967023,131800
5851,2003-05-20,6.655753135681152,6.935129756387866,6.45032827404321,6.861177605503014,76100
5852,2003-05-21,6.672186851501465,6.672186851501465,6.310639728616979,6.573583197573721,188100
5853,2003-05-22,6.61466646194458,6.6721850486190295,6.557147483454146,6.631100008009293,88400
5854,2003-05-23,7.247375011444092,7.313110778796207,6.639318771620943,6.696837372146005,134000
5855,2003-05-27,7.75682258605957,7.806124771519728,7.403493260849781,7.411710422365083,135900
5856,2003-05-28,7.806125640869141,7.929379942798589,7.600701281898901,7.7239555838283485,196000
5857,2003-05-29,8.151241302490234,8.151241302490234,7.707524572798032,7.723958119421893,141500
5858,2003-05-30,8.225193977355957,8.266279018144711,7.995118062391724,8.151241060662596,133100
5859,2003-06-02,8.438835144042969,8.496353728115508,8.340230737587278,8.381315776338493,120500
5860,2003-06-03,8.46348762512207,8.46348762512207,8.216978124655972,8.274496720766292,100300
5861,2003-06-04,8.775728225708008,8.775728225708008,8.422398103295427,8.545652396232443,90900
5862,2003-06-05,8.833247184753418,8.956501483181011,8.553869939110374,8.775728616638103,68800
5863,2003-06-06,8.874338150024414,9.120847695453584,8.759300153188871,8.874338150024414,95300
5864,2003-06-09,8.636041641235352,8.849683197320564,8.627824477470874,8.841466033556086,121100
5865,2003-06-10,8.627828598022461,8.660696485145829,8.479922714151186,8.570309991464628,56600
5866,2003-06-11,8.34023380279541,8.38131885664623,7.847215507482233,8.011554939253292,115800
5867,2003-06-12,8.036206245422363,8.340234412326222,7.97047046790976,8.340234412326222,129900
5868,2003-06-13,7.9211649894714355,8.1019378936818,7.896513497743937,7.962249241753503,59000
5869,2003-06-16,8.044412612915039,8.13479898973207,7.970459766596001,7.970459766596001,138200
5870,2003-06-17,7.995118618011475,8.208760218054412,7.986902236188308,8.044420827110626,153100
5871,2003-06-18,8.05263614654541,8.05263614654541,7.921164663929461,7.9951167851770455,149500
5872,2003-06-19,8.02798843383789,8.20054423140936,8.011554100565098,8.134808465582474,67600
5873,2003-06-20,8.373098373413086,8.422400575236905,8.093721841851156,8.110155386704488,111200
5874,2003-06-23,8.216976165771484,8.381315532360532,8.02798609010206,8.381315532360532,111000
5875,2003-06-24,8.167675018310547,8.216977226467439,8.027987126402053,8.216977226467439,112200
5876,2003-06-25,8.32426929473877,8.35723666520093,8.085255662387075,8.085255662387075,156200
5877,2003-06-26,8.447897911071777,8.530316741679044,8.23360958029626,8.324270451165098,78900
5878,2003-06-27,8.538559913635254,8.571527296081552,8.365480959291089,8.40669038385006,121500
5879,2003-06-30,8.612735748291016,8.83526614418388,8.472624192211281,8.62097778947319,225500
5880,2003-07-01,8.818778991699219,8.835263068324894,8.25009171018202,8.530314724786217,93700
5881,2003-07-02,9.395713806152344,9.395713806152344,8.843509492327135,8.90120300825219,244600
5882,2003-07-03,9.057792663574219,9.313290351016244,9.057792663574219,9.313290351016244,59500
5883,2003-07-07,9.13197135925293,9.346259685958438,8.95065040696333,8.991859821484267,128500
5884,2003-07-08,9.412193298339844,9.445160668775193,9.107244925311823,9.140212295747174,152900
5885,2003-07-09,9.68416976928711,9.692411804540166,9.296802758434577,9.412188893966153,132300
5886,2003-07-10,9.395713806152344,9.684179027764136,9.222634830386166,9.684179027764136,101900
5887,2003-07-11,9.354504585266113,9.642969003073357,8.98362052722124,8.98362052722124,79400
5888,2003-07-14,9.272087097167969,9.84901680379084,9.230877663979644,9.478133477105036,140300
5889,2003-07-15,9.618239402770996,9.725383551434744,9.230872216987311,9.354500443601218,106000
5890,2003-07-16,9.2968111038208,9.618243693193909,9.148458266113899,9.618243693193909,155100
5891,2003-07-17,8.859990119934082,9.28032472356731,8.744603919131572,9.272082683651947,204000
5892,2003-07-18,9.06603717803955,9.148456012241613,8.859990878538653,8.942409712740714,170200
5893,2003-07-21,8.868229866027832,9.066034056808144,8.761085732854166,9.066034056808144,92200
5894,2003-07-22,9.099004745483398,9.11548882707147,8.859991064486266,8.859991064486266,66500
5895,2003-07-23,9.057792663574219,9.189662133478215,8.958890561146221,9.148453513636248,127300
5896,2003-07-24,8.653946876525879,9.099006970164174,8.612737448484387,9.066039584931872,161400
5897,2003-07-25,9.189666748046875,9.239118217094827,8.69515598758952,8.736365414128741,109500
5898,2003-07-28,9.370984077453613,9.667690417345133,9.239114593057382,9.478128230026583,213200
5899,2003-07-29,9.552310943603516,9.618245726747945,9.329780460987603,9.618245726747945,61200
5900,2003-07-30,9.206146240234375,9.519336625279529,9.066034731503542,9.478127219299159,76200
5901,2003-07-31,9.519341468811035,9.552308853168642,9.272085693126765,9.28856977830779,90400
5902,2003-08-01,9.12373161315918,9.642968480266408,9.099006272631522,9.642968480266408,97500
5903,2003-08-04,9.107245445251465,9.206147562203915,8.975375955981534,9.148454857149359,73100
5904,2003-08-05,8.859990119934082,9.123729109192174,8.859990119934082,9.107245815365639,160200
5905,2003-08-06,9.008344650268555,9.066037363789484,8.868233100856921,8.9424098959577,207300
5906,2003-08-07,9.107245445251465,9.148454857149359,9.008343328299016,9.090761366090646,142600
5907,2003-08-08,8.950651168823242,9.164939513768507,8.901200495992349,9.10724680013104,147400
5908,2003-08-11,8.761092185974121,9.107250167809754,8.736366840415737,9.033073345130038,171600
5909,2003-08-12,9.140217781066895,9.148459825123059,8.777575702641505,8.843510483081651,121700
5910,2003-08-13,9.148454666137695,9.272082113245986,9.033068472433587,9.222630662800185,90400
5911,2003-08-14,9.06603717803955,9.230874060439419,8.975377089220688,9.164939307479472,76000
5912,2003-08-15,8.94240951538086,9.057794937512071,8.84350660211948,9.057794937512071,42800
5913,2003-08-18,9.082518577575684,9.107243906134196,8.901197667470544,9.024825096267126,107400
5914,2003-08-19,9.362746238708496,9.362746238708496,9.123732494507449,9.164941923370625,194100
5915,2003-08-20,9.667688369750977,9.725381846458077,9.313289401998022,9.362740055171011,277000
5916,2003-08-21,9.972638130187988,10.01384674855745,9.72538248995116,9.750107818173639,237600
5917,2003-08-22,9.890229225158691,10.055066221710376,9.816052380209232,9.972648116436932,252900
5918,2003-08-25,9.634721755981445,9.997363575510867,9.511094327416973,9.972638246998777,109500
5919,2003-08-26,9.972638130187988,10.055056152930922,9.60175427683074,9.717140451875663,173300
5920,2003-08-27,10.096268653869629,10.137478070882192,9.857254978401865,10.038575941654592,315000
5921,2003-08-28,10.599017143249512,10.599017143249512,10.055055254912226,10.137474056298336,244300
5922,2003-08-29,10.615504264831543,10.6814390104637,10.384732655118992,10.425941281635964,89500
5923,2003-09-02,10.83803653717041,10.871003918206501,10.640232250953867,10.697924971265934,245400
5924,2003-09-03,11.28309440612793,11.497382734689477,10.879243869534083,10.879243869534083,247800
5925,2003-09-04,11.604522705078125,11.62924803066739,11.060560826090702,11.085286151679968,236200
5926,2003-09-05,11.752883911132812,11.909478790204844,11.497386093062778,11.538595519977871,212200
5927,2003-09-08,11.950687408447266,12.049589554748371,11.769366413893044,11.769366413893044,181500
5928,2003-09-09,11.950687408447266,12.123766360975297,11.86826856019415,12.033106256700382,150300
5929,2003-09-10,11.645737648010254,12.074313568227767,11.645737648010254,11.95068609543533,275200
5930,2003-09-11,10.93693733215332,11.4561732856519,10.335281763140546,11.4561732856519,363000
5931,2003-09-12,10.92869758605957,11.05232507027115,10.59078172894383,10.945180883819072,86900
5932,2003-09-15,10.945175170898438,11.126496067637342,10.780338349319418,10.928691881742518,75500
5933,2003-09-16,11.192435264587402,11.307821478759951,10.961663622246585,11.027598377201105,99900
5934,2003-09-17,11.250125885009766,11.250125885009766,10.986386914273824,11.192433181662311,91300
5935,2003-09-18,11.167709350585938,11.36551360522259,10.945178974616525,11.250127397015756,172000
5936,2003-09-19,11.291337013244629,11.291337013244629,11.011113921210118,11.167709548407876,131600
5937,2003-09-22,11.0028715133667,11.085289552617867,10.714406410977183,11.085289552617867,94400
5938,2003-09-23,11.250125885009766,11.324302667030283,10.92869421092637,11.002870992946887,207200
5939,2003-09-24,10.845388412475586,11.316208521499206,10.845388412475586,11.16752894312814,132400
5940,2003-09-25,10.795827865600586,10.878428242804043,10.572808107528173,10.845388249469776,186500
5941,2003-09-26,10.085465431213379,10.713225956369385,10.07720523773452,10.713225956369385,184900
5942,2003-09-29,10.258927345275879,10.382827118131624,10.044167003772744,10.168067564364033,322700
5943,2003-09-30,10.168068885803223,10.391088663474259,10.118508497578745,10.341529062985426,134800
5944,2003-10-01,10.325008392333984,10.655408345794422,10.118508224487304,10.250668205871479,126900
5945,2003-10-02,10.680192947387695,10.985813216143647,10.325012273116977,10.325012273116977,91400
5946,2003-10-03,11.233606338500977,11.324466103634961,10.738005757668278,10.76278555038929,104700
5947,2003-10-06,11.06840991973877,11.134489917823394,10.90320992452721,11.084930313127783,156500
5948,2003-10-07,11.597047805786133,11.597047805786133,11.101447155764765,11.142747341222465,120200
5949,2003-10-08,11.018845558166504,11.572265894013395,10.985805573387676,11.564005700884843,153700
5950,2003-10-09,11.820069313049316,12.076129066159051,11.192308647787417,11.192308647787417,218600
5951,2003-10-10,11.753986358642578,11.86136651471533,11.390546496941711,11.820067121232718,166100
5952,2003-10-13,11.753986358642578,12.340446726279646,11.654866396360523,11.97700686457878,229600
5953,2003-10-14,11.770503997802734,11.795283785653291,11.357503857528956,11.357503857528956,122900
5954,2003-10-15,11.440107345581055,11.935707177509602,11.440107345581055,11.935707177509602,95000
5955,2003-10-16,11.53097152709961,11.67139173010775,11.44011172010319,11.48141113108789,80200
5956,2003-10-17,11.43185043334961,11.646610816040647,11.233610443666663,11.613570817760158,120600
5957,2003-10-20,11.613567352294922,11.778767294402044,11.514446599295187,11.514446599295187,139400
5958,2003-10-21,11.64660930633545,11.803549080890356,11.572269122906853,11.696168903464118,93100
5959,2003-10-22,11.605306625366211,11.729206379323491,11.241865981683455,11.654866211854953,164000
5960,2003-10-23,10.101984977722168,11.274905662595941,9.788105504517437,11.274905662595941,473100
5961,2003-10-24,9.441187858581543,10.05242816198471,9.251207295897217,10.01938816687469,290100
5962,2003-10-27,9.655943870544434,10.151544402087563,9.474224358349238,9.474224358349238,207800
5963,2003-10-28,9.614644050598145,9.74680397634075,9.457703547977328,9.705503802612363,263100
5964,2003-10-29,9.664205551147461,9.912005855071333,9.556825393189268,9.556825393189268,279900
5965,2003-10-30,9.474224090576172,9.78810431331748,9.292503795781668,9.78810431331748,257500
5966,2003-10-31,9.14382553100586,9.499006007717613,9.14382553100586,9.482485619156375,254800
5967,2003-11-03,9.90374755859375,10.101987524619448,9.317287068299363,9.333807459335972,399600
5968,2003-11-04,9.870715141296387,10.242415559856228,9.763334880337107,9.878975343155457,109700
5969,2003-11-05,9.994608879089355,10.085468673359019,9.746808509211766,9.812888502814369,121300
5970,2003-11-06,10.011128425598145,10.011128425598145,9.746808452719723,9.912008435768737,145100
5971,2003-11-07,10.044169425964355,10.118509622699456,9.845929426494575,10.002869229140884,149700
5972,2003-11-10,9.664205551147461,10.077205795108766,9.598125575132487,10.077205795108766,138300
5973,2003-11-11,9.606388092041016,9.655947692168795,9.54030810004688,9.598127896107838,77100
5974,2003-11-12,9.837666511535645,9.945046678514329,9.573346585271509,9.788106919228877,123000
5975,2003-11-13,9.878966331481934,10.118506452731046,9.796365963712384,9.870706137157882,105000
5976,2003-11-14,9.622907638549805,10.060688567559064,9.581608234602502,9.91200819259474,90300
5977,2003-11-17,9.5072660446167,9.565085828152924,9.251205540304696,9.540306033456751,98400
5978,2003-11-18,9.490748405456543,9.829408586098586,9.424668408635446,9.44118880170857,103300
5979,2003-11-19,9.482492446899414,9.614653287343518,9.366852794647892,9.499012847355946,189900
5980,2003-11-20,9.26772689819336,9.457706656965705,9.044706359388725,9.399886867380305,116600
5981,2003-11-21,9.37510871887207,9.37510871887207,8.879507959525222,9.251208135167513,162100
5982,2003-11-24,10.110247611999512,10.110247611999512,9.416406950595224,9.416406950595224,141400
5983,2003-11-25,10.258927345275879,10.382827118131624,10.052427198692605,10.110246987660547,101600
5984,2003-11-26,10.068947792053223,10.192848364842137,9.78810822675005,10.176327973376033,126300
5985,2003-11-28,10.1267671585083,10.283706919914117,10.09372716727889,10.09372716727889,37500
5986,2003-12-01,10.135024070739746,10.325003761844759,10.027643937088328,10.209363436127399,98100
5987,2003-12-02,10.159805297851562,10.192845283058585,9.912005014931205,10.12676531264454,138100
5988,2003-12-03,9.796366691589355,10.135027594418867,9.78810728438711,10.118507204543285,144300
5989,2003-12-04,9.581608772277832,9.746808760544205,9.432928388970256,9.71376876289093,94900
5990,2003-12-05,9.474224090576172,9.540304054549573,9.358583759755067,9.540304054549573,90200
5991,2003-12-08,9.565089225769043,9.622909029843443,9.391629025810092,9.391629025810092,202900
5992,2003-12-09,9.350325584411621,9.664205874864352,9.251205617068992,9.499005929293304,101800
5993,2003-12-10,9.37510871887207,9.416408125704564,9.317288131382334,9.317288131382334,95300
5994,2003-12-11,9.697250366210938,9.812890775667855,9.342070515264407,9.375110519718406,60100
5995,2003-12-12,9.705507278442383,9.903747238051903,9.523786921599203,9.705507278442383,72700
5996,2003-12-15,9.457707405090332,9.953308116479992,9.441187801503006,9.91200792590825,136700
5997,2003-12-16,9.408149719238281,9.540309725747049,9.143828918484969,9.540309725747049,269400
5998,2003-12-17,9.218169212341309,9.416409224110076,9.168609603267008,9.416409224110076,202900
5999,2003-12-18,9.275984764099121,9.37510551225424,9.226425177756983,9.226425177756983,239100
6000,2003-12-19,9.457707405090332,9.515527986985015,9.209907049395504,9.333807621110726,196100
6001,2003-12-22,9.474224090576172,9.482483495271367,9.209903446947262,9.292503795781668,117600
6002,2003-12-23,10.012534141540527,10.020815996944902,9.4410987554579,9.4410987554579,147400
6003,2003-12-24,9.557047843933105,9.896596212275874,9.557047843933105,9.855187701302002,34900
6004,2003-12-26,9.52391529083252,9.72267507256718,9.39140876967608,9.39140876967608,49900
6005,2003-12-29,9.855180740356445,9.896589222082534,9.358281329046672,9.358281329046672,154200
6006,2003-12-30,10.029099464416504,10.087071676329687,9.706114924306359,9.813776700943539,90900
6007,2003-12-31,9.52391529083252,9.971125194636087,9.515633435809951,9.946280419369547,123500
6008,2004-01-02,9.846904754638672,10.020819835748405,9.606736384515852,9.606736384515852,72200
6009,2004-01-05,10.22785758972168,10.244420510642549,9.95456268121716,10.062223641705803,126700
6010,2004-01-06,11.138840675354004,11.776529340083272,10.766165861195928,10.766165861195928,488200
6011,2004-01-07,11.909036636352539,11.942163271079197,11.221658373423399,11.221658373423399,284700
6012,2004-01-08,11.660584449768066,11.884189787572687,11.610894901234461,11.884189787572687,183200
6013,2004-01-09,11.27134895324707,11.834502584495723,11.27134895324707,11.345884085594843,201700
6014,2004-01-12,12.09123420715332,12.215458896964638,11.718558558116737,11.759967051320947,240900
6015,2004-01-13,12.17404842376709,12.33968157984396,11.99185155718194,12.17404842376709,200400
6016,2004-01-14,12.422501564025879,12.530163339023602,12.182333232046767,12.182333232046767,165100
6017,2004-01-15,12.389373779296875,12.555006960209674,12.041543704479347,12.505317400836487,94700
6018,2004-01-16,12.704080581665039,12.935967096340896,12.422503704657885,12.472194066989182,128100
6019,2004-01-20,13.018776893615723,13.043621666121174,12.621256584523088,12.786889717561236,165800
6020,2004-01-21,13.04362678527832,13.126443779200642,12.629543395269485,13.018782003022178,203100
6021,2004-01-22,12.47219467163086,13.035347663144844,12.422504306890612,12.919404795086859,166500
6022,2004-01-23,13.002213478088379,13.002213478088379,12.42249710450503,12.42249710450503,177900
6023,2004-01-26,13.027063369750977,13.035345227293686,12.480473408754628,12.670952183229922,128100
6024,2004-01-27,12.024979591369629,12.223739388796922,11.26306624476378,12.215457533120476,641200
6025,2004-01-28,11.801373481750488,12.033259897440555,11.7516831406306,12.033259897440555,165800
6026,2004-01-29,11.72684097290039,12.008417792330143,11.61089813417145,12.008417792330143,230300
6027,2004-01-30,11.453540802001953,11.67714610038338,11.337597226196657,11.67714610038338,183500
6028,2004-02-02,11.627458572387695,11.942161962713147,11.229938999219453,11.453543561676293,131800
6029,2004-02-03,11.428694725036621,11.644018145562741,11.428694725036621,11.569483054626708,134500
6030,2004-02-04,10.766166687011719,11.38729168818547,10.68334970426804,11.38729168818547,278400
6031,2004-02-05,10.964920043945312,11.080863593582492,10.766160350110846,10.766160350110846,105500
6032,2004-02-06,12.17404842376709,12.215456910236604,11.031178462134914,11.031178462134914,220100
6033,2004-02-09,12.074675559997559,12.265154392733633,11.967013748416585,12.165773651426852,339500
6034,2004-02-10,12.505316734313965,12.505316734313965,12.074669697092496,12.157486678035475,239800
6035,2004-02-11,12.422501564025879,12.646106971283007,12.339684571011823,12.505318557039937,103200
6036,2004-02-12,12.298284530639648,12.546734084954089,12.273438943366708,12.422509307796869,120500
6037,2004-02-13,11.801373481750488,12.381089915876242,11.735120220124756,12.298273733744665,338200
6038,2004-02-17,12.13264274597168,12.621261261863204,12.008418047606643,12.008418047606643,115300
6039,2004-02-18,12.124360084533691,12.339682814069795,11.900754709113823,12.21545813203738,127300
6040,2004-02-19,11.652304649353027,12.323119991228946,11.652304649353027,12.215458230690773,77500
6041,2004-02-20,11.312751770019531,11.759961549851312,11.312751770019531,11.685426454912523,149200
6042,2004-02-23,10.890392303466797,11.519799214747971,10.708196189518048,11.511517357804479,209100
6043,2004-02-24,10.940084457397461,11.18025281971029,10.724760880206242,10.766169381943241,128600
6044,2004-02-25,11.428694725036621,11.428694725036621,10.865541406676275,10.89038617372132,115200
6045,2004-02-26,11.668871879577637,11.801378458710708,11.329323573098764,11.345886500589641,106000
6046,2004-02-27,11.867627143859863,12.4224988210509,11.867627143859863,12.4224988210509,263000
6047,2004-03-01,12.124360084533691,12.140923006897424,11.78481109336264,11.801374805527637,104700
6048,2004-03-02,12.00841236114502,12.149200707183903,11.552920699831043,12.124355937236157,146300
6049,2004-03-03,11.884190559387207,11.942161966375057,11.387290302973351,11.925598255920708,153800
6050,2004-03-04,11.909036636352539,12.000134684400534,11.387291547056698,11.892472924088572,126500
6051,2004-03-05,11.801373481750488,12.091232093713954,11.635740327686156,11.677148813652533,83800
6052,2004-03-08,11.552922248840332,12.049822453225312,11.5115137668414,12.00841397122638,188000
6053,2004-03-09,11.345879554748535,11.561203008921531,11.304471076668953,11.544639301769287,183400
6054,2004-03-10,11.345879554748535,11.801371234021865,11.271344452165495,11.428696510907695,145800
6055,2004-03-11,11.354166984558105,11.644025683668906,11.263068919883969,11.263068919883969,98600
6056,2004-03-12,11.586050987243652,11.586050987243652,11.147122893613028,11.379009329330929,77300
6057,2004-03-15,11.163688659667969,11.45354737051217,10.848985954490452,11.45354737051217,188900
6058,2004-03-16,11.3707275390625,11.387291250895675,10.973207932681287,11.163685879955306,134700
6059,2004-03-17,11.180252075195312,11.428702279271048,11.06430843601292,11.37901192253533,99700
6060,2004-03-18,11.246503829956055,11.345883740126643,10.782730915826642,11.26306754321848,82000
6061,2004-03-19,10.81585693359375,11.263066898669681,10.774448442608684,11.263066898669681,104300
6062,2004-03-22,10.459746360778809,10.766167969757275,10.045662977326606,10.766167969757275,173700
6063,2004-03-23,10.15332317352295,10.459744734869894,10.020816637783865,10.18644980745772,222100
6064,2004-03-24,10.244648933410645,10.526916531263025,10.103515134484455,10.236346758947002,170600
6065,2004-03-25,10.585023880004883,10.709553256015436,10.37747439216165,10.418984448077989,185600
6066,2004-03-26,10.767671585083008,10.867295280637777,10.535215503716461,10.543517676280715,88100
6067,2004-03-29,10.9669189453125,11.066542640586754,10.585027717558487,10.709557138716617,136400
6068,2004-03-30,11.282394409179688,11.282394409179688,10.751067241092592,10.883898835179677,109100
6069,2004-03-31,10.825782775878906,11.365411203424772,10.709554761324124,11.365411203424772,84200
6070,2004-04-01,11.265796661376953,11.265796661376953,10.809187987244124,10.809187987244124,116900
6071,2004-04-02,11.523150444030762,11.539753995365599,11.315600906044052,11.34880880045238,82800
6072,2004-04-05,11.738996505737305,11.788807927515405,11.456729143200487,11.523144900063471,120700
6073,2004-04-06,11.66427993774414,11.738997870838343,11.282388895503619,11.705789988545183,99500
6074,2004-04-07,11.63107967376709,11.9133472540124,11.382019997566,11.581267421831319,90300
6075,2004-04-08,11.622772216796875,11.871831779790227,11.581262157674896,11.830321720668248,73300
6076,2004-04-12,11.788813591003418,11.913343788751025,11.614471947547694,11.705794250910335,113200
6077,2004-04-13,11.332202911376953,11.871832111566386,11.332202911376953,11.871832111566386,92200
6078,2004-04-14,11.199371337890625,11.813717695734887,11.083144119332196,11.340505067630327,73300
6079,2004-04-15,11.597867965698242,11.672585923225459,11.000125097219142,11.249184691730319,156800
6080,2004-04-16,11.489944458007812,11.622776057703359,11.21597908570105,11.622776057703359,113700
6081,2004-04-19,11.66427993774414,11.672582106252023,11.22427529942518,11.4567304754773,80500
6082,2004-04-20,11.191073417663574,11.855232258367321,11.124657612767084,11.58126686523459,97800
6083,2004-04-21,11.738996505737305,11.747297881541472,11.373709051252622,11.373709051252622,137600
6084,2004-04-22,11.77220630645752,11.855225620223372,11.51484461278505,11.738998422603498,99900
6085,2004-04-23,12.187308311462402,12.187308311462402,11.622773352417214,11.705793478772778,127400
6086,2004-04-26,11.905044555664062,12.286935831220191,11.830326576921081,12.162405602735607,145500
6087,2004-04-27,11.77220630645752,12.162398743807673,11.506542443886943,12.120889482793949,147000
6088,2004-04-28,11.506545066833496,11.772208989962847,11.415223563352566,11.772208989962847,100600
6089,2004-04-29,11.074841499328613,11.581261996710303,10.958613493750194,11.456732612813687,104500
6090,2004-04-30,10.834086418151855,11.240883336740245,10.609932529293754,11.240883336740245,159300
6091,2004-05-03,10.5933256149292,11.149558282867883,10.45219190564694,10.834082979280389,197300
6092,2004-05-04,10.502005577087402,10.883896732167232,10.377476179627315,10.676347208574686,332900
6093,2004-05-05,9.140481948852539,10.086907346324372,8.932932408461184,10.086907346324372,1589400
6094,2004-05-06,9.289920806884766,9.439356789280113,8.92463381759934,9.132183441264441,1226000
6095,2004-05-07,9.04915714263916,9.422746845451984,9.007647879427465,9.298216680601561,652100
6096,2004-05-10,8.974443435668945,9.25671017575949,8.883121121407262,9.21520089662827,326000
6097,2004-05-11,9.065765380859375,9.265012780238116,8.974443854078816,9.265012780238116,285200
6098,2004-05-12,9.157082557678223,9.173686895608153,8.891419484706608,9.157082557678223,319900
6099,2004-05-13,8.808403015136719,9.215200753246444,8.808403015136719,9.074066989527736,254500
6100,2004-05-14,8.59255313873291,8.982745788618878,8.376701380239288,8.849914180850137,241400
6101,2004-05-17,8.492927551269531,8.733685799127395,8.218962197469788,8.592552036050105,187900
6102,2004-05-18,8.484623908996582,8.559341856795868,8.326885843256193,8.434811679884216,108100
6103,2004-05-19,8.484623908996582,8.758589189768285,8.468019568712952,8.567643235199162,276000
6104,2004-05-20,8.484623908996582,8.625757634453342,8.26047006559872,8.551039686654054,178800
6105,2004-05-21,8.542743682861328,8.733689775259739,8.52614012233139,8.567649419525784,143700
6106,2004-05-24,8.741990089416504,8.833312432237856,8.658970713452273,8.741990089416504,535200
6107,2004-05-25,9.123875617980957,9.13217778780529,8.65896519215715,8.75858885483368,291100
6108,2004-05-26,9.065765380859375,9.12387900774348,8.858215808571824,8.924631608364738,318100
6109,2004-05-27,9.04915714263916,9.19859302376429,8.974439993815041,9.065761481314595,276900
6110,2004-05-28,9.04915714263916,9.231800909376714,9.024251426364454,9.231800909376714,166500
6111,2004-06-01,9.173690795898438,9.24840876487343,9.049160583693867,9.057462756188588,212600
6112,2004-06-02,9.040855407714844,9.09896900730513,8.82500376389605,9.09066683829554,267800
6113,2004-06-03,8.758589744567871,8.95783709016131,8.642361730435747,8.95783709016131,205600
6114,2004-06-04,8.932930946350098,9.09897039313869,8.758589329287442,9.007648895339598,166800
6115,2004-06-07,9.323123931884766,9.339728273294028,9.090668694325139,9.157084476485032,160400
6116,2004-06-08,9.289920806884766,9.364638798082439,9.215203607426075,9.323128715001623,167800
6117,2004-06-09,9.165388107299805,9.547279311426408,9.148784554984058,9.547279311426408,140600
6118,2004-06-10,9.389542579650879,9.480864102356266,9.181993016625109,9.21520091503968,295300
6119,2004-06-14,9.123875617980957,9.397840888276036,9.123875617980957,9.397840888276036,261200
6120,2004-06-15,9.406142234802246,9.431047950356815,9.206894926888848,9.206894926888848,337000
6121,2004-06-16,9.364635467529297,9.406145535846965,9.298219674916504,9.406145535846965,240400
6122,2004-06-17,9.298216819763184,9.406142647553443,9.240103217006297,9.364632591982042,232000
6123,2004-06-18,9.248407363891602,9.43105038067556,9.231803021417447,9.33972887228358,176400
6124,2004-06-21,9.19029426574707,9.281616578882753,9.157086367808297,9.281616578882753,100900
6125,2004-06-22,9.397842407226562,9.41444674955895,9.132179263817326,9.132179263817326,140700
6126,2004-06-23,9.514379501342773,9.605943670258046,9.297954236078555,9.397842636852245,135200
6127,2004-06-24,9.572646141052246,9.647562629170906,9.364545137985893,9.547674242960136,597800
6128,2004-06-25,9.905609130859375,9.905609130859375,9.51437974942206,9.647564287259653,255400
6129,2004-06-28,9.639242172241211,9.988852057770593,9.589298356504235,9.888963632454004,230800
6130,2004-06-29,9.905609130859375,9.96387796154517,9.630915823108722,9.66421195756812,186000
6131,2004-06-30,10.038797378540039,10.06376928817764,9.87231586404218,9.988852765422143,189300
6132,2004-07-01,9.72248649597168,9.988855728022543,9.63924571403432,9.988855728022543,191400
6133,2004-07-02,9.647564888000488,9.789073666725109,9.58097261493508,9.73080483241099,108800
6134,2004-07-06,9.481085777282715,9.730806445759942,9.256336223042036,9.730806445759942,196000
6135,2004-07-07,9.264660835266113,9.680863024844056,9.264660835266113,9.406169643230028,135600
6136,2004-07-08,9.031584739685059,9.297953795801792,8.989964376206219,9.264657663787201,219800
6137,2004-07-09,8.956672668457031,9.156449559226985,8.940024197304803,9.114829175189211,252500
6138,2004-07-12,9.006614685058594,9.056559294640047,8.823486302226087,8.906726259738326,149700
6139,2004-07-13,8.981646537780762,9.189747709456723,8.948350382066327,8.948350382066327,184700
6140,2004-07-14,8.823482513427734,8.923370895855989,8.756890258475565,8.923370895855989,134400
6141,2004-07-15,8.806840896606445,8.906729356658497,8.748572826703478,8.848461286755528,81900
6142,2004-07-16,8.690301895141602,8.873431091917098,8.665329984531265,8.823487270696424,149200
6143,2004-07-19,8.632028579711914,8.781861539767963,8.498844079147533,8.615380914062486,126300
6144,2004-07-20,8.989964485168457,8.989964485168457,8.57376243302031,8.715271194258072,130100
6145,2004-07-21,9.364548683166504,10.67142322314321,9.289632166686351,9.564325531218492,829900
6146,2004-07-22,9.59762191772461,9.714158812319765,9.389520830560677,9.389520830560677,218600
6147,2004-07-23,9.031584739685059,9.522702488439686,9.031584739685059,9.51437905081784,379800
6148,2004-07-26,9.04823112487793,9.206388324887426,8.915046615717698,9.131471840024222,227300
6149,2004-07-27,9.239689826965332,9.339578266941263,9.106504446488001,9.13147715186405,241100
6150,2004-07-28,9.04823112487793,9.239684452177483,8.873426258144551,9.239684452177483,184300
6151,2004-07-29,9.572646141052246,9.572646141052246,9.256332521130311,9.322924778604158,172700
6152,2004-07-30,9.547677040100098,9.664213127899218,9.389519786883348,9.514380901608554,132000
6153,2004-08-02,9.539353370666504,9.66421369892675,9.372872668371974,9.464436856173315,177800
6154,2004-08-03,9.17309284210205,9.489405676660706,9.1647686112341,9.489405676660706,174800
6155,2004-08-04,9.281306266784668,9.381195466721984,9.031585648468836,9.156445957626753,64200
6156,2004-08-05,9.17309284210205,9.422813417401795,9.156444380366148,9.381193850746737,97800
6157,2004-08-06,8.806840896606445,9.089858597008714,8.790193216852561,9.089858597008714,125300
6158,2004-08-09,8.781864166259766,8.989965209091313,8.756892263395875,8.815160301359114,66600
6159,2004-08-10,8.989964485168457,9.123149014841077,8.84013149236555,8.865103393218563,94100
6160,2004-08-11,8.815162658691406,8.9067268562399,8.582089650668074,8.9067268562399,128400
6161,2004-08-12,8.507174491882324,8.831811749492829,8.407286043860413,8.81516407174392,143600
6162,2004-08-13,8.52381706237793,8.823483020734297,8.432252905014785,8.590409321158823,123800
6163,2004-08-16,8.806840896606445,8.806840896606445,8.440583209748924,8.440583209748924,116600
6164,2004-08-17,8.906723022460938,9.14812016103963,8.898398791582485,8.948343383010855,390700
6165,2004-08-18,9.364548683166504,9.406169058304657,8.865105769193905,8.90672614433206,639500
6166,2004-08-19,9.331253051757812,9.506058001816681,9.198068479111564,9.25633653118363,510200
6167,2004-08-20,9.68918514251709,9.68918514251709,9.314602618651833,9.314602618651833,277100
6168,2004-08-23,9.531028747558594,9.647565631323213,9.347899585597785,9.531028747558594,347500
6169,2004-08-24,9.556002616882324,9.689187994482724,9.397846122130787,9.572651086773401,382000
6170,2004-08-25,9.697504043579102,9.739124392738583,9.422810850505506,9.47275542826531,88700
6171,2004-08-26,9.680861473083496,9.697509145199941,9.572648825877687,9.572648825877687,146400
6172,2004-08-27,9.580970764160156,9.714155284563457,9.531026172087739,9.597618432289389,91800
6173,2004-08-30,9.589295387268066,9.722479913117501,9.531026561827144,9.580971155941878,85700
6174,2004-08-31,9.489409446716309,9.680862863530132,9.34790064111038,9.580974434957007,68900
6175,2004-09-01,9.364548683166504,9.739130471724637,9.281307932890195,9.572649765014647,152100
6176,2004-09-02,9.680861473083496,9.714157611158935,9.272983583198746,9.364547764445563,60300
6177,2004-09-03,9.356222152709961,9.680860046487947,9.198065718618594,9.680860046487947,79300
6178,2004-09-07,9.322929382324219,9.572650868086319,9.164772891185763,9.439466287371257,127300
6179,2004-09-08,9.1065034866333,9.37287342566896,9.081531577732125,9.322928814023939,85400
6180,2004-09-09,9.364548683166504,9.4311409658505,9.039910709700052,9.123151459976361,139400
6181,2004-09-10,9.572646141052246,9.60594226978917,9.256332521130311,9.30627711115686,68600
6182,2004-09-13,9.705831527709961,9.73912765943731,9.497730505953427,9.497730505953427,72000
6183,2004-09-14,9.697504043579102,9.89728156077619,9.514375777424792,9.714152500779747,226200
6184,2004-09-15,9.372868537902832,9.947226906169314,9.297952056424105,9.714154025668362,132500
6185,2004-09-16,9.88063907623291,9.972203264658866,9.389520405731869,9.389520405731869,339300
6186,2004-09-17,10.446672439575195,10.488292806633757,9.789073180345843,9.963878086917822,305600
6187,2004-09-20,10.446672439575195,10.546560844210259,10.238571398124863,10.321811338399511,196700
6188,2004-09-21,10.796284675598145,10.81293234985212,10.321813654798738,10.454999018043802,118800
6189,2004-09-22,10.19555950164795,10.729532637130177,10.187215972485356,10.729532637130177,184400
6190,2004-09-23,10.337398529052734,10.370771857169267,10.112127967503966,10.128815029403684,57700
6191,2004-09-24,10.278996467590332,10.404147067429653,10.220593331741812,10.262310198354918,95900
6192,2004-09-27,10.087096214294434,10.20390244221032,10.02869310033649,10.20390244221032,78100
6193,2004-09-28,10.01201057434082,10.078757247848444,9.970293704477779,10.037040377985402,114700
6194,2004-09-29,10.29567813873291,10.429171405412974,10.03703433777831,10.045377865866472,191900
6195,2004-09-30,10.512609481811523,10.56266907986496,10.212248710759045,10.29568243509206,149400
6196,2004-10-01,10.846345901489258,10.846345901489258,10.545985839893968,10.554328578175886,124300
6197,2004-10-04,10.921431541442871,11.029895050510557,10.846341358574254,10.846341358574254,229800
6198,2004-10-05,11.063271522521973,11.063271522521973,10.83800090986101,10.863031508389842,71100
6199,2004-10-06,11.05492877960205,11.063272313041177,10.712851865429329,11.063272313041177,121800
6200,2004-10-07,10.971491813659668,11.19676237624312,10.89640242181476,11.06326906316385,108200
6201,2004-10-08,10.829654693603516,10.95480526818811,10.812968427735303,10.888058613349482,127100
6202,2004-10-11,10.679472923278809,10.888056375703462,10.671129394217969,10.762905826839035,73100
6203,2004-10-12,10.946463584899902,10.946463584899902,10.604386722197253,10.687820452668495,102500
6204,2004-10-13,10.846345901489258,11.238483245334395,10.79628549338178,11.054929476517898,129500
6205,2004-10-14,10.696161270141602,10.913088293900941,10.687818535137689,10.762907924270186,123500
6206,2004-10-15,10.687817573547363,10.971490430230162,10.671130513675124,10.696160307800675,106300
6207,2004-10-18,10.762908935546875,10.84634265888843,10.220592120875635,10.604385816017468,196600
6208,2004-10-19,11.305222511291504,11.613925904392412,11.138355919842724,11.26350566450864,354400
6209,2004-10-20,11.113327026367188,11.305224232511632,11.013207056254657,11.25516384961397,165500
6210,2004-10-21,11.263504981994629,11.338595142517146,11.029891768122171,11.180071293484582,105000
6211,2004-10-22,11.021553993225098,11.288540662728197,10.996524191879942,11.221793995352423,210800
6212,2004-10-25,11.180081367492676,11.355291634693954,10.929781667790854,11.013214635797015,132500
6213,2004-10-26,10.92977523803711,11.1383587288723,10.921431707439814,11.054925014265075,114200
6214,2004-10-27,11.497123718261719,11.53049705055937,10.929777069201633,10.929777069201633,132500
6215,2004-10-28,11.263504981994629,11.522148779829674,11.163385033192148,11.522148779829674,106800
6216,2004-10-29,11.021553993225098,11.246823796697578,10.93812026116386,11.146703795633915,103300
6217,2004-11-01,11.263504981994629,11.296878298262122,10.938114551624595,11.104981928644689,80600
6218,2004-11-02,11.221795082092285,11.405348832992878,11.113331538182077,11.263511952162846,144800
6219,2004-11-03,11.221795082092285,11.330258626002495,11.021555060573338,11.263511952162846,114700
6220,2004-11-04,11.38865852355957,11.38865852355957,11.088298576814218,11.155045231646518,114200
6221,2004-11-05,11.255167007446289,11.388660338383533,11.163390541347688,11.388660338383533,129400
6222,2004-11-08,11.246827125549316,11.30523107355188,11.163394164476511,11.255170660361578,72700
6223,2004-11-09,11.246827125549316,11.263514195173842,11.163394164476511,11.163394164476511,49700
6224,2004-11-10,11.180081367492676,11.296888477521307,11.155051556659162,11.196768438503911,68300
6225,2004-11-11,11.221795082092285,11.263511952162846,11.063271930643898,11.063271930643898,113100
6226,2004-11-12,11.263504981994629,11.263504981994629,11.130011716924653,11.155041505204618,110400
6227,2004-11-15,11.263504981994629,11.263504981994629,11.09663840065716,11.138355244912182,964600
6228,2004-11-16,11.221795082092285,11.263511952162846,11.155048408252636,11.196765278323197,111300
6229,2004-11-17,11.263504981994629,11.497118195867086,11.163385033192148,11.263504981994629,238000
6230,2004-11-18,11.255167007446289,11.338600737123574,11.196763874081999,11.271854071654952,147000
6231,2004-11-19,11.138359069824219,11.255165319030397,11.071612414368433,11.171732397552113,69500
6232,2004-11-22,11.305222511291504,11.355282090884801,11.013205379494137,11.071609283263212,160500
6233,2004-11-23,11.330254554748535,11.430374529532308,11.07161148547783,11.346941615053913,198400
6234,2004-11-24,11.447063446044922,11.513810106724126,11.330256392014835,11.40534658419968,90900
6235,2004-11-26,11.330254554748535,11.530494504316081,11.330254554748535,11.413688264909762,23100
6236,2004-11-29,11.13001537322998,11.472092176267607,11.096642045999062,11.388658460348871,154700
6237,2004-11-30,11.146707534790039,11.346948399771076,11.138364795331778,11.280201710005166,131300
6238,2004-12-01,11.038241386413574,11.50546890131167,10.562671134006123,11.230138671424921,1000400
6239,2004-12-02,11.305222511291504,11.380312676364122,10.954802271407733,10.954802271407733,530500
6240,2004-12-03,11.263504981994629,11.413685303039664,11.230131665727136,11.346938670504676,89300
6241,2004-12-06,11.23013687133789,11.330256866549933,11.121673344270762,11.263510203075239,76400
6242,2004-12-07,10.921431541442871,11.405345169170786,10.91308801097239,11.263508333904033,112200
6243,2004-12-08,10.888055801391602,10.971488700550996,10.721189207390129,10.888055801391602,91200
6244,2004-12-09,10.821313858032227,10.821313858032227,10.470893460776875,10.704506793719434,177900
6245,2004-12-10,10.721193313598633,10.796282712896462,10.579356455453306,10.737879581548265,75400
6246,2004-12-13,10.66279125213623,10.771254797676153,10.587701044017582,10.74622499353098,254200
6247,2004-12-14,11.079957962036133,11.096645027977313,10.579357919047164,10.579357919047164,209700
6248,2004-12-15,10.971491813659668,11.146701985996938,10.904745157120033,11.104985922421848,94500
6249,2004-12-16,10.913087844848633,10.97149096588725,10.754564746736884,10.762907481397509,87100
6250,2004-12-17,11.13001537322998,11.13001537322998,10.888058551885106,10.913088348387573,109900
6251,2004-12-20,10.971491813659668,11.19676237624312,10.80462517231058,11.054925532175666,102100
6252,2004-12-21,11.096641540527344,11.188417987311066,10.996521563395234,11.013207828409161,166400
6253,2004-12-22,10.92977523803711,11.130015198275004,10.92977523803711,11.121671667677706,87100
6254,2004-12-23,10.938118934631348,11.054925986214569,10.812969147400208,10.82131267873107,69300
6255,2004-12-27,10.73788070678711,11.113330925352212,10.73788070678711,10.954807782645371,124200
6256,2004-12-28,11.138359069824219,11.138359069824219,10.771251669134497,10.804624996862389,99400
6257,2004-12-29,11.28887939453125,11.405949542010031,11.104912247771777,11.138360747412122,122000
6258,2004-12-30,11.163445472717285,11.288877121746703,11.155083150121998,11.230342458529638,48500
6259,2004-12-31,11.113274574279785,11.347414071809174,11.088188398913278,11.121636898560334,67900
6260,2005-01-03,11.146721839904785,11.247067327736987,11.038014028717805,11.046376352072585,170500
6261,2005-01-04,10.762067794799805,11.163450694913442,10.644997616125963,11.163450694913442,347600
6262,2005-01-05,10.04292106628418,10.895858144718535,9.99274792168212,10.703529484939983,183900
6263,2005-01-06,9.942573547363281,10.335593110467126,9.934211225388752,10.10981599947927,123000
6264,2005-01-07,9.984382629394531,10.218522837954923,9.925847975991854,10.076366567569986,132300
6265,2005-01-10,10.201799392700195,10.226885561748677,9.967659954139517,10.034556936585425,158400
6266,2005-01-11,9.97602367401123,10.168352326120813,9.97602367401123,10.159990002774732,104100
6267,2005-01-12,9.800419807434082,10.084732448563203,9.716798160934296,9.992748477918415,196600
6268,2005-01-13,9.549556732177734,9.783696252067365,9.44084889857446,9.783696252067365,252800
6269,2005-01-14,9.86732006072998,9.86732006072998,9.524472632435678,9.524472632435678,106700
6270,2005-01-18,10.185074806213379,10.352317250183452,9.867313763932803,10.059642375129666,149900
6271,2005-01-19,9.950934410095215,10.210160791741835,9.900762076534491,10.210160791741835,204600
6272,2005-01-20,9.909131050109863,10.017838111626496,9.825509374738948,9.950941090319922,232600
6273,2005-01-21,9.8255033493042,10.017831968247304,9.73352020078466,9.934211141631788,416400
6274,2005-01-24,9.591367721557617,9.94257740604187,9.591367721557617,9.909128902637427,126900
6275,2005-01-25,9.6749849319458,9.867314352081483,9.57463945958259,9.64989876322373,156600
6276,2005-01-26,9.900765419006348,9.900765419006348,9.666625922570086,9.842230744266066,216500
6277,2005-01-27,9.97602367401123,10.017833695791541,9.725159555954129,9.817142720335879,101400
6278,2005-01-28,10.644993782043457,10.653356105538675,10.226887176983306,10.394130456987416,364000
6279,2005-01-31,11.129997253417969,11.213618089001558,10.787149195857765,10.828960012387057,381300
6280,2005-02-01,11.180174827575684,11.355779701201495,11.054743116760976,11.071466972714433,192500
6281,2005-02-02,11.113274574279785,11.23870624858746,11.054739899266222,11.188533897854445,150400
6282,2005-02-03,10.711893081665039,11.171809774046086,10.67844458044687,11.04637809384674,162300
6283,2005-02-04,10.979482650756836,11.079828168662786,10.619910613487386,10.62827293934837,301700
6284,2005-02-07,11.2972412109375,11.339052032977094,11.038014752272108,11.054739400077985,156700
6285,2005-02-08,11.531381607055664,11.606640933165535,11.255431276302913,11.372501427748842,145700
6286,2005-02-09,11.03801155090332,11.539739674911372,10.99620074099017,11.539739674911372,111800
6287,2005-02-10,10.92094612121582,11.104912474252078,10.879135296443888,10.979480797411433,91500
6288,2005-02-11,11.422670364379883,11.456118855151386,10.787148242246394,10.879132189974221,100700
6289,2005-02-14,11.497932434082031,11.531380932900356,11.297241441172083,11.514657082228753,99000
6290,2005-02-15,11.305603981018066,11.615002800361369,11.297241656785108,11.497932653525336,143100
6291,2005-02-16,11.58991527557373,11.615002247077584,11.305603442472577,11.305603442472577,141300
6292,2005-02-17,11.305603981018066,11.589915827662491,11.297241656785108,11.589915827662491,94900
6293,2005-02-18,11.021292686462402,11.355777721987344,10.787152364119715,11.288880714882355,117100
6294,2005-02-22,10.611541748046875,11.138355990499528,10.544644777336202,10.90421659301217,154200
6295,2005-02-23,10.594825744628906,10.695171274953935,10.544652580728698,10.686808948058003,67300
6296,2005-02-24,10.745339393615723,10.787149413513635,10.45266446948027,10.477750640914019,126000
6297,2005-02-25,11.138358116149902,11.188531252495375,10.686803078940446,10.745338537589321,78900
6298,2005-02-28,10.996201515197754,11.28051408565487,10.937666855683027,11.155082444559048,146200
6299,2005-03-01,11.556467056274414,11.640088701686068,10.99620410545162,10.99620410545162,180900
6300,2005-03-02,11.389223098754883,11.790605828664862,11.389223098754883,11.556465570602786,209800
6301,2005-03-03,11.405950546264648,11.523019906575847,11.138361728106469,11.456122901405102,77000
6302,2005-03-04,11.43103313446045,11.548103255486527,11.288876843741267,11.456119304153553,63500
6303,2005-03-07,11.598275184631348,11.69862065732941,11.372498070429438,11.372498070429438,85800
6304,2005-03-08,11.330692291259766,11.715350506229756,11.330692291259766,11.52302100000712,108200
6305,2005-03-09,11.255425453186035,11.431030190766323,11.196890806484188,11.297236256890818,86400
6306,2005-03-10,11.19689655303955,11.52301923486754,11.088188726605168,11.113274902713053,82700
6307,2005-03-11,10.98784351348877,11.280517702373462,10.81223868116788,11.238706876111312,111300
6308,2005-03-14,11.19689655303955,11.305604379473934,10.971118575643104,11.029653252386556,64200
6309,2005-03-15,10.854044914245605,11.322324569166826,10.854044914245605,11.280513757526109,154200
6310,2005-03-16,10.887497901916504,11.038015758515344,10.778790073693623,10.912584078437115,255500
6311,2005-03-17,10.887497901916504,10.937670254957727,10.778790073693623,10.87077325258598,93900
6312,2005-03-18,10.828961372375488,10.870772194155721,10.544648741240016,10.828961372375488,290500
6313,2005-03-21,11.029647827148438,11.029647827148438,10.828956922050422,10.870767726647866,173600
6314,2005-03-22,11.079938888549805,11.247562611667728,11.004508013323498,11.054794730612395,101900
6315,2005-03-23,10.761454582214355,11.063177316552807,10.753073195326136,11.02127118140476,247300
6316,2005-03-24,10.996124267578125,11.113461248226658,10.803357227183522,10.811737812071227,97200
6317,2005-03-28,10.853646278381348,11.046414159712159,10.853646278381348,10.937458539706563,154600
6318,2005-03-29,10.811741828918457,11.021271715519923,10.769836491032631,10.862029353391765,148300
6319,2005-03-30,10.937459945678711,10.979366081728205,10.870410447716745,10.870410447716745,67000
6320,2005-03-31,10.895554542541504,10.962604045013695,10.80336167646552,10.945842069042206,106600
6321,2005-04-01,10.476494789123535,11.004510222410536,10.468113401461887,10.937460719703594,209100
6322,2005-04-04,10.761454582214355,10.778216556697746,10.367538190691592,10.52678134439556,131700
6323,2005-04-05,10.727932929992676,10.853650572425373,10.71117015137857,10.761457687927614,68700
6324,2005-04-06,10.727932929992676,11.029655751407116,10.6608834141228,10.6608834141228,94700
6325,2005-04-07,10.870409965515137,10.88717193961555,10.69440484134914,10.736310975539716,175600
6326,2005-04-08,10.7698335647583,10.878788372809009,10.711164668931533,10.736308823982805,105100
6327,2005-04-11,10.535158157348633,10.81173743121988,10.535158157348633,10.769832110379138,227900
6328,2005-04-12,10.694405555725098,10.694405555725098,10.275345784412607,10.51001903254554,129500
6329,2005-04-13,10.334014892578125,10.644119057320932,10.233440633685307,10.644119057320932,94700
6330,2005-04-14,9.982000350952148,10.501634201038703,9.982000350952148,10.384298015101855,105200
6331,2005-04-15,9.638374328613281,9.99876597232651,9.437225838802988,9.990384585427819,251800
6332,2005-04-18,9.67189884185791,9.789235857708787,9.579705986092026,9.63837409437095,217500
6333,2005-04-19,9.889808654785156,9.906570626432378,9.671897428320882,9.688660199261015,76700
6334,2005-04-20,9.680281639099121,9.948479658074834,9.646756886727157,9.931717681535426,91600
6335,2005-04-21,9.940095901489258,10.015526776174708,9.680279332342657,9.764090793654193,120100
6336,2005-04-22,9.856284141540527,9.973620343680079,9.713803782405703,9.948476985977736,133100
6337,2005-04-25,9.738947868347168,9.93171575659401,9.638373630724333,9.889809624427913,123700
6338,2005-04-26,9.521036148071289,9.7808535151742,9.495892789736475,9.738947385087544,148500
6339,2005-04-27,9.085216522216797,9.420464039928692,9.076835134450716,9.412082652162612,163100
6340,2005-04-28,8.783490180969238,9.143881748077963,8.758346824910664,9.09359503596081,170100
6341,2005-04-29,8.842164039611816,8.892450779949277,8.490153660076281,8.800257889801713,184100
6342,2005-05-02,8.7918701171875,8.884063739696913,8.649389790848177,8.875682355961013,87800
6343,2005-05-03,8.94273567199707,8.94273567199707,8.791873897062114,8.875686171868887,162300
6344,2005-05-04,9.202548027038574,9.219310793960826,8.842157330430064,8.884063448442976,145500
6345,2005-05-05,9.009781837463379,9.16902414150646,8.884064271076356,9.11873743466877,71100
6346,2005-05-06,9.076836585998535,9.110361343130931,8.993024293520918,9.060074607078967,40000
6347,2005-05-09,9.23607349395752,9.23607349395752,9.026543704703958,9.177404609447477,84400
6348,2005-05-10,9.060072898864746,9.269602791260116,9.051691511338586,9.185790514584724,107600
6349,2005-05-11,9.10197639465332,9.219313398378139,8.900827930519014,9.160645296162203,94900
6350,2005-05-12,8.892443656921387,9.202547638247236,8.884063073107045,9.118736205055017,73900
6351,2005-05-13,9.076836585998535,9.252841760766925,8.892450022123732,8.934356168362541,106700
6352,2005-05-16,9.177408218383789,9.22769573926857,9.101977336703131,9.13550208419531,99700
6353,2005-05-17,9.10197639465332,9.227694784206973,9.034926906608552,9.135501138675705,150400
6354,2005-05-18,9.42046070098877,9.479129595263897,9.185787521766805,9.185787521766805,149300
6355,2005-05-19,9.629990577697754,9.671896702610841,9.470748262179443,9.470748262179443,132400
6356,2005-05-20,9.47075080871582,9.621611779957092,9.47075080871582,9.621611779957092,92100
6357,2005-05-23,9.43722915649414,9.571328196843993,9.420466376803745,9.512660066514265,63100
6358,2005-05-24,9.487517356872559,9.58809165261084,9.386943061134277,9.386943061134277,111700
6359,2005-05-25,9.294745445251465,9.487512547884206,9.236077335631595,9.44560721203747,112700
6360,2005-05-26,9.588083267211914,9.588083267211914,9.236073939629577,9.236073939629577,98600
6361,2005-05-27,9.604846000671387,9.67189547228608,9.546177912831718,9.604846000671387,161600
6362,2005-05-31,8.925973892211914,9.730568782723736,8.925973892211914,9.638375909594895,350800
6363,2005-06-01,9.3450288772583,9.36179164512865,8.967875392395873,8.967875392395873,246700
6364,2005-06-02,9.495892524719238,9.554560625627442,9.30312545071061,9.30312545071061,129600
6365,2005-06-03,9.361795425415039,9.604850062631028,9.361795425415039,9.554562538006682,243700
6366,2005-06-06,9.261218070983887,9.403698410483086,9.219311947726567,9.336648932988501,120100
6367,2005-06-07,9.37017822265625,9.57132675283409,9.30312871259697,9.311509301884474,117900
6368,2005-06-08,9.311502456665039,9.445602177495292,9.261215760734737,9.39531468227237,188200
6369,2005-06-09,9.378555297851562,9.412080040319669,9.261219098859645,9.31150581291535,249300
6370,2005-06-10,9.521036148071289,9.521036148071289,9.395318557104268,9.40369994298019,70900
6371,2005-06-13,9.588083267211914,9.621608003138459,9.437222355188842,9.487509059432282,110700
6372,2005-06-14,9.6635160446167,9.730565529803664,9.537798459714367,9.554560431364651,124100
6373,2005-06-15,9.780853271484375,9.780853271484375,9.39531832302004,9.72218517040054,209000
6374,2005-06-16,10.015528678894043,10.015528678894043,9.663518396350083,9.780855423629104,183500
6375,2005-06-17,9.889808654785156,10.049050982251872,9.889808654785156,9.93171478284258,224000
6376,2005-06-20,9.847901344299316,9.99876306747505,9.831138575371874,9.847901344299316,85900
6377,2005-06-21,9.89819049835205,9.948477214913943,9.805996852500336,9.856284368355176,62400
6378,2005-06-22,9.830972671508789,10.024231528482483,9.780557874961733,9.931803065931643,89200
6379,2005-06-23,9.889784812927246,9.973809688360461,9.788953680282203,9.788953680282203,194000
6380,2005-06-24,9.973814964294434,9.973814964294434,9.780556927373272,9.856179114867205,236200
6381,2005-06-27,10.108251571655273,10.12505702993549,9.864578035890627,9.923396338543029,217300
6382,2005-06-28,10.637613296508789,10.679626148025362,10.125058751726382,10.15866887267394,175300
6383,2005-06-29,10.461163520812988,10.704837180929543,10.461163520812988,10.637616916161443,164900
6384,2005-06-30,10.326719284057617,10.578795587108766,10.276303702915996,10.46956249574232,169200
6385,2005-07-01,10.402338027954102,10.57038856125543,10.276299526981992,10.351922467299627,79100
6386,2005-07-05,10.721640586853027,10.721640586853027,10.360331132179462,10.360331132179462,96500
6387,2005-07-06,10.4527587890625,10.713237866237973,10.419148663103918,10.713237866237973,283100
6388,2005-07-07,10.284710884094238,10.452761558410389,10.267906217327036,10.335126487053495,103700
6389,2005-07-08,10.704835891723633,10.713238624139878,10.234294095015269,10.301514351687892,138500
6390,2005-07-11,10.923300743103027,10.965313598534522,10.671224411842628,10.70483453592211,130800
6391,2005-07-12,10.923300743103027,10.923300743103027,10.805664908160557,10.881287887671533,128100
6392,2005-07-13,10.864481925964355,10.923299435731646,10.814066345214913,10.914896705385328,30600
6393,2005-07-14,10.830876350402832,10.923304019008379,10.797266216243651,10.923304019008379,38700
6394,2005-07-15,10.839275360107422,10.923301073512029,10.713237591329104,10.713237591329104,55500
6395,2005-07-18,10.662822723388672,10.898094416284817,10.629212596021887,10.805665965029673,65300
6396,2005-07-19,11.040934562683105,11.057739220991117,10.662819734147599,10.721638041546688,73200
6397,2005-07-20,11.158576011657715,11.259406423655143,11.00733079432601,11.0997584716581,114900
6398,2005-07-21,10.797260284423828,11.166971557062125,10.78885755516814,11.099751325673344,112900
6399,2005-07-22,10.990520477294922,10.990520477294922,10.688029374725453,10.830872595715391,86600
6400,2005-07-25,10.856080055236816,11.124961036982102,10.79726254081217,10.982117815097785,91700
6401,2005-07-26,10.931702613830566,11.040935708821387,10.797262128096786,10.797262128096786,73800
6402,2005-07-27,10.98211669921875,10.998922159534516,10.814066102703356,10.990519429376633,122500
6403,2005-07-28,10.511577606201172,10.98211939181157,10.150268134110984,10.98211939181157,328700
6404,2005-07-29,10.368734359741211,10.545187729608053,10.32672149999603,10.503174869862871,235000
6405,2005-08-01,10.07464599609375,10.351929772035506,10.032633132790423,10.335125107511406,196700
6406,2005-08-02,10.091453552246094,10.167076561590559,10.041037945573489,10.091453552246094,160100
6407,2005-08-03,9.864581108093262,10.083047325804559,9.830970982393724,10.015827074405482,223800
6408,2005-08-04,9.478065490722656,9.88979058558322,9.469663559204909,9.864582387043852,152400
6409,2005-08-05,9.536886215209961,9.646118564340801,9.461263203250986,9.461263203250986,154300
6410,2005-08-08,9.444450378417969,9.646111052378256,9.368827425350789,9.595696284552329,118800
6411,2005-08-09,9.452857971191406,9.612505886564678,9.394040444684732,9.49487083355133,115900
6412,2005-08-10,9.553689002990723,9.746947862320596,9.461261340641762,9.503274205829019,113000
6413,2005-08-11,9.746944427490234,9.755346356503837,9.545282905922827,9.545282905922827,166400
6414,2005-08-12,9.788959503173828,9.86458249697728,9.578895987643671,9.721739242310475,107300
6415,2005-08-15,9.931800842285156,10.05783940809131,9.73014009858959,9.755347491219394,112300
6416,2005-08-16,9.721738815307617,9.97381518313773,9.721738815307617,9.906594925226859,133500
6417,2005-08-17,9.654512405395508,9.830965670305032,9.654512405395508,9.679720587045562,81000
6418,2005-08-18,9.637713432312012,9.704933687005651,9.553687713280642,9.58729784062746,60000
6419,2005-08-19,9.696529388427734,9.772152363073857,9.662919266510404,9.662919266510404,40600
6420,2005-08-22,9.788959503173828,9.814167701994124,9.654518981447122,9.738544708190673,68600
6421,2005-08-23,9.562090873718262,9.788959043138146,9.511675279775687,9.788959043138146,83400
6422,2005-08-24,9.755345344543457,9.830968307120509,9.562087374694006,9.562087374694006,107700
6423,2005-08-25,9.906593322753906,9.957008908696267,9.730139973948475,9.772152828679017,63600
6424,2005-08-26,9.973814964294434,9.973814964294434,9.738544066768643,9.898191975471834,120600
6425,2005-08-29,10.183879852294922,10.183879852294922,9.856180456564317,9.923401523479559,95600
6426,2005-08-30,10.141863822937012,10.24269418986984,10.125059162445803,10.175473945247955,103000
6427,2005-08-31,10.4527587890625,10.4527587890625,10.083047403518092,10.125060261298474,113200
6428,2005-09-01,10.284710884094238,10.51157989541766,10.267906217327036,10.377139355964738,267700
6429,2005-09-02,10.30151081085205,10.360328314891673,10.133460226932847,10.276302622267876,169300
6430,2005-09-06,10.75525188446045,10.75525188446045,10.335124863984094,10.335124863984094,150400
6431,2005-09-07,10.612407684326172,10.730043528017728,10.511577304588535,10.730043528017728,114800
6432,2005-09-08,10.587200164794922,10.671225079587144,10.435954196308858,10.671225079587144,99300
6433,2005-09-09,10.830876350402832,10.839278282946022,10.494774207482212,10.519982409098205,333700
6434,2005-09-12,10.923300743103027,10.990520991261992,10.746847391353604,10.788860246785099,82900
6435,2005-09-13,10.7300443649292,10.923302407501062,10.713238899664503,10.923302407501062,110500
6436,2005-09-14,10.461163520812988,10.780460179125846,10.452760787384785,10.738447313313593,133000
6437,2005-09-15,10.402338027954102,10.536778454595163,10.326715087636465,10.494765620937793,91900
6438,2005-09-16,10.318317413330078,10.503173491146246,10.284707290211552,10.46956336802772,256300
6439,2005-09-19,9.94860553741455,10.276304020306606,9.931800076072138,10.276304020306606,179100
6440,2005-09-20,9.906593322753906,10.015826424521892,9.847775806928281,9.965410838579531,139900
6441,2005-09-21,9.620905876159668,9.898189566814995,9.494868126344873,9.847774787420466,198200
6442,2005-09-22,9.696529388427734,9.755346901450933,9.494868656923753,9.578893561052821,104100
6443,2005-09-23,9.704934120178223,9.797361774175254,9.595701001093358,9.74694698156912,59000
6444,2005-09-26,9.814168930053711,9.864583731345334,9.730143192795913,9.83097359670798,87100
6445,2005-09-27,9.864581108093262,9.91499669730687,9.587297370739924,9.78055619450872,313400
6446,2005-09-28,9.822461128234863,9.915126371236571,9.721372429545186,9.915126371236571,80400
6447,2005-09-29,10.117308616638184,10.117308616638184,9.721377087844573,9.797193849037173,96200
6448,2005-09-30,10.193121910095215,10.201545366953855,10.058336156395203,10.075184676875832,72500
6449,2005-10-03,10.445841789245605,10.48796228101304,10.167847668314726,10.167847668314726,110700
6450,2005-10-04,10.487963676452637,10.521659913673608,10.445843179081006,10.471115959532984,212800
6451,2005-10-05,9.864580154418945,10.445840286360294,9.864580154418945,10.445840286360294,220800
6452,2005-10-06,9.704524040222168,9.999365856727088,9.645555034215977,9.873005192993766,214300
6453,2005-10-07,9.889853477478027,9.974094460417442,9.746644288509954,9.763492806450458,75200
6454,2005-10-10,9.763489723205566,9.931970832497633,9.763489723205566,9.889850354329292,64400
6455,2005-10-11,9.721372604370117,9.864581797601295,9.662404396586071,9.780340812154163,134300
6456,2005-10-12,9.670825004577637,9.763490221957904,9.493920433320053,9.704522031538708,137100
6457,2005-10-13,10.193121910095215,10.226818147674798,9.61186080762029,9.620285067860605,168500
6458,2005-10-14,10.117308616638184,10.285789861853992,10.092035827319352,10.285789861853992,142800
6459,2005-10-17,10.184697151184082,10.226817646941646,10.033063687809507,10.08360844339491,116000
6460,2005-10-18,9.948822975158691,10.15100038007793,9.906702481621785,10.13415186131053,102400
6461,2005-10-19,10.487963676452637,10.487963676452637,9.889854863244151,9.90670338354547,152000
6462,2005-10-20,10.100458145141602,10.471117616611672,10.033065660034643,10.437421374058191,184700
6463,2005-10-21,10.260514259338379,10.311058213396647,10.108880790400242,10.14257702756631,110200
6464,2005-10-24,10.344752311706543,10.353176570101697,10.226815907700388,10.226815907700388,86200
6465,2005-10-25,10.049909591674805,10.268934666519348,9.965668622085916,10.243662696995251,125200
6466,2005-10-26,10.108877182006836,10.28578256482721,10.016212763722402,10.049908988860503,111900
6467,2005-10-27,9.797188758850098,10.100454842674875,9.797188758850098,10.04991089706151,129100
6468,2005-10-28,9.856158256530762,9.906703012158205,9.687677076742009,9.839310540242703,161500
6469,2005-10-31,9.923550605773926,10.024639312397545,9.738221711988105,9.763493687798602,115600
6470,2005-11-01,9.881430625915527,9.957247360683235,9.771918457230694,9.923551123384438,127200
6471,2005-11-02,10.108877182006836,10.24366208255924,9.84773083465052,9.864579348910258,265100
6472,2005-11-03,10.235243797302246,10.378453038541629,10.100458818107967,10.151003586996744,220700
6473,2005-11-04,10.15099811553955,10.344751217851622,10.100453373894734,10.209966311307326,169400
6474,2005-11-07,10.226818084716797,10.252090061900487,10.058336094474404,10.201545304151436,381200
6475,2005-11-08,10.209972381591797,10.36160589329773,10.151004150764775,10.151004150764775,138800
6476,2005-11-09,10.437414169311523,10.530078571523687,10.209964086543618,10.218388342212334,130300
6477,2005-11-10,10.530083656311035,10.530083656311035,10.370026738223023,10.437419209352884,114400
6478,2005-11-11,10.386876106262207,10.53008533103482,10.378451845185758,10.513236808881922,177200
6479,2005-11-14,10.445841789245605,10.48796228101304,10.395297841829933,10.412145556507971,240700
6480,2005-11-15,10.05833625793457,10.44584339570253,10.05833625793457,10.437419938758856,284800
6481,2005-11-16,9.889853477478027,10.108879390415265,9.830885271449368,10.024638407475848,118800
6482,2005-11-17,10.092028617858887,10.092028617858887,9.814034560998424,9.87300355723463,106300
6483,2005-11-18,10.075183868408203,10.23524078322229,10.033063373968199,10.159424857288213,134300
6484,2005-11-21,10.226818084716797,10.226818084716797,9.898279167802134,10.100456592035002,449900
6485,2005-11-22,10.513233184814453,10.521657442986935,10.167846633557462,10.176270891729942,104500
6486,2005-11-23,10.42056941986084,10.555354345693495,10.403721705822523,10.487961882777167,257800
6487,2005-11-25,10.353177070617676,10.412145275471524,10.302632321184706,10.403721820050643,20200
6488,2005-11-28,9.990943908691406,10.336331355972384,9.990943908691406,10.319482835108177,90900
6489,2005-11-29,10.05833625793457,10.159425775075501,10.049912800990894,10.049912800990894,101800
6490,2005-11-30,10.134148597717285,10.167844821018985,10.049908441153699,10.066756151113882,171800
6491,2005-12-01,10.378449440002441,10.395297958250731,10.134151549073215,10.193120559560661,230800
6492,2005-12-02,10.361599922180176,10.42899237668367,10.277358952360093,10.361599922180176,130800
6493,2005-12-05,10.092028617858887,10.336327253129193,10.024636167915826,10.319478738952741,151100
6494,2005-12-06,10.100458145141602,10.209971134285858,10.033065660034643,10.083610425555758,470300
6495,2005-12-07,10.142573356628418,10.17626958159869,10.049908938805514,10.083605163775786,80700
6496,2005-12-08,10.066761016845703,10.294211236605411,10.03306477725705,10.159426278250795,118500
6497,2005-12-09,10.049909591674805,10.075181561198901,9.923548137291473,10.066757303563728,84700
6498,2005-12-12,10.201545715332031,10.21839423638803,10.024640261152554,10.108881259669143,123200
6499,2005-12-13,10.049909591674805,10.235238439360078,9.990940591610013,10.19311875794706,101300
6500,2005-12-14,9.93197250366211,10.092029383575593,9.898276276133933,10.024636928519238,76500
6501,2005-12-15,9.679247856140137,9.982514627712526,9.59500771111098,9.940394153507336,344800
6502,2005-12-16,9.477075576782227,9.738222012830374,9.477075576782227,9.67082873628436,326400
6503,2005-12-19,9.53604507446289,9.569741315583963,9.190658402126457,9.190658402126457,157300
6504,2005-12-20,9.527617454528809,9.586585649884677,9.401256002990136,9.477072713237058,117900
6505,2005-12-21,9.637130737304688,9.679251226175012,9.561314821395909,9.561314821395909,83100
6506,2005-12-22,9.603433609008789,9.679250321210565,9.578161639402007,9.628706381997,60300
6507,2005-12-23,9.653976440429688,9.696096917023457,9.595008255227173,9.595008255227173,85600
6508,2005-12-27,9.401254653930664,9.738217672965593,9.375982688601965,9.687672938926902,153900
6509,2005-12-28,9.375913619995117,9.53640187155257,9.35057273379133,9.426593781309412,119200
6510,2005-12-29,9.435044288635254,9.544852420139284,9.375917143035753,9.375917143035753,70800
6511,2005-12-30,9.34212875366211,9.418149013343635,9.291447774994264,9.367468840222617,131800
6512,2006-01-03,10.000981330871582,10.060108495743341,9.342133132645447,9.477281398379299,418900
6513,2006-01-04,10.279718399047852,10.338845526927985,9.99252811126429,10.043209081980619,163100
6514,2006-01-05,10.397974967956543,10.490889154603616,10.23748587537445,10.305059975762651,128300
6515,2006-01-06,10.431766510009766,10.473999736777666,10.2797243158944,10.397979445267147,140200
6516,2006-01-09,10.431766510009766,10.48244670435011,10.347298445379637,10.37263854254981,107700
6517,2006-01-10,10.592254638671875,10.600701606062914,10.3219581265358,10.347298223161769,89800
6518,2006-01-11,10.566911697387695,10.575358662504776,10.406422582350901,10.566911697387695,94300
6519,2006-01-12,10.440208435058594,10.56691048058397,10.38108129714152,10.541569588150793,90100
6520,2006-01-13,10.406423568725586,10.54157180122119,10.406423568725586,10.423317500561039,60800
6521,2006-01-17,10.347294807434082,10.473996054285951,10.279720701706834,10.37263489569508,128400
6522,2006-01-18,10.465548515319824,10.47399467326192,10.237485334400938,10.262825419320778,106000
6523,2006-01-19,10.575361251831055,10.592254380654484,10.397978968675833,10.406425130313984,120000
6524,2006-01-20,10.364188194274902,10.600697551943588,10.305060250697602,10.600697551943588,104600
6525,2006-01-23,10.473999977111816,10.490893912644353,10.30506464952237,10.406425846076038,71500
6526,2006-01-24,10.558466911315918,10.558466911315918,10.440211791912224,10.524679849421592,327700
6527,2006-01-25,10.550016403198242,10.583803453751482,10.43176212903531,10.558463367223258,86300
6528,2006-01-26,10.558466911315918,10.558466911315918,10.473998853806552,10.550019944455562,257300
6529,2006-01-27,10.558466911315918,10.558466911315918,10.482445820666909,10.558466911315918,152400
6530,2006-01-30,10.440208435058594,10.558463516439579,10.35574121025518,10.558463516439579,115100
6531,2006-01-31,10.397974967956543,10.414868090280185,10.254379803244909,10.372634076150854,269800
6532,2006-02-01,10.6682710647583,10.87099336013192,10.473994927531821,10.558462953377559,553500
6533,2006-02-02,10.389528274536133,10.727398785274366,10.372634346225801,10.61759066789773,146500
6534,2006-02-03,10.355740547180176,10.423314644914893,10.279719485841923,10.330399656369567,81800
6535,2006-02-06,10.288172721862793,10.355746860795612,10.153024443997154,10.321959791329203,192800
6536,2006-02-07,10.153017044067383,10.355739313113647,10.144570081470448,10.237484253396648,239200
6537,2006-02-08,10.20369815826416,10.26282529085257,10.009422833732666,10.144571025675752,141200
6538,2006-02-09,10.20369815826416,10.26282529085257,10.068549966321076,10.229038242866798,113600
6539,2006-02-10,10.220601081848145,10.313515344211318,9.975644566938435,10.186814004120855,123400
6540,2006-02-13,10.136124610900879,10.262825846318417,10.051656583591315,10.229038796503954,82200
6541,2006-02-14,10.440208435058594,10.550016552295185,10.11923104749321,10.161465062668336,126900
6542,2006-02-15,10.541572570800781,10.676721618709847,10.414871294973173,10.423318261507564,207900
6543,2006-02-16,10.710505485534668,10.761185658534565,10.507782376894607,10.575357283472512,142300
6544,2006-02-17,10.718954086303711,10.744294984124377,9.908063883623626,9.908063883623626,91800
6545,2006-02-21,10.347294807434082,10.744293282741824,10.262826772501581,10.744293282741824,150300
6546,2006-02-22,10.465548515319824,10.516228685159504,10.229038370912066,10.36418737009369,98200
6547,2006-02-23,10.144577980041504,10.338853437753757,10.093896970546346,10.338853437753757,137200
6548,2006-02-24,10.372635841369629,10.465550849375829,10.09389242844494,10.110786359190413,126600
6549,2006-02-27,10.533122062683105,10.550015183232853,10.347292903355473,10.389526913049943,60600
6550,2006-02-28,10.431766510009766,10.516233769092729,10.355745412952084,10.48244670435011,99200
6551,2006-03-01,10.828763008117676,10.845656941216918,10.397978186198868,10.406424347201423,114500
6552,2006-03-02,10.811869621276855,10.938570894294374,10.67672138191229,10.769635595088667,147900
6553,2006-03-03,10.710505485534668,10.9639079616278,10.693611557503486,10.761185658534565,142900
6554,2006-03-06,10.778083801269531,10.963912248998662,10.73584977022304,10.744296737541767,136300
6555,2006-03-07,10.744294166564941,10.828761402898815,10.600698978695712,10.693613180327059,133100
6556,2006-03-08,10.744294166564941,10.947016500422576,10.710507110922002,10.73584720126747,163200
6557,2006-03-09,10.85409927368164,10.997694421529946,10.744291172059599,10.744291172059599,168000
6558,2006-03-10,10.997698783874512,11.056825936837157,10.803422586851896,10.879443672402179,116500
6559,2006-03-13,10.997698783874512,11.056825936837157,10.904783765736592,11.023038877208926,138500
6560,2006-03-14,11.023036003112793,11.048376089840149,10.921674850656544,10.972355024111252,136000
6561,2006-03-15,10.963907241821289,11.039928301876996,10.89633314522661,10.980801168743346,90100
6562,2006-03-16,10.989251136779785,11.090612309385001,10.921677021709643,10.955464079244713,72300
6563,2006-03-17,11.048380851745605,11.065274787209766,10.887892492571993,11.023040754096547,293400
6564,2006-03-20,10.938569068908691,11.048377196454812,10.887888890377814,10.997697017923933,88400
6565,2006-03-21,10.473999977111816,10.947019699909447,10.457106847126463,10.93012576437691,149900
6566,2006-03-22,11.048380851745605,11.048380851745605,10.482446902451153,10.490893870183232,170400
6567,2006-03-23,11.175080299377441,11.208868164723892,11.048379026516441,11.048379026516441,161900
6568,2006-03-24,11.267997741699219,11.27644470985275,11.023041304077376,11.023041304077376,68300
6569,2006-03-27,11.149734497070312,11.251095624569986,11.124394416582053,11.208862425605098,122500
6570,2006-03-28,11.014595031738281,11.18353037774478,10.972360993849838,11.132850176716467,87300
6571,2006-03-29,11.09925365447998,11.437904144876798,10.963793781283066,11.437904144876798,101700
6572,2006-03-30,11.25164794921875,11.260114394298736,11.0653901944823,11.133120140312892,97600
6573,2006-03-31,11.327839851379395,11.344771927425247,11.192380013395287,11.2347114146164,101400
6574,2006-04-03,11.353239059448242,11.45483394411348,11.226245655467787,11.327840540133025,177800
6575,2006-04-04,11.387105941772461,11.632627156312227,11.293977483638242,11.310909563569687,191300
6576,2006-04-05,11.437905311584473,11.44637175637402,11.133119758397655,11.302445424570159,141900
6577,2006-04-06,11.446372032165527,11.497169087317504,11.268580724324345,11.27704636191325,134400
6578,2006-04-07,11.2770414352417,11.505630505774358,11.22624440228174,11.41250126634063,127500
6579,2006-04-10,11.217779159545898,11.49716529288941,11.192380640352225,11.243177678739572,79100
6580,2006-04-11,10.802932739257812,11.277042179389538,10.802932739257812,11.200845817517283,96000
6581,2006-04-12,10.828337669372559,10.913000523231034,10.37962648169419,10.37962648169419,151000
6582,2006-04-13,11.09925365447998,11.234714335081426,10.743671083635812,10.769070415413633,127600
6583,2006-04-17,10.921463966369629,11.056924666782795,10.802936963689504,11.03152533129021,106500
6584,2006-04-18,11.268579483032227,11.2770451196886,10.498150028984119,10.498150028984119,159100
6585,2006-04-19,11.480236053466797,11.488701690354228,11.268579790594215,11.302444760357647,110400
6586,2006-04-20,11.471771240234375,11.531034743895338,11.37017631649929,11.429439820160253,77600
6587,2006-04-21,11.395572662353516,11.598762470895432,11.327842726172877,11.598762470895432,166500
6588,2006-04-24,11.285508155822754,11.429434431778231,11.133115438363001,11.429434431778231,110800
6589,2006-04-25,11.429436683654785,11.429436683654785,11.090787030804576,11.336308230972092,95400
6590,2006-04-26,12.022077560424805,12.106740402555035,11.556433543517938,11.641096385648169,401500
6591,2006-04-27,11.759625434875488,12.072876691720364,11.649564051540027,12.064410245139609,238700
6592,2006-04-28,11.945877075195312,12.03900633114355,11.33630772715585,11.44636906129186,178100
6593,2006-05-01,11.70882797241211,12.115208541052358,11.70882797241211,12.06441066719552,148300
6594,2006-05-02,11.734221458435059,11.886614207052547,11.65802589153078,11.751154344905654,132400
6595,2006-05-03,11.99667739868164,12.005143843223802,11.649561246498937,11.674959772720829,72800
6596,2006-05-04,12.326857566833496,12.326857566833496,11.937410122633148,11.937410122633148,149100
6597,2006-05-05,12.191399574279785,12.436920789914165,12.089804672024647,12.38612374248885,162800
6598,2006-05-08,12.318392753601074,12.419987647163017,12.242196381578507,12.259128460136608,162700
6599,2006-05-09,12.43692398071289,12.453856872468613,12.250667015828249,12.318396968041704,200700
6600,2006-05-10,12.386123657226562,12.487718558782353,12.233730901190624,12.487718558782353,189600
6601,2006-05-11,12.250664710998535,12.419989559675539,12.199866852693152,12.326861094754328,188400
6602,2006-05-12,12.132134437561035,12.242195768593314,11.649558515454,11.827349772136234,131700
6603,2006-05-15,12.208327293395996,12.276057199559855,11.912008348375986,12.0220696477433,202600
6604,2006-05-16,11.988205909729004,12.250659928268178,11.97127383517397,12.208328530774214,179600
6605,2006-05-17,11.801955223083496,11.928949490650526,11.649563232369681,11.928949490650526,104100
6606,2006-05-18,11.564896583557129,11.861215636347586,11.564896583557129,11.751154296951258,79700
6607,2006-05-19,11.641094207763672,11.801952608831131,11.46330291847619,11.480235806696212,239400
6608,2006-05-22,11.903547286987305,12.06440567405,11.514099773283196,11.641093194258772,159100
6609,2006-05-23,11.522565841674805,12.022074715758928,11.514100205388683,12.022074715758928,135100
6610,2006-05-24,11.581829071044922,11.759620335114628,11.183915135764263,11.514099142580696,242600
6611,2006-05-25,11.835811614990234,11.844278054834856,11.463297143272415,11.57335843904008,100200
6612,2006-05-26,11.776554107666016,11.928946872335482,11.751155582689288,11.835817601746562,57900
6613,2006-05-30,11.20931339263916,11.742687172265018,11.200846949929762,11.691890130817459,121900
6614,2006-05-31,11.49716854095459,11.49716854095459,11.150052386761251,11.217782328681679,219100
6615,2006-06-01,11.801955223083496,11.84428664560584,11.55643394133958,11.624163894413439,241600
6616,2006-06-02,11.79349136352539,11.912018395581821,11.64956498968128,11.81042345064566,167300
6617,2006-06-05,11.361706733703613,11.76808631643065,11.260111838021855,11.76808631643065,194600
6618,2006-06-06,11.429436683654785,11.514099500569568,11.22624689194466,11.514099500569568,126000
6619,2006-06-07,11.581829071044922,11.793485299346742,11.277043585551466,11.404037806975218,191300
6620,2006-06-08,11.64956283569336,11.658029281390485,10.870667594461235,11.53950146384483,297400
6621,2006-06-09,11.683423042297363,11.81041644630101,11.52256386932808,11.700355119375809,282600
6622,2006-06-12,11.446372032165527,11.632628977595617,11.429439142178445,11.624162532602076,210200
6623,2006-06-13,11.302435874938965,11.632618868707652,11.260104494162382,11.32783438044334,235500
6624,2006-06-14,11.200849533081055,11.361708752039476,11.056924010851112,11.175451006499841,186900
6625,2006-06-15,11.353239059448242,11.505631790148284,11.175447809432983,11.260110617022868,196700
6626,2006-06-16,11.547966957092285,11.598764012276012,11.243181396371385,11.336310676549274,512900
6627,2006-06-19,11.310906410217285,11.56489399761617,11.226244419353847,11.539495481097566,147100
6628,2006-06-20,11.319375991821289,11.48023519167573,11.268578944691628,11.344774515386119,96100
6629,2006-06-21,11.505636215209961,11.632629668032031,11.277047031244617,11.277047031244617,92000
6630,2006-06-22,11.547966957092285,11.632628984866708,11.387107731733002,11.463304121913227,128300
6631,2006-06-23,11.564896583557129,11.827350670949059,11.43790316516377,11.556430140356381,325800
6632,2006-06-26,11.81041431427002,11.81041431427002,11.598758140869466,11.683420933191378,96400
6633,2006-06-27,11.598756790161133,11.835811450690878,11.52256044742554,11.810412938913723,133200
6634,2006-06-28,11.624211311340332,11.666635602639687,11.437544915128802,11.624211311340332,82400
6635,2006-06-29,12.260574340820312,12.286028594187307,11.590273068197886,11.692090890841987,234700
6636,2006-06-30,12.63390827178955,12.63390827178955,12.133303326439101,12.336938989544851,323200
6637,2006-07-03,12.62542724609375,12.693305821945616,12.430275733637298,12.693305821945616,91600
6638,2006-07-05,12.455729484558105,12.58300159847906,12.353911631586067,12.557547337530142,165000
6639,2006-07-06,12.650879859924316,12.72724345009309,12.481183442425012,12.557547032593785,273100
6640,2006-07-07,12.260574340820312,12.642391378029725,12.23512008745332,12.642391378029725,188500
6641,2006-07-10,12.294513702392578,12.396331525760138,12.19269587902502,12.302998723300574,136500
6642,2006-07-11,12.319974899291992,12.336944140380922,11.955126910349888,12.209672000096088,169200
6643,2006-07-12,12.006035804748535,12.303005219934827,11.887248686015266,12.260580902168705,120900
6644,2006-07-13,11.912697792053223,12.056939924461924,11.802394937318557,11.938152048014697,128400
6645,2006-07-14,11.82785415649414,11.955127108060312,11.709067039377572,11.938157057514204,136100
6646,2006-07-17,11.539369583129883,11.8787624729728,11.463005980621107,11.776944606019924,179200
6647,2006-07-18,11.55633544921875,11.666638308509443,11.335729730637365,11.607244772420701,254500
6648,2006-07-19,11.77694034576416,11.810879622471068,11.556334642581156,11.556334642581156,264700
6649,2006-07-20,11.726035118103027,12.039973739489884,11.709065878415977,11.79391369520416,191000
6650,2006-07-21,11.344219207763672,11.700582182598263,11.327249966149745,11.65815786479861,194600
6651,2006-07-24,12.014514923095703,12.014514923095703,11.386637918223315,11.412092172697557,204200
6652,2006-07-25,12.0569429397583,12.218154346732948,11.88724650894909,12.073912178251017,159100
6653,2006-07-26,12.133305549621582,12.260577660088662,11.887245542655906,12.056941959670796,162700
6654,2006-07-27,11.429065704345703,12.124821473009591,11.403610632924043,12.065427924711868,367400
6655,2006-07-28,12.133305549621582,12.209669139572368,11.44603404924085,11.471489118675342,266200
6656,2006-07-31,12.226640701293945,12.328458570861153,12.090883541871003,12.218155676535888,424800
6657,2006-08-01,12.08240032196045,12.26906684863916,12.014521732109394,12.201188258788104,184800
6658,2006-08-02,12.42179012298584,12.63391085098588,12.031487951098711,12.133305803437567,387100
6659,2006-08-03,12.387848854064941,12.481181668127485,12.27754599607672,12.387848854064941,192300
6660,2006-08-04,12.226640701293945,12.50664004489789,12.09936856662906,12.472700755042155,137400
6661,2006-08-07,12.116338729858398,12.218156607180974,12.014520852535822,12.15876304770361,124600
6662,2006-08-08,11.861785888671875,12.1842093609725,11.83633163825173,12.175725150283139,146900
6663,2006-08-09,11.692095756530762,11.98906513637588,11.65815646819216,11.921186559698675,190500
6664,2006-08-10,11.87027359008789,11.955122189557448,11.564820088514669,11.624213622637631,192200
6665,2006-08-11,11.700579643249512,11.95512468562757,11.658155334657105,11.878761091996514,99300
6666,2006-08-14,11.785431861877441,11.972097582043936,11.598765332534317,11.768461809584144,147700
6667,2006-08-15,11.989065170288086,11.997550194690852,11.79391365490677,11.853308016549674,111600
6668,2006-08-16,12.286035537719727,12.2945205633628,11.980581897158324,12.048460483949746,129600
6669,2006-08-17,12.42179012298584,12.430274337131806,12.218153609131766,12.218153609131766,78200
6670,2006-08-18,12.294513702392578,12.387847314028273,12.218150132572877,12.387847314028273,92000
6671,2006-08-21,12.167243957519531,12.277546822936355,12.150273912450967,12.260576777867788,67100
6672,2006-08-22,12.218155860900879,12.311489516294879,12.099368749201624,12.192701595419111,98900
6673,2006-08-23,11.97209358215332,12.345426516108594,11.921185060635285,12.286032162102407,104600
6674,2006-08-24,11.793911933898926,12.00603265795593,11.717549152946534,12.00603265795593,172500
6675,2006-08-25,11.963611602783203,11.989065868296997,11.734520785629513,11.75149083542305,124200
6676,2006-08-28,12.08240032196045,12.090885347985985,11.895734604458358,11.904218821307275,63300
6677,2006-08-29,12.506640434265137,12.506640434265137,12.023005336469842,12.133308234229151,131900
6678,2006-08-30,12.59997272491455,12.650881251174713,12.430275479576851,12.447245527781195,156200
6679,2006-08-31,12.472699165344238,12.650880616671001,12.46421414166763,12.650880616671001,80000
6680,2006-09-01,12.430274963378906,12.549062868347047,12.396335677556065,12.549062868347047,77900
6681,2006-09-05,12.430274963378906,12.557547892096858,12.362396391733226,12.430274963378906,81200
6682,2006-09-06,12.167243957519531,12.404818924245456,12.158758934985249,12.362394620750326,90900
6683,2006-09-07,11.82785415649414,12.226641443385665,11.82785415649414,12.099369300996043,123800
6684,2006-09-08,11.989065170288086,12.039973698351757,11.861792231775976,11.87876228058151,108600
6685,2006-09-11,11.87027359008789,11.989061467510028,11.853304355699708,11.972091423945631,52400
6686,2006-09-12,12.218155860900879,12.218155860900879,11.844823666854415,11.878762957222275,135500
6687,2006-09-13,12.252093315124512,12.277548385967998,12.141791244841626,12.17573053012322,89300
6688,2006-09-14,12.116338729858398,12.201187365548824,12.04846014497668,12.184217314740115,91700
6689,2006-09-15,12.099366188049316,12.32845614724527,12.056941881775595,12.18421399142042,260700
6690,2006-09-18,12.1248197555542,12.226637599289331,12.039971147853443,12.048456170458776,50000
6691,2006-09-19,11.997549057006836,12.175730506686318,11.776943298512927,12.175730506686318,161700
6692,2006-09-20,12.141793251037598,12.218156048656363,12.048459594209348,12.048459594209348,155500
6693,2006-09-21,11.989065170288086,12.209670949701236,11.887247304984276,12.175731661266633,111400
6694,2006-09-22,11.649669647216797,11.93815395819348,11.590276104077951,11.921184721229384,114300
6695,2006-09-25,11.955123901367188,11.989063184179408,11.590276004253576,11.666639592875153,93300
6696,2006-09-26,11.938157081604004,11.980581398878336,11.819369964247738,11.963612157474532,68600
6697,2006-09-27,12.04869270324707,12.057195856677602,11.9041423385494,11.9041423385494,61500
6698,2006-09-28,12.091212272644043,12.099714618413124,11.912650037002894,12.074205959294575,70900
6699,2006-09-29,11.717080116271973,12.040192733933594,11.69157146013977,12.040192733933594,208700
6700,2006-10-02,11.521515846252441,11.77660491656802,11.521515846252441,11.77660491656802,188400
6701,2006-10-03,11.564024925231934,11.649054031342155,11.487498162098962,11.496001315981601,285700
6702,2006-10-04,11.555524826049805,11.691572080514533,11.478998042686996,11.521513012433623,228600
6703,2006-10-05,11.887139320373535,11.887139320373535,11.53851804232591,11.606541666778833,142400
6704,2006-10-06,11.819116592407227,11.88714022201978,11.751092962794674,11.88714022201978,95400
6705,2006-10-09,11.921151161193848,12.057198401171753,11.768097610765947,11.819114920304905,103600
6706,2006-10-10,11.861626625061035,11.989171485660577,11.85312347217334,11.946656532127397,163100
6707,2006-10-11,11.887139320373535,12.057199192411412,11.793607039477157,11.827618851703619,132000
6708,2006-10-12,12.218755722045898,12.218755722045898,11.946661210332252,11.946661210332252,84100
6709,2006-10-13,12.414319038391113,12.414319038391113,12.17623562988671,12.244259229200749,72100
6710,2006-10-16,12.49084758758545,12.541865703176423,12.23575944234689,12.34629801703947,95000
6711,2006-10-17,12.27827262878418,12.422822998888536,12.15072856617698,12.422822998888536,118000
6712,2006-10-18,12.252762794494629,12.388809997704557,12.210247840765202,12.346295854880426,86100
6713,2006-10-19,12.456832885742188,12.490844684596365,12.26126524505698,12.2867738914713,94600
6714,2006-10-20,12.422821044921875,12.465335996072286,12.320785648704033,12.465335996072286,62600
6715,2006-10-23,12.482342720031738,12.490845061823117,12.35479786229775,12.371804167691057,114700
6716,2006-10-24,12.167734146118164,12.261266399043762,11.963662522881357,12.261266399043762,209800
6717,2006-10-25,12.031688690185547,12.099712308787582,11.785102870026796,11.989174536738398,198000
6718,2006-10-26,12.550366401672363,12.550366401672363,12.09970903667292,12.09970903667292,175100
6719,2006-10-27,12.2442626953125,12.609890253306435,12.210250886027401,12.482346171213688,152700
6720,2006-10-30,12.218755722045898,12.312288007721063,12.150732094117487,12.17624075186424,209000
6721,2006-10-31,12.006178855895996,12.269770960250574,11.955161552411509,12.159232388160293,93700
6722,2006-11-01,11.700072288513184,12.07420214401962,11.674562826549607,12.06569899003176,143800
6723,2006-11-02,11.717080116271973,11.785103739894888,11.572529713346892,11.63205099219611,138000
6724,2006-11-03,11.802104949951172,11.819110443053724,11.530010573068676,11.734081355730547,153600
6725,2006-11-06,12.167734146118164,12.261266399043762,11.827615314660369,11.870130269955759,154900
6726,2006-11-07,12.329288482666016,12.439827028439923,12.159229493362012,12.184738139031307,147300
6727,2006-11-08,12.933000564575195,12.941503718122224,12.261266841561719,12.286775491297448,303700
6728,2006-11-09,12.711919784545898,13.001020434818287,12.66940483993435,12.958505490206738,240400
6729,2006-11-10,12.703415870666504,12.779942604191223,12.609883646861332,12.754433963318007,89900
6730,2006-11-13,12.83946704864502,12.85647254316538,12.635395438063773,12.660904896202226,107800
6731,2006-11-14,13.358149528503418,13.366652682698101,12.779948017751707,12.839469286209063,168200
6732,2006-11-15,13.375162124633789,13.511210231237737,13.298636128982992,13.341150300709263,102100
6733,2006-11-16,13.349648475646973,13.443181564700476,13.273121697659759,13.332642975486229,56600
6734,2006-11-17,13.162585258483887,13.349650656241487,13.111567938762699,13.349650656241487,87000
6735,2006-11-20,13.120065689086914,13.222101097387583,13.043538930135076,13.222101097387583,194600
6736,2006-11-21,13.137069702148438,13.213596452462188,13.009525658895688,13.086052409209438,127800
6737,2006-11-22,13.3326416015625,13.375155753036069,13.094558136602128,13.179588061360183,181500
6738,2006-11-24,13.349648475646973,13.392163442407153,13.273121697659759,13.273121697659759,24600
6739,2006-11-27,12.669404029846191,13.349640667420935,12.669404029846191,13.27311393419433,155700
6740,2006-11-28,12.873481750488281,13.018032135569145,12.618392787939376,12.677913248535452,224800
6741,2006-11-29,12.984020233154297,13.069049346112791,12.830966694561372,12.950007614884356,124500
6742,2006-11-30,12.992521286010742,13.094556697967,12.90749218149988,12.984018943193416,119800
6743,2006-12-01,12.711919784545898,13.035032228326502,12.482340381091728,12.924493696698523,184400
6744,2006-12-04,13.069046974182129,13.09455562234951,12.754437610433408,12.754437610433408,121600
6745,2006-12-05,12.933000564575195,13.128568230724712,12.898988761292438,13.069047777706226,69900
6746,2006-12-06,13.026537895202637,13.052047365780618,12.805461493199822,12.864981969403772,77800
6747,2006-12-07,12.967013359069824,13.060545622520772,12.898989747304515,13.05204327922917,63600
6748,2006-12-08,12.762943267822266,12.992522768187756,12.754440113129535,12.907493653976838,73200
6749,2006-12-11,12.669404029846191,12.796948855525558,12.62688989885814,12.711918971739314,113700
6750,2006-12-12,12.873481750488281,12.873481750488281,12.669410093905881,12.686416403165023,158600
6751,2006-12-13,12.950006484985352,12.950006484985352,12.82246242122321,12.881982876191492,84300
6752,2006-12-14,13.043536186218262,13.205092012648796,12.89048270051184,12.958506291735766,215900
6753,2006-12-15,13.086051940917969,13.196590486203785,13.00952519334277,13.094554282166706,221200
6754,2006-12-18,12.984020233154297,13.145576115409254,12.958510769451841,13.137072960841769,87000
6755,2006-12-19,13.103057861328125,13.18808776382827,12.907490220845137,12.924495714802017,99900
6756,2006-12-20,13.3326416015625,13.383658907692967,13.094558136602128,13.094558136602128,123400
6757,2006-12-21,13.0350341796875,13.519702512461302,13.018028685840209,13.324134873238625,193700
6758,2006-12-22,13.086051940917969,13.179584181895866,12.97551339563215,13.052040143207348,61100
6759,2006-12-26,13.56221866607666,13.604733620822794,13.086053443454837,13.086053443454837,126900
6760,2006-12-27,13.681487083435059,13.783715600656045,13.502589209382283,13.502589209382283,151800
6761,2006-12-28,13.681487083435059,13.826309868325614,13.638892815765491,13.655931172780182,76400
6762,2006-12-29,13.374802589416504,13.741118290676274,13.374802589416504,13.741118290676274,120900
6763,2007-01-03,13.357765197753906,13.715562537867564,13.323689299287535,13.442954537703084,257500
6764,2007-01-04,13.391841888427734,13.55370221260963,13.306651731005546,13.306651731005546,802400
6765,2007-01-05,13.18738842010498,13.459996493181578,12.982932974622823,12.982932974622823,190300
6766,2007-01-08,13.102197647094727,13.29813389148345,13.059602564095638,13.195906179745817,249000
6767,2007-01-09,13.238496780395508,13.306648565145462,12.940332112789443,13.034041426145649,692500
6768,2007-01-10,13.31517219543457,13.366285644878426,13.153311043183887,13.161830222235741,133100
6769,2007-01-11,13.545177459716797,13.621848407355301,13.332202966246827,13.374798027427465,191600
6770,2007-01-12,13.587776184082031,13.792232370382635,13.50258685118743,13.579257007062541,125000
6771,2007-01-16,13.72408390045166,13.843349157854108,13.655932092669223,13.715564721370448,511400
6772,2007-01-17,13.78371524810791,13.911499672715413,13.672967555212189,13.672967555212189,91000
6773,2007-01-18,13.349248886108398,13.792236473714032,13.272577894989448,13.741121396389827,174600
6774,2007-01-19,13.383321762084961,13.62185304856186,13.264055712629764,13.417397660153089,153800
6775,2007-01-22,13.332210540771484,13.374805626151975,13.136274285428383,13.374805626151975,113600
6776,2007-01-23,13.374802589416504,13.570739612705982,13.18738474375559,13.289613250431358,134000
6777,2007-01-24,13.647414207458496,13.647414207458496,13.332211051039215,13.374806138049959,80600
6778,2007-01-25,13.18738842010498,13.766679661404813,13.110718237374462,13.715566206251136,114200
6779,2007-01-26,13.20442008972168,13.366280365608903,13.178863375093869,13.247015155723574,122900
6780,2007-01-29,12.829591751098633,13.178870005663514,12.727363216287417,13.144794098204347,246900
6781,2007-01-30,13.459992408752441,13.459992408752441,12.897739698075,12.897739698075,262900
6782,2007-01-31,13.20442008972168,13.400356255923755,12.778471054569367,13.33220447529405,260200
6783,2007-02-01,13.41739559173584,13.425914768047933,13.247016127660787,13.272572844163703,61600
6784,2007-02-02,13.434433937072754,13.55369915564391,13.374800515353805,13.459990653561805,128400
6785,2007-02-05,13.332210540771484,13.5111092494226,13.21294527662653,13.45147661735012,146600
6786,2007-02-06,13.059598922729492,13.442952937964655,13.03404220502939,13.434434573686893,171800
6787,2007-02-07,13.41739559173584,13.425914768047933,13.042560770770727,13.042560770770727,157500
6788,2007-02-08,13.519624710083008,13.519624710083008,13.178865745640511,13.400358666311407,182000
6789,2007-02-09,11.952134132385254,12.812551697537911,11.389881327412978,12.778475794583034,862800
6790,2007-02-12,11.764717102050781,12.062881050550281,11.739159565444895,11.82434972926396,310900
6791,2007-02-13,11.935090065002441,11.994722659477882,11.756191469142953,11.756191469142953,170300
6792,2007-02-14,11.679522514343262,11.969167986697844,11.585814019583434,11.926572920922176,128900
6793,2007-02-15,11.918054580688477,11.935092933166388,11.611371547986353,11.688042509270225,296000
6794,2007-02-16,11.764717102050781,11.90953908064941,11.628412677453555,11.90953908064941,133100
6795,2007-02-20,12.028800964355469,12.045839316167443,11.602851918256054,11.7135987677339,189200
6796,2007-02-21,11.926575660705566,12.028803354591025,11.79879124645712,11.926575660705566,171700
6797,2007-02-22,11.926575660705566,12.01176581182686,11.807309611622454,11.969170736266214,160800
6798,2007-02-23,12.096953392028809,12.131029285037151,11.866941317330841,11.901017210339184,146400
6799,2007-02-26,11.832868576049805,12.113994971356004,11.815830218790717,12.096956614096918,112300
6800,2007-02-27,11.713601112365723,11.918056500433886,10.71688007999156,11.151348388961527,265000
6801,2007-02-28,11.500625610351562,11.722119335609023,11.492106433433946,11.602853296062676,199900
6802,2007-03-01,11.568778991699219,11.6539691477234,11.296171792315503,11.372842770250557,142200
6803,2007-03-02,11.287652015686035,11.534702480135785,11.27061366041126,11.492107404382347,219900
6804,2007-03-05,11.168383598327637,11.653966059078106,11.142826883267082,11.202459489219484,222400
6805,2007-03-06,11.671000480651855,11.756190591341438,11.185418962047317,11.24505155207016,169200
6806,2007-03-07,11.398398399353027,11.60285377929027,11.372841679969238,11.585816237178896,131000
6807,2007-03-08,11.432475090026855,11.619892940869423,11.398399191003982,11.48358853234441,89700
6808,2007-03-09,11.492110252380371,11.653971417869501,11.398401712446562,11.517667791626252,122200
6809,2007-03-12,11.594332695007324,11.611371046749728,11.46654830667261,11.509143373595291,82700
6810,2007-03-13,11.176905632019043,11.509146262491251,11.12579218882857,11.492107906472073,171900
6811,2007-03-14,11.117274284362793,11.262097077381922,10.836147877310042,11.176906912394097,284500
6812,2007-03-15,11.134310722351074,11.219500878864888,11.05763974397535,11.07467810025153,299900
6813,2007-03-16,11.057640075683594,11.142830234752951,10.912818105159396,11.074678432470892,398800
6814,2007-03-19,11.176905632019043,11.253576609238285,11.066158755194975,11.10875383280939,241200
6815,2007-03-20,11.279133796691895,11.279133796691895,11.05764003389547,11.193944450378046,343900
6816,2007-03-21,11.509145736694336,11.568778355170075,11.142829223352521,11.321727891213234,200600
6817,2007-03-22,11.551742553710938,11.585818456895717,11.4324764863474,11.458033210627582,122300
6818,2007-03-23,11.492110252380371,11.568781245250623,11.423958439258746,11.543224518438437,108500
6819,2007-03-26,11.54322338104248,11.602856008539657,11.372843865026535,11.475071574636102,78400
6820,2007-03-27,11.37283992767334,11.500624317337083,11.296168968901759,11.466548425931196,191200
6821,2007-03-28,11.517662048339844,11.602851366045341,11.313205898493408,11.313205898493408,337300
6822,2007-03-29,11.74767780303955,11.74767780303955,11.509146500865372,11.602855023611127,161500
6823,2007-03-30,11.79889965057373,11.81597514980167,11.576923860042829,11.781824965550406,168500
6824,2007-04-02,11.653762817382812,11.85012701534106,11.551312250093405,11.85012701534106,132800
6825,2007-04-03,11.730605125427246,11.781830834423467,11.611079828111102,11.679380230636047,150200
6826,2007-04-04,11.687915802001953,11.747679257868583,11.559852765811184,11.67084111047215,152500
6827,2007-04-05,11.534239768981934,11.773291138384312,11.500089573353023,11.653765046580679,73300
6828,2007-04-09,11.115899085998535,11.525701412053213,11.013447690280021,11.525701412053213,410000
6829,2007-04-10,11.312259674072266,11.354947609268184,11.004908006230012,11.039058191545818,160200
6830,2007-04-11,11.098821640014648,11.337872955053031,11.039059014806229,11.337872955053031,207100
6831,2007-04-12,11.20127010345459,11.235420284914332,10.987831265780063,11.056131628699548,251100
6832,2007-04-13,11.440325736999512,11.448863489171874,11.20127437560741,11.209812127779772,71500
6833,2007-04-16,11.75621509552002,11.764752032791696,11.500088250659415,11.500088250659415,76600
6834,2007-04-17,11.704988479614258,11.747676419432032,11.559849972756666,11.704988479614258,104100
6835,2007-04-18,11.64522647857666,11.670838918162659,11.5598505943503,11.619613224785887,102500
6836,2007-04-19,11.696450233459473,11.747675921912315,11.457398920490503,11.50008685850042,115500
6837,2007-04-20,11.67083740234375,11.85866383472381,11.611074779670187,11.85866383472381,121100
6838,2007-04-23,11.926968574523926,11.935505513599695,11.542778633145454,11.585465771139198,100800
6839,2007-04-24,11.815980911254883,11.89281906683754,11.585466444506912,11.87574355928361,113500
6840,2007-04-25,11.662301063537598,11.875739958007042,11.525700301349918,11.858665269835965,139300
6841,2007-04-26,11.542777061462402,11.662302334298081,11.354950585885804,11.525701557225958,73900
6842,2007-04-27,11.295185089111328,11.56838740796913,11.124434148703147,11.534237219887492,101900
6843,2007-04-30,11.167125701904297,11.32933975845065,10.945149000422429,11.24396385350994,240300
6844,2007-05-01,11.32079792022705,11.645225102051583,11.107359049095491,11.354948107039913,191200
6845,2007-05-02,11.098821640014648,11.431786582328781,11.090283889497817,11.295185016673573,288100
6846,2007-05-03,11.423249244689941,11.525699811980758,11.124434479438177,11.124434479438177,120100
6847,2007-05-04,11.593998908996582,11.611074408760514,11.320797426410804,11.474472853262982,166300
6848,2007-05-07,11.491547584533691,11.63668606600246,11.465935150805258,11.593998133652013,54400
6849,2007-05-08,11.423249244689941,11.43178699551536,11.158584668535116,11.406173743039107,119800
6850,2007-05-09,11.483009338378906,11.517159519940746,11.312258430569708,11.363484110014744,109800
6851,2007-05-10,10.945145606994629,11.483011687269421,10.893920731275918,11.483011687269421,119400
6852,2007-05-11,11.602538108825684,11.619612796518766,10.987833881984624,11.004909383882449,180100
6853,2007-05-14,11.696450233459473,11.790363859922234,11.568387233634413,11.568387233634413,219000
6854,2007-05-15,11.448864936828613,11.662303882896872,11.329339648121564,11.628153684094148,381900
6855,2007-05-16,11.576926231384277,11.636688862514218,11.337874078454947,11.414712212310462,178300
6856,2007-05-17,11.440325736999512,11.568389576970356,11.320800463405892,11.568389576970356,194300
6857,2007-05-18,11.568390846252441,11.611078797593105,11.354951903754076,11.491552696680237,96800
6858,2007-05-21,11.542777061462402,11.585464193643798,11.329338143735995,11.329338143735995,107900
6859,2007-05-22,11.568390846252441,11.576928599361564,11.423252300217156,11.50009044978936,155100
6860,2007-05-23,11.525700569152832,11.60253870321995,11.440324683699416,11.517162817766534,255500
6861,2007-05-24,10.46704387664795,10.842695983303638,10.04870382704837,10.842695983303638,899500
6862,2007-05-25,10.37313175201416,10.449969897677287,10.23653096603745,10.449969897677287,275700
6863,2007-05-29,10.313366889953613,10.415817457365833,10.065777815156231,10.415817457365833,287900
6864,2007-05-30,10.279217720031738,10.330443415919397,10.219455086666814,10.287755471713817,402800
6865,2007-05-31,10.262146949768066,10.398747772027022,10.227995929998203,10.390210017084556,474600
6866,2007-06-01,10.398744583129883,10.671946143867327,10.253606050436897,10.287756245529078,426400
6867,2007-06-04,10.236531257629395,10.38166980041521,10.176768615613446,10.330444911317235,275100
6868,2007-06-05,10.262146949768066,10.373134507199623,10.185308783696122,10.185308783696122,509600
6869,2007-06-06,10.168229103088379,10.210917046086186,10.074316279857038,10.185304605969417,317500
6870,2007-06-07,10.21091365814209,10.253601586976195,10.023087259794735,10.253601586976195,345500
6871,2007-06-08,10.347519874572754,10.373132319794074,10.168231129613611,10.176768882755702,293200
6872,2007-06-11,10.535345077514648,10.56095751958731,10.304830656246132,10.373131044576466,419900
6873,2007-06-12,10.569494247436523,10.620719126617868,10.449968172338759,10.449968172338759,396200
6874,2007-06-13,10.67194652557373,10.70609672188737,10.509733296635169,10.569495936632812,703100
6875,2007-06-14,10.612181663513184,10.748782420165192,10.543881285187181,10.654868789313387,308400
6876,2007-06-15,10.87684440612793,10.910994592088903,10.671943290362096,10.800006284164578,432300
6877,2007-06-18,10.817086219787598,10.868311112631467,10.748785819859112,10.868311112631467,281300
6878,2007-06-19,11.056135177612305,11.115898625003757,10.748783445817683,10.748783445817683,185800
6879,2007-06-20,10.90246295928955,11.132976623098475,10.893925205095318,11.098826420526596,396000
6880,2007-06-21,11.081748962402344,11.081748962402344,10.842697586458163,10.842697586458163,232100
6881,2007-06-22,11.06467342376709,11.081748113638591,10.953685089885358,11.021985477781062,619000
6882,2007-06-25,10.945145606994629,11.167122239654967,10.910995418447248,11.004909047606086,286800
6883,2007-06-26,10.885379791259766,10.996368075071267,10.842691864531577,10.979292578698198,187700
6884,2007-06-27,11.03087043762207,11.039427513366556,10.81692803762562,10.81692803762562,164600
6885,2007-06-28,11.03087043762207,11.125004799815331,11.013754653882119,11.03087043762207,137900
6886,2007-06-29,10.834036827087402,11.124998455740624,10.808363982243007,11.030864147227826,259000
6887,2007-07-02,11.219130516052246,11.261919126301844,10.799803931080868,10.834034656055575,250700
6888,2007-07-03,11.14211368560791,11.28759367670515,11.090767182301546,11.227690102951875,260900
6889,2007-07-05,10.945293426513672,11.14212086384706,10.868274029997368,11.107889295506027,173100
6890,2007-07-06,11.03087043762207,11.133562691685306,10.842600897110058,10.902504507948908,197400
6891,2007-07-09,11.06509780883789,11.09077066047985,10.936731918377621,11.0308670679402,135900
6892,2007-07-10,10.7998046875,11.047977664979896,10.705670391257597,10.99663198198401,239900
6893,2007-07-11,10.842597007751465,10.859711969226602,10.739904790525054,10.757019752000192,122000
6894,2007-07-12,11.210577011108398,11.210577011108398,10.842595988543545,10.90249957226336,142200
6895,2007-07-13,11.133560180664062,11.176348814238063,11.073655767210342,11.142118070603924,101400
6896,2007-07-16,11.133560180664062,11.133560180664062,10.979521426247784,11.065098693395784,162000
6897,2007-07-17,11.133560180664062,11.167790924298203,11.065098693395784,11.125002290724202,191100
6898,2007-07-18,11.167789459228516,11.193462309554848,11.005192836202953,11.082212203307146,158400
6899,2007-07-19,11.296154022216797,11.296154022216797,11.107884557277721,11.20201969780984,133400
6900,2007-07-20,11.244807243347168,11.304710824384093,11.124999265148235,11.279037977671852,236400
6901,2007-07-23,11.210577011108398,11.33038417854803,11.210577011108398,11.296153442690262,96600
6902,2007-07-24,10.928173065185547,11.124999589255399,10.88538444200185,11.090768853933463,184700
6903,2007-07-25,11.013748168945312,11.04797890014454,10.868267357317345,10.988075324577144,183100
6904,2007-07-26,10.7998046875,10.953843368737493,10.705670391257597,10.83403541487223,223900
6905,2007-07-27,10.757017135620117,11.039420868336277,10.679997787402073,10.825478597119488,402600
6906,2007-07-30,10.911055564880371,10.94528629479186,10.662882568990836,10.748459801832047,167800
6907,2007-07-31,10.902497291564941,11.133555322363584,10.808362991679354,10.825477947965394,304700
6908,2007-08-01,11.159231185913086,11.330384875733422,10.876827393678239,10.876827393678239,351000
6909,2007-08-02,11.219130516052246,11.407399911475565,11.124996226403017,11.124996226403017,205500
6910,2007-08-03,10.748458862304688,11.338939105694976,10.714228135385321,11.193458312256444,276200
6911,2007-08-06,11.073649406433105,11.458746071271738,10.679995672695153,11.458746071271738,301500
6912,2007-08-07,11.210577011108398,11.321826290552309,10.953846084112573,11.01374966783239,364400
6913,2007-08-08,11.073649406433105,11.561438243187096,10.82547645360645,11.296149520312131,469300
6914,2007-08-09,10.654324531555176,11.073651171062073,10.363362923366726,10.996632641945983,512600
6915,2007-08-10,11.279038429260254,11.38173063634588,10.611537859016016,10.654326482666304,595000
6916,2007-08-13,11.193461418151855,11.895191922773337,11.176346458005668,11.347500140093208,387400
6917,2007-08-14,11.082209587097168,11.458748444910318,11.082209587097168,11.167786822816067,186700
6918,2007-08-15,10.979521751403809,11.27048348897341,10.945291006755934,11.039425350506258,211300
6919,2007-08-16,11.184906005859375,11.330386871868093,10.936732907866618,10.970963651861297,430100
6920,2007-08-17,11.193461418151855,11.458750237481393,11.167788569870009,11.184903530016197,338200
6921,2007-08-20,11.184906005859375,11.321828981838093,10.919617943931934,11.219136749854055,194000
6922,2007-08-21,11.073649406433105,11.2704766813645,11.030861613562001,11.073649406433105,145100
6923,2007-08-22,11.244807243347168,11.26192220244697,11.133557152760677,11.142115040373119,266900
6924,2007-08-23,11.227689743041992,11.39884338836848,11.142113328441226,11.313266973767714,185500
6925,2007-08-24,11.321829795837402,11.364618432938432,11.244811228405997,11.279041974861745,234700
6926,2007-08-27,11.364619255065918,11.475869393126386,11.244812041866513,11.253369117005448,206300
6927,2007-08-28,10.919618606567383,11.373176196051464,10.893944934919432,11.31327259445697,241800
6928,2007-08-29,11.347496032714844,11.373168871704063,10.970957252290384,10.988073022366422,164100
6929,2007-08-30,11.005195617675781,11.37317676856661,10.91961915625086,11.279042416161577,251500
6930,2007-08-31,11.116440773010254,11.236248744693885,11.005190688473677,11.124998660157308,108700
6931,2007-09-04,11.202019691467285,11.296154015820944,11.065096741089178,11.12500032784831,164500
6932,2007-09-05,11.107882499694824,11.2533633116369,11.00519030587542,11.150671117817495,131100
6933,2007-09-06,11.167789459228516,11.176347348045692,11.056539352980813,11.167789459228516,72700
6934,2007-09-07,10.885380744934082,11.184899373242416,10.765572803935852,11.09932297206496,163900
6935,2007-09-10,10.73134708404541,10.945289410933178,10.620096976128746,10.945289410933178,181100
6936,2007-09-11,10.911055564880371,10.928171337898604,10.679997525884092,10.765574758725302,133400
6937,2007-09-12,10.73990249633789,10.962402660862027,10.71422965154665,10.8768254233912,99500
6938,2007-09-13,10.816926002502441,10.902502456725163,10.688560096980357,10.774137367328413,88600
6939,2007-09-14,11.013748168945312,11.013748168945312,10.748460206182552,10.748460206182552,98200
6940,2007-09-17,10.791248321533203,11.073652066160854,10.722786857146199,10.962402798625746,188300
6941,2007-09-18,11.150673866271973,11.159231755230886,10.731347100787792,10.808366469167582,229000
6942,2007-09-19,11.45875072479248,11.552885049912636,11.167789044807247,11.167789044807247,521600
6943,2007-09-20,11.356054306030273,11.484419321490167,11.330380650038403,11.441630710961913,214400
6944,2007-09-21,11.612787246704102,11.612787246704102,11.381729997756542,11.450191465305824,271300
6945,2007-09-24,11.338936805725098,11.655571169534905,11.287590317698626,11.655571169534905,221800
6946,2007-09-25,11.321829795837402,11.42452285133002,11.287599049381653,11.287599049381653,112600
6947,2007-09-26,11.467637062072754,11.484791736169411,11.347556797335804,11.416174675742548,123700
6948,2007-09-27,11.407599449157715,11.527678918130091,11.381868251232211,11.527678918130091,152000
6949,2007-09-28,11.0645112991333,11.467637145560916,11.0645112991333,11.373288891282064,174300
6950,2007-10-01,11.330403327941895,11.416175065392926,11.030203064843198,11.047357739525369,234000
6951,2007-10-02,11.338979721069336,11.450482643278697,11.338979721069336,11.38186558622368,195700
6952,2007-10-03,11.201746940612793,11.450484006546233,11.167438408000592,11.27894052550529,201000
6953,2007-10-04,11.338979721069336,11.41617411475119,11.23605413548681,11.261785327387482,159300
6954,2007-10-05,11.390445709228516,11.493371327380508,11.33898330914257,11.381869187867593,302600
6955,2007-10-08,11.090241432189941,11.45048135003229,11.090241432189941,11.390440818405397,145500
6956,2007-10-09,11.330403327941895,11.450483596777357,11.073088933568712,11.150283333678658,538800
6957,2007-10-10,11.373286247253418,11.450480627344684,11.330400389649416,11.338977724766156,204800
6958,2007-10-11,11.459060668945312,11.510523877494595,11.390443602866235,11.44190681141552,1503900
6959,2007-10-12,11.622024536132812,11.66491039852042,11.51052162111695,11.51052162111695,200900
6960,2007-10-15,11.6820650100708,11.750682067147704,11.579139424455445,11.7335282118684,234500
6961,2007-10-16,11.6820650100708,11.784990595686157,11.622025289623469,11.664911154791495,101900
6962,2007-10-17,11.5534086227417,11.870762726935393,11.5534086227417,11.742105127086141,314400
6963,2007-10-18,11.690645217895508,11.767839630560752,11.501947855600468,11.501947855600468,114600
6964,2007-10-19,11.321829795837402,11.724955788578953,11.321829795837402,11.690647245663515,204100
6965,2007-10-22,11.596296310424805,11.664913380594657,10.841507720576445,11.150284536340775,188600
6966,2007-10-23,11.53625774383545,11.647760706525862,11.407600919643512,11.647760706525862,163700
6967,2007-10-24,10.575613975524902,11.476213874969327,10.515574254888556,11.41617415433298,598700
6968,2007-10-25,10.558462142944336,10.635655733702466,10.421227184087657,10.515576269425374,750000
6969,2007-10-26,10.592767715454102,10.618498905176677,10.498418656505034,10.506995992405818,224000
6970,2007-10-29,10.7557373046875,10.7557373046875,10.53273139005284,10.678542886700109,268400
6971,2007-10-30,10.721427917480469,10.824353527330677,10.627079646279453,10.712850578831276,200100
6972,2007-10-31,10.592767715454102,10.772887679471678,10.489841320604253,10.772887679471678,288700
6973,2007-11-01,10.352611541748047,10.567040120942364,10.292571801327274,10.532731580990479,295600
6974,2007-11-02,10.344033241271973,10.41265030937494,10.223952963101793,10.41265030937494,238800
6975,2007-11-05,10.223953247070312,10.404073260338397,10.215375908824214,10.292570317079107,176000
6976,2007-11-06,10.27541732788086,10.292572007189973,10.000949002776103,10.16391518429215,193800
6977,2007-11-07,9.846558570861816,10.275415668574892,9.846558570861816,10.21537593664866,259400
6978,2007-11-08,9.906598091125488,10.026677542497488,9.829403690683536,9.906598091125488,227100
6979,2007-11-09,9.554936408996582,9.786518815866142,9.48631933896264,9.75221028084917,253200
6980,2007-11-12,9.709324836730957,9.743633373264352,9.546359492692343,9.563513351969023,260300
6981,2007-11-13,9.863712310791016,9.872289648246014,9.657861119750558,9.769364052725786,249700
6982,2007-11-14,9.68359088897705,9.906596722107174,9.68359088897705,9.906596722107174,161100
6983,2007-11-15,9.786518096923828,9.786518096923828,9.589244239563476,9.657861304556636,205900
6984,2007-11-16,9.606399536132812,9.760788364489217,9.512051262126155,9.70074862811953,162800
6985,2007-11-19,9.56351375579834,9.657862848734188,9.434856942860453,9.529205217816232,151900
6986,2007-11-20,9.452006340026855,9.649280118712543,9.306194930572387,9.529199893873683,233600
6987,2007-11-21,9.306198120117188,9.494894629277063,9.306198120117188,9.417700230993526,158800
6988,2007-11-23,9.434856414794922,9.529204684470063,9.31477612958836,9.374816681181652,92800
6989,2007-11-26,9.03172779083252,9.606396210811338,9.014573936941991,9.49489329759368,165500
6990,2007-11-27,8.937382698059082,9.134656586187074,8.928805359102196,9.040308311601521,222000
6991,2007-11-28,9.048882484436035,9.048882484436035,8.937379570950574,9.014573958592798,387600
6992,2007-11-29,8.94595718383789,9.100345145921805,8.937379847616617,9.074613955237785,165200
6993,2007-11-30,9.066036224365234,9.160385282732557,9.005996509389497,9.005996509389497,211100
6994,2007-12-03,8.954534530639648,9.126077999018777,8.954534530639648,8.9888430607195,136100
6995,2007-12-04,8.791569709777832,8.954535032291814,8.791569709777832,8.88591796828804,114400
6996,2007-12-05,8.89449691772461,8.954536655113875,8.765840103896164,8.903074256774525,96000
6997,2007-12-06,8.903068542480469,8.945954392224369,8.843028843626737,8.843028843626737,203300
6998,2007-12-07,8.954534530639648,9.066037457894131,8.894494807494882,8.911649481524746,161400
6999,2007-12-10,9.108926773071289,9.168966518943432,8.963115260541638,8.963115260541638,262400
7000,2007-12-11,8.963109970092773,9.246155487823515,8.928801447276312,9.15180725457317,183300
7001,2007-12-12,8.980266571044922,9.168963078111089,8.96311189695897,9.168963078111089,211100
7002,2007-12-13,9.040303230285645,9.091766417120796,8.928800340459151,8.928800340459151,117800
7003,2007-12-14,8.714377403259277,9.014577743930424,8.714377403259277,8.937383323873265,153000
7004,2007-12-17,8.662912368774414,8.808723825011716,8.628603838952689,8.662912368774414,138700
7005,2007-12-18,8.740105628967285,8.765837638881012,8.465637400392955,8.68864324509952,182000
7006,2007-12-19,8.722959518432617,8.79157663649855,8.637187711859916,8.705804829925848,229500
7007,2007-12-20,8.76584243774414,8.825882191118597,8.722956549056548,8.800150985098156,271900
7008,2007-12-21,8.748686790466309,8.885920964751238,8.55998939183443,8.885920964751238,573400
7009,2007-12-24,8.791569709777832,8.834455579275172,8.722952645774058,8.74868384028049,166500
7010,2007-12-26,8.843182563781738,8.860387593349598,8.774364086272227,8.774364086272227,254700
7011,2007-12-27,8.696942329406738,8.860386814408695,8.696942329406738,8.82597757867895,242400
7012,2007-12-28,8.67973804473877,8.834580014339544,8.67973804473877,8.834580014339544,254400
7013,2007-12-31,8.54210376739502,8.73135421106824,8.54210376739502,8.63672898923163,202000
7014,2008-01-02,8.559307098388672,8.66253482622393,8.533500371525122,8.542102887273323,330400
7015,2008-01-03,8.387260437011719,8.602318396935097,8.344248680950841,8.55070412558584,223000
7016,2008-01-04,8.163599967956543,8.361453717833388,8.08617897106478,8.301236931150342,223300
7017,2008-01-07,8.275432586669922,8.335648570297414,8.137795583874944,8.215216603042432,229400
7018,2008-01-08,8.034564971923828,8.37005484172568,8.025962457215842,8.284032155788701,171300
7019,2008-01-09,8.284029960632324,8.309836677536891,7.896925925540872,8.008756125968311,180600
7020,2008-01-10,8.215213775634766,8.284032253347188,8.01736003692583,8.215213775634766,191300
7021,2008-01-11,8.146394729614258,8.266826647018952,8.077576256702745,8.163598937651683,180800
7022,2008-01-14,8.464686393737793,8.499095654672438,8.258230828129918,8.301241789012106,252000
7023,2008-01-15,8.464686393737793,8.516299874949015,8.404470392197535,8.447481353079723,265200
7024,2008-01-16,8.344249725341797,8.473285009674868,8.327045512992724,8.45607997694468,242400
7025,2008-01-17,8.163599967956543,8.430272199430288,8.146395757747824,8.352851202538522,180200
7026,2008-01-18,8.137796401977539,8.335649408290413,8.077580412296461,8.215217428928257,269300
7027,2008-01-22,8.000154495239258,8.198007380614257,7.965745262114004,8.13779142774027,246300
7028,2008-01-23,8.335648536682129,8.344251054417436,7.733486241691823,7.828112296017707,355700
7029,2008-01-24,8.146394729614258,8.387259384804555,8.068973742493577,8.378656870595389,194600
7030,2008-01-25,8.344249725341797,8.438875764595606,8.172203499945484,8.189408532675673,149800
7031,2008-01-28,8.3700590133667,8.447480043563328,8.180808517754237,8.344252276761612,222400
7032,2008-01-29,8.378660202026367,8.464683737559948,8.318444219381602,8.430274487422762,135400
7033,2008-01-30,8.258221626281738,8.533495407030937,8.258221626281738,8.327040071469037,225600
7034,2008-01-31,9.118459701538086,9.359324436411352,8.327046180859028,8.59371764651628,845700
7035,2008-02-01,9.290508270263672,9.471157071810348,9.118461987929072,9.170075462438758,383800
7036,2008-02-04,9.135663986206055,9.290506012874674,9.058242972871744,9.281903495752822,210400
7037,2008-02-05,9.023832321166992,9.350720537521415,9.023832321166992,9.049639868518357,176900
7038,2008-02-06,8.903402328491211,9.075448579880446,8.868993078213364,9.066846062215674,160100
7039,2008-02-07,8.851787567138672,8.937811098400518,8.671138807793753,8.86899260154352,229300
7040,2008-02-08,8.825980186462402,8.989423899375646,8.748559178099923,8.851786915789518,95300
7041,2008-02-11,8.834582328796387,8.920605029703204,8.722752079274535,8.800172263976341,101700
7042,2008-02-12,8.808772087097168,8.963614049923526,8.791567880328044,8.886193068510346,103300
7043,2008-02-13,9.221687316894531,9.230289013448862,8.851787292479763,8.860389809415262,110500
7044,2008-02-14,8.774367332458496,9.256097673628162,8.774367332458496,9.221688422143275,215100
7045,2008-02-15,8.636727333068848,8.800171015877906,8.610920608494991,8.72275084215634,110600
7046,2008-02-19,8.44747543334961,8.696942605402269,8.352850237185123,8.696942605402269,128100
7047,2008-02-20,8.45607852935791,8.55070373203182,8.275429818521555,8.404465080765222,224200
7048,2008-02-21,8.335648536682129,8.69694607775256,8.327046839328068,8.499093092127977,178200
7049,2008-02-22,8.266824722290039,8.413064148273941,8.077574376036168,8.335643179178849,135200
7050,2008-02-25,8.43027114868164,8.456077870968675,8.215213215400889,8.258224966133222,104200
7051,2008-02-26,8.550704002380371,8.688341783868186,8.378657800996853,8.378657800996853,132200
7052,2008-02-27,8.705545425415039,8.748557178047852,8.49908999723467,8.49908999723467,142300
7053,2008-02-28,8.636727333068848,8.68834160259754,8.516294584422553,8.65393236303874,154800
7054,2008-02-29,8.344249725341797,8.636728718706088,8.344249725341797,8.567910228547563,168800
7055,2008-03-03,8.103384017944336,8.413067185752924,7.931337813606231,8.370055429573144,205200
7056,2008-03-04,8.404464721679688,8.45607816806716,7.948541296431683,8.051769009587568,330400
7057,2008-03-05,8.344249725341797,8.499091738389037,8.30123796389744,8.45607997694468,197800
7058,2008-03-06,8.068974494934082,8.352850927261082,8.043167770280986,8.292634962943533,131400
7059,2008-03-07,8.129190444946289,8.21521395414654,7.991553486530675,7.991553486530675,107100
7060,2008-03-10,8.17220401763916,8.198010747988137,8.077578792772137,8.180806534549209,133600
7061,2008-03-11,8.335648536682129,8.395865340448031,8.172204801617527,8.395865340448031,215300
7062,2008-03-12,8.180807113647461,8.387262611816055,8.180807113647461,8.344250844602291,182100
7063,2008-03-13,8.2238130569458,8.241017259418951,7.982947659276557,8.120584560584328,143900
7064,2008-03-14,7.750689506530762,8.258226451630486,7.681871021132262,8.258226451630486,264300
7065,2008-03-17,7.9743475914001465,8.137791239876742,7.621651934532356,7.656061166863261,139700
7066,2008-03-18,8.2238130569458,8.266823973318997,7.871117471868832,8.120584560584328,184800
7067,2008-03-19,8.103384017944336,8.378657944885303,8.103384017944336,8.249623496726977,97100
7068,2008-03-20,8.361452102661133,8.430270570964446,8.172200904636593,8.284031120724691,522200
7069,2008-03-24,8.748558044433594,8.748558044433594,8.318442116272182,8.378658083692851,165200
7070,2008-03-25,8.894797325134277,8.894797325134277,8.636727609978578,8.705546091302631,216200
7071,2008-03-26,9.248519897460938,9.248519897460938,8.791269731974932,8.946562303103633,247600
7072,2008-03-27,9.179500579833984,9.308910499086254,9.067344932523524,9.291656227144445,148900
7073,2008-03-28,9.050089836120605,9.30028294999154,9.015580469475243,9.179500578116869,271800
7074,2008-03-31,9.2312650680542,9.386557643664293,8.998327027407337,9.058718218914251,287400
7075,2008-04-01,9.817922592163086,9.817922592163086,9.248517728580632,9.352045810798527,283900
7076,2008-04-02,9.533225059509277,9.852437016083265,9.498715681035561,9.783418259135834,157900
7077,2008-04-03,9.567732810974121,9.662633379946717,9.498714065763442,9.498714065763442,75900
7078,2008-04-04,9.878313064575195,9.955959326403367,9.567728840030508,9.60223819831325,137400
7079,2008-04-07,9.584986686706543,10.007727511976482,9.515967944370288,9.973218140808354,97100
7080,2008-04-08,9.714394569396973,9.714394569396973,9.490083311834725,9.490083311834725,89800
7081,2008-04-09,9.490083694458008,9.74027677712845,9.490083694458008,9.74027677712845,95300
7082,2008-04-10,9.69714069366455,9.981843162902932,9.515966320261201,9.541848961296086,158300
7083,2008-04-11,9.239892959594727,9.688514784031181,9.222637862655326,9.63675113874959,131900
7084,2008-04-14,9.541851997375488,9.559106274120637,9.20538496177656,9.248521887792077,151400
7085,2008-04-15,9.326167106628418,9.602242084626113,9.170874520120547,9.602242084626113,119100
7086,2008-04-16,9.429694175720215,9.481457816959574,9.15361840562674,9.403811532332291,278200
7087,2008-04-17,9.27440071105957,9.377928806311312,9.205381980891742,9.377928806311312,53000
7088,2008-04-18,9.343419075012207,9.472828983312624,9.265772800924706,9.429692895724573,167300
7089,2008-04-21,9.2571439743042,9.446945859966403,9.170870988289028,9.360672873951232,75100
7090,2008-04-22,8.998326301574707,9.308910604973931,8.85166128594413,9.22263677597893,71900
7091,2008-04-23,9.144991874694824,9.144991874694824,8.843034277572837,9.050090492461381,97900
7092,2008-04-24,9.567732810974121,9.654005831103298,9.136365242023212,9.19675643839047,146100
7093,2008-04-25,9.38656234741211,9.628128057260255,9.067350310849172,9.593618670139092,108300
7094,2008-04-28,9.2312650680542,9.39518519181336,9.119109410421164,9.39518519181336,116700
7095,2008-04-29,9.239892959594727,9.343421072926215,9.19675604001453,9.265774782235523,100300
7096,2008-04-30,9.705766677856445,10.119878994516329,9.438318522937577,9.602238598691473,213100
7097,2008-05-01,9.930083274841309,9.964592653146475,9.524597462679242,9.723027005010309,170100
7098,2008-05-02,9.748899459838867,10.024974220844474,9.59360699538937,10.024974220844474,107500
7099,2008-05-05,9.429694175720215,9.792042955468704,9.403811532332291,9.792042955468704,163300
7100,2008-05-06,9.326167106628418,9.533223340126689,9.283030185624193,9.421067674623043,193100
7101,2008-05-07,9.308913230895996,9.550478868348995,9.248522027224857,9.317540780782856,112100
7102,2008-05-08,9.283028602600098,9.44694788714118,9.196754775303827,9.369301607128175,127200
7103,2008-05-09,9.265774726867676,9.360676113930687,9.14499234008683,9.2140110818954,54700
7104,2008-05-12,9.024208068847656,9.403811104134832,7.359129267382263,9.317538098408212,1368400
7105,2008-05-13,9.2571439743042,9.274399065168044,9.015578461586495,9.110479815801606,134400
7106,2008-05-14,9.127740859985352,9.472834705766628,9.084603923570535,9.343424719290805,307300
7107,2008-05-15,9.636750221252441,9.662632041429077,9.084599513285438,9.127736428758649,217400
7108,2008-05-16,9.490083694458008,9.679885598722235,9.23126306551008,9.679885598722235,172400
7109,2008-05-19,9.196759223937988,9.524598774370103,9.153622289423758,9.507344494225567,191400
7110,2008-05-20,9.205381393432617,9.308909482077516,9.075971488318524,9.144990214081789,130700
7111,2008-05-21,9.3779296875,9.412439055826555,9.144991656987813,9.257146486972935,164300
7112,2008-05-22,9.248519897460938,9.386557372789447,9.188127884928525,9.369302276989258,153400
7113,2008-05-23,9.144991874694824,9.283029351287185,9.075973136398643,9.222637338201832,68200
7114,2008-05-27,9.360677719116211,9.377931996142996,9.101856981566886,9.1363663583889,104400
7115,2008-05-28,9.27440071105957,9.39518390023735,9.093226338676983,9.377928806311312,78300
7116,2008-05-29,9.395186424255371,9.464205172965094,9.14499325449053,9.274403202629165,162200
7117,2008-05-30,9.38656234741211,9.559109283017927,9.377934794939646,9.421071734533273,368400
7118,2008-06-02,9.541851997375488,9.774790081429801,9.300285540795956,9.403813669572143,207000
7119,2008-06-03,9.464200019836426,9.593609897513137,9.34341686397501,9.576355631114613,416800
7120,2008-06-04,9.360677719116211,9.498715226404265,9.360677719116211,9.395187095938224,279600
7121,2008-06-05,9.490083694458008,9.533220603077346,9.360673791368093,9.369300514877482,439600
7122,2008-06-06,9.334793090820312,9.490085664987777,9.326166365519663,9.403811829835126,301600
7123,2008-06-09,9.30028247833252,9.446947484829325,9.214009477478502,9.369301208122998,179200
7124,2008-06-10,9.395186424255371,9.41244070004861,9.214012003200253,9.214012003200253,452500
7125,2008-06-11,9.343419075012207,9.403810255849985,9.24851853044311,9.334791528387345,325100
7126,2008-06-12,9.317540168762207,9.48145949200334,9.308912619442046,9.455577666811243,172100
7127,2008-06-13,9.636750221252441,9.65400449378079,9.377929551181401,9.43832073918296,313600
7128,2008-06-16,9.360677719116211,9.584988257075079,9.050092504949644,9.584988257075079,602900
7129,2008-06-17,9.136361122131348,9.395181711344671,9.067342408043524,9.3865541663917,121800
7130,2008-06-18,9.144991874694824,9.19675551703283,9.067345588419556,9.110482505546734,100000
7131,2008-06-19,9.334793090820312,9.343420638889231,9.032836313322573,9.144991969913711,123100
7132,2008-06-20,9.067347526550293,9.326168261867611,8.886173094105013,9.300285612397973,262200
7133,2008-06-23,8.929309844970703,9.153620376586943,8.89480046912448,9.12773855039438,93800
7134,2008-06-24,8.696368217468262,8.929307048556526,8.627349487390589,8.929307048556526,148200
7135,2008-06-25,8.921350479125977,8.921350479125977,8.661757197222904,8.756941042990169,172800
7136,2008-06-26,8.653103828430176,8.86077812225867,8.488695218788688,8.791553357649173,121700
7137,2008-06-27,8.86943244934082,9.059800986633402,8.53196106394366,8.65310482862519,468300
7138,2008-06-30,8.696369171142578,9.103065266172129,8.696369171142578,8.86077777432834,163600
7139,2008-07-01,8.84347152709961,8.912696285316795,8.60983734919845,8.60983734919845,229400
7140,2008-07-02,8.644450187683105,8.921350060490836,8.618491108278219,8.852124473370711,192700
7141,2008-07-03,8.670411109924316,8.826166429858283,8.627145422355412,8.679063587258616,88000
7142,2008-07-07,8.618490219116211,8.748286427973941,8.618490219116211,8.730980651897523,263200
7143,2008-07-08,8.938658714294434,8.947312018621611,8.592534793452494,8.618493881209508,176000
7144,2008-07-09,8.644450187683105,9.025187203334639,8.618491108278219,8.947309139895722,145700
7145,2008-07-10,8.800203323364258,9.025184135666787,8.627141477448456,8.653100548029833,133400
7146,2008-07-11,8.955965042114258,8.981924129057267,8.601187002845487,8.730984088009523,150600
7147,2008-07-14,8.756942749023438,9.051148470815983,8.66175888471239,9.007882777865705,175400
7148,2008-07-15,8.765592575073242,9.068450655122993,8.61848977253726,8.653102148120777,179000
7149,2008-07-16,9.025181770324707,9.051140834102668,8.774241953207733,8.791547720651787,116700
7150,2008-07-17,9.388619422912598,9.388619422912598,9.042494721590932,9.042494721590932,107500
7151,2008-07-18,9.345352172851562,9.501107478495832,9.224208423817773,9.39727033299156,127200
7152,2008-07-21,9.345352172851562,9.405923634756318,9.302086489252046,9.345352172851562,83700
7153,2008-07-22,10.09817123413086,10.09817123413086,9.276126616852883,9.31939229675682,171700
7154,2008-07-23,10.150089263916016,10.305845379548224,9.925109216610178,10.10682440977302,209200
7155,2008-07-24,10.202012062072754,10.444298801885456,10.09817488786731,10.219318670385913,151400
7156,2008-07-25,10.392376899719238,10.686582533717331,10.253927383772892,10.323152141746066,190600
7157,2008-07-28,10.202012062072754,10.375074019081827,10.10682819202389,10.340461627680012,209700
7158,2008-07-29,10.807727813720703,11.889365925387493,10.3664192661068,10.634665880898895,644300
7159,2008-07-30,11.205769538879395,11.335566594291093,10.816380023092911,10.89425809129507,285800
7160,2008-07-31,11.127891540527344,11.603812429575662,11.032707692807405,11.11923906362503,245400
7161,2008-08-01,10.496219635009766,11.127896094736018,10.46160723756209,11.050018819397234,331300
7162,2008-08-04,10.842338562011719,10.963482309294404,10.383724303024275,10.470255668972516,169500
7163,2008-08-05,11.050015449523926,11.067321230357773,10.62601267856529,10.989443153544466,211800
7164,2008-08-06,10.98078727722168,11.136543394347614,10.885603441880388,11.050012860007586,140500
7165,2008-08-07,10.833683013916016,11.024050644668282,10.64331455793972,10.911560230919745,162800
7166,2008-08-08,11.171154022216797,11.499971981709681,10.833683588302998,10.868295961658877,164600
7167,2008-08-11,11.404789924621582,11.603810895883194,11.171155749428346,11.188462351394156,267800
7168,2008-08-12,11.776871681213379,11.854749732282778,10.885602394447854,11.396135551259137,260800
7169,2008-08-13,11.742264747619629,11.889367617763423,11.430753224198687,11.889367617763423,188100
7170,2008-08-14,11.811484336853027,11.854750013498379,11.52593202630751,11.647075755869665,198000
7171,2008-08-15,11.54323959350586,12.105690961313888,11.361524396560707,11.863404307128421,165300
7172,2008-08-18,11.629766464233398,11.889359638816849,11.517276886297058,11.629766464233398,186000
7173,2008-08-19,11.456708908081055,11.733608782976994,11.404790748879746,11.65573071895077,151300
7174,2008-08-20,11.474015235900879,11.776873357904076,11.344218190564444,11.474015235900879,151300
7175,2008-08-21,11.127891540527344,11.569200046293474,11.058666773962967,11.378831525629284,290700
7176,2008-08-22,11.50862979888916,11.66438512751792,11.153852626423097,11.197117491182842,153900
7177,2008-08-25,11.300952911376953,11.603811022053867,11.084625335797353,11.430749126635028,154900
7178,2008-08-26,11.621116638183594,11.655729014330584,11.300951952517908,11.300951952517908,156800
7179,2008-08-27,11.854750633239746,12.027812523644318,11.62111728749962,11.62111728749962,137000
7180,2008-08-28,11.949934959411621,12.010506413061966,11.707647494361908,11.84609700283365,232700
7181,2008-08-29,11.456708908081055,11.880710784196877,11.257687922435602,11.880710784196877,206200
7182,2008-09-02,11.638423919677734,11.889363885521519,11.474015318010805,11.577852459888483,187500
7183,2008-09-03,11.724956512451172,12.010508888842383,11.482669822681974,11.638425139207149,192600
7184,2008-09-04,11.24903678894043,11.595160667741135,11.0846281528162,11.586508189689434,243600
7185,2008-09-05,11.24903678894043,11.37883303718459,10.928871994743671,11.223077704336482,185000
7186,2008-09-08,11.465362548828125,11.638424459991995,11.249034953567218,11.422096864731087,184900
7187,2008-09-09,11.16250228881836,11.724954466300954,11.145196512324228,11.448054615377142,238200
7188,2008-09-10,11.413442611694336,11.595157809578705,11.093277896416966,11.292299696587568,109100
7189,2008-09-11,11.318262100219727,11.387486879255212,11.058668766224429,11.352874489737468,89500
7190,2008-09-12,11.188461303710938,11.335564105748873,11.058664276794106,11.266339354816212,135100
7191,2008-09-15,10.660623550415039,11.214422487209381,10.660623550415039,11.032707275544384,119700
7192,2008-09-16,11.292298316955566,11.292298316955566,10.5567843141361,10.5567843141361,194700
7193,2008-09-17,10.478907585144043,11.110584542256019,10.418336127353223,11.110584542256019,327100
7194,2008-09-18,10.660623550415039,10.764460696334426,10.072213056871849,10.686583455813096,339900
7195,2008-09-19,11.015400886535645,11.595158914797972,10.729848523388442,10.928870342529269,506200
7196,2008-09-22,10.998093605041504,11.508626798249615,10.937522149991112,10.937522149991112,176700
7197,2008-09-23,10.859644889831543,11.179809615360098,10.686582987549114,11.02405349069379,154100
7198,2008-09-24,10.81627368927002,10.920359621675326,10.608100997257948,10.87699027637275,130100
7199,2008-09-25,10.798930168151855,11.085166809613096,10.746887593632616,10.824951455411476,103600
7200,2008-09-26,10.937708854675293,10.972404171793313,10.556060366377082,10.5907556834951,100900
7201,2008-09-29,10.573406219482422,10.755556817174643,10.174409711547153,10.755556817174643,179600
7202,2008-09-30,11.085165023803711,11.397423729421803,10.365236517053496,10.677495222671586,240400
7203,2008-10-01,10.616776466369629,11.007098972432917,10.365235222266481,10.989751728288685,149600
7204,2008-10-02,10.122368812561035,10.530039422138154,10.122368812561035,10.521365385780811,199900
7205,2008-10-03,10.079000473022461,10.538713692637643,10.035631114069696,10.2611511188627,124800
7206,2008-10-06,9.836129188537598,10.035626999851537,9.168243485196744,9.940215111032007,282900
7207,2008-10-07,9.437134742736816,9.94889125740973,9.393765392354075,9.94889125740973,214800
7208,2008-10-08,9.237637519836426,9.836132829735549,9.090182201583117,9.168246879152713,268900
7209,2008-10-09,8.994769096374512,9.45448223734134,8.916704429055288,9.237636306877533,361400
7210,2008-10-10,8.864663124084473,9.15089972664752,7.945235884771688,8.717207804315425,405400
7211,2008-10-13,9.558568000793457,9.558568000793457,8.968746867618837,9.090180046424324,124500
7212,2008-10-14,9.411113739013672,9.844805601139617,8.916704453693018,9.801436249486708,312300
7213,2008-10-15,8.673835754394531,9.402438090115902,8.673835754394531,9.29835216032734,134400
7214,2008-10-16,9.324373245239258,9.359068554459068,8.309534416558035,8.639140267746942,196800
7215,2008-10-17,8.960071563720703,9.402437350946746,8.864659675715652,8.986092837321833,213300
7216,2008-10-20,8.855989456176758,9.055487351706645,8.465666875251785,9.055487351706645,189400
7217,2008-10-21,8.751907348632812,8.934058077005227,8.569756620260398,8.751907348632812,147600
7218,2008-10-22,8.84731388092041,9.0294644973159,8.292188823106791,8.456991367844813,291300
7219,2008-10-23,9.090182304382324,9.13355166210052,8.422297173448184,8.899358453944968,348900
7220,2008-10-24,8.760576248168945,9.020790712663747,8.326884371075465,8.543730309622205,393800
7221,2008-10-27,8.188100814819336,8.639140683588934,8.188100814819336,8.604445372699077,258700
7222,2008-10-28,9.029461860656738,9.072831199934706,8.188099656589,8.188099656589,356900
7223,2008-10-29,6.314554691314697,8.569752647641069,5.811471704410366,8.569752647641069,1113500
7224,2008-10-30,5.863516807556152,6.696205176254287,5.360433674149667,6.644162179060714,706000
7225,2008-10-31,6.06301212310791,6.06301212310791,5.551255999525921,5.854840224756076,529100
7226,2008-11-03,6.21046781539917,6.392618444720169,6.002295903947069,6.054338881810095,316400
7227,2008-11-04,6.427313327789307,6.600790322512308,6.21046739458615,6.409965669677086,370600
7228,2008-11-05,5.9849467277526855,6.435986168515457,5.924229728834359,6.323226204924585,348400
7229,2008-11-06,5.889535903930664,6.106381851538129,5.8721882446661,5.95025291815705,125300
7230,2008-11-07,5.672689437866211,5.941578338692194,5.481865203396437,5.941578338692194,214400
7231,2008-11-10,5.473190784454346,5.880861331763419,5.421147815061842,5.8027966708742875,141600
7232,2008-11-11,5.13491153717041,5.412474054681821,5.0481732504480945,5.412474054681821,178900
7233,2008-11-12,4.467026233673096,5.048173391332419,4.406309224472597,5.048173391332419,215100
7234,2008-11-13,4.978782653808594,4.978782653808594,4.146094613024564,4.388961837619669,260700
7235,2008-11-14,4.510395050048828,4.9874562478966435,4.510395050048828,4.918065618449858,188400
7236,2008-11-17,5.074195384979248,5.577277946369893,4.484374522245535,4.484374522245535,478200
7237,2008-11-18,4.571110248565674,5.100214209101913,4.510393265028528,5.065518908109433,336600
7238,2008-11-19,4.05935525894165,4.935412927964944,4.05935525894165,4.562438114175251,376400
7239,2008-11-20,3.9292478561401367,4.571111516083158,3.8858785110734018,3.8858785110734018,319400
7240,2008-11-21,4.137420654296875,4.172115972746259,3.46086132413265,3.989965344086581,441600
7241,2008-11-24,4.27620267868042,4.43233205270828,4.163443080728057,4.18079074299772,281100
7242,2008-11-25,4.20681095123291,4.328244555992407,4.076703310761627,4.276201582524052,193700
7243,2008-11-26,5.02215051651001,5.134910472673614,3.9986381181652018,4.102724040654364,222200
7244,2008-11-28,4.796632289886475,5.1435854568649395,4.467026367656133,5.100216517793031,190700
7245,2008-12-01,4.198137283325195,4.744588705582187,4.154767932440947,4.657850417414472,154900
7246,2008-12-02,4.5971360206604,4.61448368658889,4.120074587225479,4.284877620346616,212600
7247,2008-12-03,4.805307865142822,5.169609252123486,4.414985186864093,4.458354143561192,273500
7248,2008-12-04,4.709893226623535,5.039499123806233,4.597133662724838,4.727240883654163,190100
7249,2008-12-05,5.013478755950928,5.013478755950928,4.475700463091922,4.69254642217352,132400
7250,2008-12-08,5.455844402313232,5.62064738401628,5.0568477968428756,5.0568477968428756,191200
7251,2008-12-09,4.92673921585083,5.776775249551933,4.874696244024326,5.386452754052771,231400
7252,2008-12-10,5.577277183532715,5.629320157220331,4.926739392036331,4.926739392036331,421200
7253,2008-12-11,5.195627689361572,5.6293194997029685,5.013477509530867,5.516559943350768,194400
7254,2008-12-12,5.438497066497803,5.646669418720186,4.9267404303186195,4.9614357534222036,119800
7255,2008-12-15,5.178280353546143,5.585950912080382,5.03082547634094,5.4471696565457135,130500
7256,2008-12-16,5.317062854766846,5.360431797108,4.952761588376828,5.256345839168232,274900
7257,2008-12-17,5.637994289398193,5.637994289398193,5.048173497249746,5.291040711945838,213300
7258,2008-12-18,5.273692607879639,5.846165693434764,5.247671329591185,5.637993812724086,211000
7259,2008-12-19,5.664015293121338,5.958925446449642,5.44716938534427,5.5252336308955075,355600
7260,2008-12-22,5.074195384979248,5.603299643573236,4.727241766006127,5.603299643573236,249800
7261,2008-12-23,4.856230735778809,5.2660022540187255,4.838793658741635,5.135223968373574,85800
7262,2008-12-24,4.882386207580566,5.170098190338322,4.856230799547705,4.969571593911293,51300
7263,2008-12-26,5.126505374908447,5.143942451051699,4.8562304868216914,4.908541715251449,71000
7264,2008-12-29,4.838793754577637,5.143942816638226,4.725452543724849,5.100349915315549,83500
7265,2008-12-30,4.908541679382324,5.013164135477311,4.568518073474591,4.882385857492235,182900
7266,2008-12-31,4.803919792175293,5.065475963386664,4.551081536405199,4.899823513753095,259500
7267,2009-01-02,5.135225772857666,5.300878270786346,4.786483693835858,4.812639526448957,112000
7268,2009-01-05,5.170097827911377,5.300876106106189,4.917260017409993,5.204971979998969,157500
7269,2009-01-06,5.274723529815674,5.640902323191676,5.170100601689621,5.170100601689621,239000
7270,2009-01-07,5.143942832946777,5.3531877622005055,4.9259791571077844,5.196254065260209,149400
7271,2009-01-08,5.204972743988037,5.318313962775346,5.100350272368711,5.109069019536696,121000
7272,2009-01-09,4.681861400604248,5.1875372503291635,4.681861400604248,5.1875372503291635,108600
7273,2009-01-12,4.699296474456787,5.013164266689456,4.594674015623463,4.803919349022808,133700
7274,2009-01-13,4.847511291503906,5.004444962244923,4.6644218011063945,4.6644218011063945,101800
7275,2009-01-14,4.402866363525391,4.760326654424634,4.1413097894759305,4.760326654424634,371100
7276,2009-01-15,4.0279693603515625,4.481333871701962,3.6356348389699304,4.3854301362646355,245200
7277,2009-01-16,4.367991924285889,4.367991924285889,3.592040999207169,4.062842469213318,298400
7278,2009-01-20,3.984377861022949,4.315682475113312,3.984377861022949,4.2982453901611875,148700
7279,2009-01-21,4.306962966918945,4.367992955488046,3.8100055575977185,4.0279692679737815,124200
7280,2009-01-22,4.001813888549805,4.289525922102287,3.923346819132659,4.219777600723841,78300
7281,2009-01-23,4.115154266357422,4.4203037636147915,3.8361610104413053,3.8884722459255774,106600
7282,2009-01-26,4.158746242523193,4.524925224940637,4.045405049730622,4.10643501871108,190600
7283,2009-01-27,4.463897705078125,4.699298549251658,4.097718521756433,4.184904358343792,215700
7284,2009-01-28,4.455178260803223,4.830075684934171,4.3679928616719295,4.6382678068453265,200700
7285,2009-01-29,4.7603254318237305,5.562431609454485,4.385428159988751,4.420302305474209,405400
7286,2009-01-30,4.481334686279297,4.995729281100557,4.3505563501360935,4.7952026098764104,307300
7287,2009-02-02,4.585957050323486,4.77776494861203,4.429022899627312,4.429022899627312,336300
7288,2009-02-03,4.324398517608643,4.7864811873599615,4.263368550625437,4.612110447025999,143400
7289,2009-02-04,4.359273433685303,4.594674182475001,4.2633693017390675,4.315680533055366,164900
7290,2009-02-05,4.481334686279297,4.620831772174053,4.341838016117411,4.341838016117411,190600
7291,2009-02-06,4.498771667480469,4.6644241673873745,4.455179166915195,4.463897500735105,158900
7292,2009-02-09,4.490052700042725,4.664423509163047,4.45517853821866,4.498771032632339,201400
7293,2009-02-10,4.367991924285889,4.690578039709974,4.359273178377444,4.472614380791103,120300
7294,2009-02-11,4.420305252075195,4.559801927006316,4.359275248926387,4.429023586391948,103000
7295,2009-02-12,4.4464592933654785,4.4987705302600425,4.263369756368127,4.350555151192401,73700
7296,2009-02-13,4.228495121002197,4.699296615628183,4.045405604677346,4.472614614679568,131100
7297,2009-02-17,4.2023396492004395,4.359273339768326,3.9843759822120233,4.080279696359381,146300
7298,2009-02-18,3.897191286087036,4.272089165505946,3.8797542044210043,4.228496253474456,88800
7299,2009-02-19,3.792567491531372,3.9843757396127377,3.7315379345594915,3.9495015882766125,98700
7300,2009-02-20,3.487419605255127,3.748976241942387,3.469982523858164,3.7402574933774986,153500
7301,2009-02-23,3.426389694213867,3.6181977903849294,3.3827969923264436,3.5833236288749903,217300
7302,2009-02-24,3.5571677684783936,3.6443531714836888,3.3827969624678036,3.4874194460741577,193000
7303,2009-02-25,3.1648333072662354,3.618197827247113,3.1386774780009064,3.618197827247113,144600
7304,2009-02-26,2.929431438446045,3.182269453432669,2.929431438446045,3.182269453432669,118300
7305,2009-02-27,2.7463436126708984,2.999181555146251,2.7463436126708984,2.920714464125313,157600
7306,2009-03-02,2.6765947341918945,2.920714103994001,2.624283485205677,2.711468900182706,161400
7307,2009-03-03,2.2668228149414062,2.7114688366363136,2.2668228149414062,2.7114688366363136,111100
7308,2009-03-04,2.6330008506774902,2.6940306139025583,2.20579209236935,2.3104147514786564,281800
7309,2009-03-05,2.1360440254211426,2.6242826004127306,2.0924513326301715,2.5719713690635655,166300
7310,2009-03-06,1.9703916311264038,2.2145109243432795,1.8832062435012198,2.1709182305306873,274600
7311,2009-03-09,1.89192533493042,2.066296161117759,1.839613879207797,1.9442365827866217,195000
7312,2009-03-10,2.1186063289642334,2.1360434009831737,1.9006427208611807,1.909361256870651,193500
7313,2009-03-11,1.9791100025177002,2.2145107370644688,1.9791100025177002,2.118606818787258,112700
7314,2009-03-12,2.6068458557128906,2.66787563340257,1.9616732965371335,1.9616732965371335,156500
7315,2009-03-13,2.6068458557128906,2.711468331752341,2.502223171807058,2.66787563340257,119000
7316,2009-03-16,2.6242825984954834,2.6853123683582556,2.4847857737999335,2.641719675599133,179900
7317,2009-03-17,2.7550606727600098,2.7550606727600098,2.5370970178606327,2.5545340936232757,241600
7318,2009-03-18,2.9643073081970215,3.007900019933298,2.720187706740983,2.75506208399645,233800
7319,2009-03-19,3.225862503051758,3.2868922752014718,3.016617362100661,3.016617362100661,88700
7320,2009-03-20,2.8945579528808594,3.3740780637461047,2.8684023331463613,3.3304853641886076,146400
7321,2009-03-23,3.060210704803467,3.121240489882431,2.964306756822238,2.964306756822238,167500
7322,2009-03-24,3.156114339828491,3.374078044221057,2.9817435426075476,2.999180622329642,128100
7323,2009-03-25,3.2704017162323,3.411064230015529,2.99786829228045,3.1649047784940367,173100
7324,2009-03-26,3.797887086868286,3.815469879988687,3.3055682506867785,3.33194244036738,180200
7325,2009-03-27,3.920966148376465,3.9737145211412437,3.718763843174744,3.718763843174744,98800
7326,2009-03-30,3.0330350399017334,3.841844230166334,2.857206882156056,3.841844230166334,194200
7327,2009-03-31,3.1736977100372314,3.50777126351666,3.076992329063615,3.076992329063615,173600
7328,2009-04-01,3.384690046310425,3.384690046310425,3.076991027410706,3.120948000167326,109100
7329,2009-04-02,3.753929615020752,4.2198742268366685,3.42864775690394,3.455021944621243,185800
7330,2009-04-03,3.929758310317993,3.9561327128547306,3.7187647668517227,3.7539303574294345,69700
7331,2009-04-06,3.674807548522949,3.8945926980108343,3.358317025485914,3.833053124446645,99600
7332,2009-04-07,3.3583171367645264,3.630850890458596,3.340734340991162,3.630850890458596,97000
7333,2009-04-08,3.4198570251464844,3.5517279893428046,3.138531882320762,3.3934826227037678,187800
7334,2009-04-09,4.061628341674805,4.105585527131161,3.5077700267206926,3.5077700267206926,294400
7335,2009-04-13,4.1935014724731445,4.219875880126995,3.824262280561159,3.982507888070289,150800
7336,2009-04-14,3.692389965057373,4.114377425567375,3.551727617956326,4.114377425567375,298500
7337,2009-04-15,3.9033827781677246,3.9649227468637736,3.6484321380375415,3.6748061109024626,182400
7338,2009-04-16,4.527572154998779,4.703400028914439,3.8770081830974017,3.9297565452720997,249800
7339,2009-04-17,4.281414985656738,4.633071339417338,4.184709813257952,4.545157355778923,335300
7340,2009-04-20,3.6484336853027344,4.2022923808330335,3.648433685302735,4.175917977576245,389800
7341,2009-04-21,4.272622585296631,4.369327730272463,3.6132672661733714,3.6132672661733714,261100
7342,2009-04-22,4.413285255432129,4.606695979324557,4.05283778766554,4.193500132314579,316400
7343,2009-04-23,4.316580295562744,4.52757426164202,4.158335135408473,4.395703085243337,290000
7344,2009-04-24,4.527572154998779,4.571528913874335,4.246247137527005,4.342952677783978,251000
7345,2009-04-27,4.56273889541626,4.67702725226183,4.386910557375345,4.422076560348989,197500
7346,2009-04-28,5.002309322357178,5.266051211714567,4.395702348024918,4.5275735023070345,259700
7347,2009-04-29,5.564958572387695,5.564958572387695,4.413284717843597,4.826480514521604,307800
7348,2009-04-30,5.336383819580078,5.907824898486802,5.204512640137403,5.5649601673013835,291800
7349,2009-05-01,5.142971992492676,5.327591536461729,5.055058023747143,5.318800349190611,229900
7350,2009-05-04,5.600123882293701,5.617706672379129,5.055056970438641,5.169345315597316,122800
7351,2009-05-05,5.301216125488281,5.705620272633515,5.169344998337544,5.5385839866769055,129000
7352,2009-05-06,5.169345855712891,5.345173774938434,5.019891914767766,5.32759098301588,153600
7353,2009-05-07,4.896812915802002,5.705621853380352,4.835272927626822,5.257260399897075,157600
7354,2009-05-08,5.49462890625,5.49462890625,5.011101394817233,5.037475798018277,113600
7355,2009-05-11,4.905604839324951,5.3715495758173954,4.861648057637661,5.3715495758173954,142400
7356,2009-05-12,5.186929225921631,5.213303207142461,4.641862196346576,4.958352486237779,172100
7357,2009-05-13,4.580320358276367,5.090221594149379,4.571528755282217,5.090221594149379,152200
7358,2009-05-14,4.800107955932617,4.96714472881167,4.509991610113656,4.624279994589891,104400
7359,2009-05-15,4.826480865478516,5.011100393369623,4.712192925665743,4.8001068867551195,96600
7360,2009-05-18,4.677026748657227,5.134179707608174,4.439658874186672,4.88802022853915,555900
7361,2009-05-19,4.800107955932617,5.081433113287906,4.553948390845874,4.597905590785018,183700
7362,2009-05-20,4.729776382446289,5.142972267226337,4.677027998381191,4.800107561199753,184500
7363,2009-05-21,4.923186302185059,5.090223033444345,4.571530047913235,4.650652820406272,138800
7364,2009-05-22,4.852855682373047,5.081432420146102,4.703401726014799,4.9759352385240705,95600
7365,2009-05-26,5.441880226135254,5.441880226135254,4.808898775450814,4.808898775450814,98500
7366,2009-05-27,4.87043571472168,5.450667998238088,4.852852930954716,5.380336863170236,112300
7367,2009-05-28,5.12539005279541,5.3363840321498195,4.738568106651444,4.940770478062905,92800
7368,2009-05-29,5.072640419006348,5.230885550317091,4.835272512436814,5.151763194265138,139700
7369,2009-06-01,5.362758159637451,5.494629347826682,5.0638506081764065,5.178138580013918,114100
7370,2009-06-02,5.186929225921631,5.521002728902552,5.099015256507408,5.345174370867232,163300
7371,2009-06-03,5.046265125274658,5.20451064770791,4.949559994017407,5.142970675738672,94400
7372,2009-06-04,5.345175266265869,5.380340859922334,5.011101707322516,5.0726417058248,72200
7373,2009-06-05,5.336383819580078,5.529794575344259,5.248469420480346,5.389132207515765,90800
7374,2009-06-08,5.389132022857666,5.51221159049029,5.107806877633332,5.362757620190078,161700
7375,2009-06-09,5.204512596130371,5.521003340275304,5.072641417802739,5.415506146089047,180300
7376,2009-06-10,5.204512596130371,5.485837329408605,5.055058621972849,5.27484377944993,219300
7377,2009-06-11,5.450672149658203,5.652874526585905,5.239678583754663,5.239678583754663,241000
7378,2009-06-12,5.468254089355469,5.503420097365395,5.169346584529622,5.424297312955111,85500
7379,2009-06-15,5.318800449371338,5.433088401289733,5.0990153137643714,5.433088401289733,122500
7380,2009-06-16,5.327590465545654,5.485835577478255,5.116596982968853,5.362756045975121,211100
7381,2009-06-17,5.538586616516113,5.714414590066135,5.2836358452651035,5.345175426404133,84800
7382,2009-06-18,5.503419876098633,5.53858546348783,5.450671075807969,5.53858546348783,72800
7383,2009-06-19,5.49462890625,5.784745245426893,5.468254503048956,5.582542884908617,301400
7384,2009-06-22,5.266050815582275,5.53858470956081,5.195719650377549,5.45067033384809,179100
7385,2009-06-23,5.292426586151123,5.441880560615642,5.292426586151123,5.327592177883137,140500
7386,2009-06-24,5.451463222503662,5.513310995145818,5.3631089606531885,5.398450665393378,125200
7387,2009-06-25,5.645843505859375,5.645843505859375,5.3631098225026745,5.416122388132056,135500
7388,2009-06-26,5.8402204513549805,6.025764550114204,5.460296619940279,5.58399296665057,263600
7389,2009-06-29,5.937413215637207,6.184805626054213,5.61933780106649,5.831388077446968,148600
7390,2009-06-30,5.787210941314697,6.052273777361011,5.751869229841856,5.9285777872060645,182500
7391,2009-07-01,6.0964508056640625,6.361513627723816,5.796045852689932,5.813716707493915,157000
7392,2009-07-02,6.158297061920166,6.184803548215866,5.8313861183422695,5.937411220912456,211000
7393,2009-07-06,6.025768280029297,6.220147711698286,5.840224066419298,6.140628642635009,126800
7394,2009-07-07,5.85789155960083,6.140625116015513,5.849055925309755,6.008093972099246,101600
7395,2009-07-08,5.672351360321045,5.955085111515375,5.398452828198276,5.875566454645231,128500
7396,2009-07-09,5.628170967102051,5.813715101956518,5.601664902869295,5.690019152488971,92100
7397,2009-07-10,5.61933708190918,5.928577239374346,5.486805465479425,5.5574888818935895,86700
7398,2009-07-13,5.937413215637207,6.01693227993311,5.477970528839723,5.63700865743153,146200
7399,2009-07-14,5.95508337020874,6.087614987981203,5.831387390230761,5.937412515926171,151700
7400,2009-07-15,6.0080952644348145,6.158297287935311,5.884398885590186,6.043436966588617,172100
7401,2009-07-16,5.9727559089660645,6.008097625005563,5.840224263164702,5.946249411283197,120600
7402,2009-07-17,6.228984832763672,6.308503499435726,5.990427990134363,5.990427990134363,113000
7403,2009-07-20,6.617739677429199,6.670752650686014,6.184803625846944,6.27315787909778,133900
7404,2009-07-21,6.467537879943848,6.661917243779472,6.326170648575249,6.661917243779472,89200
7405,2009-07-22,6.617739677429199,6.847461157187687,6.246651813775685,6.396853833648952,78600
7406,2009-07-23,7.0860209465026855,7.324577309634865,6.4233627438325795,6.591236099001477,140000
7407,2009-07-24,8.102092742919922,8.110928378817082,6.953486197280258,7.033005235129463,183700
7408,2009-07-27,7.580804824829102,7.9518932436064365,7.448273607814166,7.9518932436064365,151500
7409,2009-07-28,7.554296016693115,7.669156756433785,6.847461148926558,7.669156756433785,353000
7410,2009-07-29,7.686826705932617,7.722168404984229,7.289232380948831,7.510118210674554,209100
7411,2009-07-30,7.881206512451172,8.208117441008694,7.492446978276632,7.7751814147524545,273200
7412,2009-07-31,7.448273658752441,7.872374230190976,7.4394380195275716,7.801690801617887,200500
7413,2009-08-03,7.890044689178467,7.925386399794411,7.377589463940846,7.510120668097427,245100
7414,2009-08-04,8.163941383361816,8.20811872496655,7.784018267831616,7.792853062062397,134800
7415,2009-08-05,7.571968078613281,8.163942334275173,7.448272518847563,8.146271901142702,149200
7416,2009-08-06,7.4129319190979,7.819362053308775,7.2273877090752645,7.607310925702239,191800
7417,2009-08-07,7.660323619842529,8.102095451009397,7.359918639830995,7.510121129836762,419200
7418,2009-08-10,7.739842891693115,8.128601742788755,7.580804758574803,7.61614647231077,152800
7419,2009-08-11,7.527790546417236,7.854701519543897,7.377588093546515,7.660321725956019,90300
7420,2009-08-12,7.863536357879639,7.996068380777447,7.5631322930592,7.5631322930592,139700
7421,2009-08-13,7.837033748626709,7.9607301893928515,7.598477350322158,7.8988815477032475,124100
7422,2009-08-14,7.731002330780029,7.801685713252456,7.4836104921265365,7.801685713252456,160800
7423,2009-08-17,7.510122776031494,7.660325298961171,7.439439334960245,7.580806217102744,68200
7424,2009-08-18,7.775180816650391,7.85469984446061,7.457104705409517,7.580801064515691,94100
7425,2009-08-19,8.049083709716797,8.093261068212277,7.5542996538839144,7.642653528261843,76600
7426,2009-08-20,8.225790977478027,8.287638757516579,7.845866974126225,8.04908159003164,72800
7427,2009-08-21,8.791253089904785,8.835430410479644,8.049076800606526,8.375987624680796,250100
7428,2009-08-24,8.596877098083496,8.897281996607871,8.499687624930827,8.844269863111023,104400
7429,2009-08-25,8.888447761535645,8.923789466959509,8.473182090845688,8.676396686379732,91300
7430,2009-08-26,8.835433006286621,9.073990101910386,8.614547181129456,8.85310427675322,90000
7431,2009-08-27,8.791253089904785,8.85310167575451,8.358317202018236,8.773582667242225,78600
7432,2009-08-28,8.384833335876465,8.932630578664265,8.252302057461776,8.861947117827988,106500
7433,2009-08-31,7.8281965255737305,8.278803994476483,7.49244983360381,8.261133559432222,183700
7434,2009-09-01,7.474778175354004,8.190448793708356,7.404094761518112,7.784018742845599,158900
7435,2009-09-02,7.3864240646362305,7.669158584712543,7.289234573661362,7.439437050467046,105000
7436,2009-09-03,7.642651557922363,7.775183599240932,7.289234466298471,7.4571073741666165,128100
7437,2009-09-04,8.004903793334961,8.110928903116612,7.5101191050745895,7.61614421485624,159200
7438,2009-09-08,7.881206512451172,8.269965204013136,7.837029177756896,8.102092343309977,134600
7439,2009-09-09,8.004903793334961,8.216954012898261,7.518954741542895,7.8547013438244555,114500
7440,2009-09-10,8.093259811401367,8.269968375328993,7.907715608624135,8.022576385830316,165700
7441,2009-09-11,8.146276473999023,8.375997289350188,8.01374435935187,8.128605188334092,106400
7442,2009-09-14,8.420172691345215,8.579210854676033,7.969565966263034,8.110932848062392,79200
7443,2009-09-15,8.588042259216309,8.614548325825764,8.349485131893207,8.39366247131741,102000
7444,2009-09-16,8.791253089904785,8.985632794866783,8.64988633815508,8.64988633815508,206800
7445,2009-09-17,9.029815673828125,9.047486107367885,8.71173944398422,8.800094139521487,97400
7446,2009-09-18,9.09166431427002,9.38323365743743,8.985639175173953,9.07399387906046,327500
7447,2009-09-21,8.68523120880127,9.180015863851711,8.490851432608673,8.959130022645956,262900
7448,2009-09-22,8.914957046508789,9.233032510086698,8.747083253216234,8.755918893413321,322900
7449,2009-09-23,8.773167610168457,9.056745330654978,8.711135379964727,8.985851111814787,218800
7450,2009-09-24,8.595928192138672,9.04787926756603,8.551619114035434,8.790887628717696,160300
7451,2009-09-25,8.631380081176758,8.773168533784252,8.400973423126658,8.587070978455456,171100
7452,2009-09-28,9.331459999084473,9.349183975942772,8.569346741817967,8.666826079161417,133900
7453,2009-09-29,8.347801208496094,9.304873883153231,8.285768986381944,9.296011895672455,153800
7454,2009-09-30,8.241463661193848,8.463008378725263,7.940162710130958,8.374390153662285,176900
7455,2009-10-01,7.629997253417969,8.214875824886635,7.594550144097966,8.161704738343756,142300
7456,2009-10-02,7.373002529144287,7.638856164500538,7.3552794041874225,7.559099989381122,114600
7457,2009-10-05,7.718612194061279,7.824953477173299,7.381864374977187,7.443896578844518,129700
7458,2009-10-06,7.824958324432373,8.037641022405118,7.6299987620610645,7.789511208103582,81800
7459,2009-10-07,8.002191543579102,8.046500637190139,7.629996509447453,7.762923790280566,87900
7460,2009-10-08,7.957883358001709,8.365525544511033,7.949022214368935,8.099672642761018,102500
7461,2009-10-09,8.374383926391602,8.392107896274897,7.931294820813999,7.975603900396839,89800
7462,2009-10-12,7.83381986618042,8.471868768685733,7.780648772169199,8.471868768685733,69500
7463,2009-10-13,7.647716999053955,7.8515375535858185,7.488204672811431,7.780643374172537,160300
7464,2009-10-14,8.276904106140137,8.321213182932444,7.798367936058979,7.816091059700693,170900
7465,2009-10-15,8.143976211547852,8.303488536940337,7.922431690780632,8.197147268387106,81400
7466,2009-10-16,7.745200157165527,8.055362981027994,7.443899321442149,8.055362981027994,177100
7467,2009-10-19,7.860402584075928,7.966743894414961,7.5768257565051735,7.807232351469216,89700
7468,2009-10-20,7.43503475189209,8.1705625259444,7.399587660797713,7.904708920173914,133700
7469,2009-10-21,7.390725612640381,7.789505595274689,7.346416537875389,7.417310719449253,189400
7470,2009-10-22,7.7895073890686035,7.824954488018412,7.310971130683435,7.399589300620708,129600
7471,2009-10-23,7.08056640625,7.922435859080445,7.0717048404894705,7.8515416427447695,151400
7472,2009-10-26,6.850157737731934,7.523652973087341,6.796987094616721,7.1248729384418885,137400
7473,2009-10-27,6.726093292236328,7.328694794135115,6.64633711167614,6.859019696419664,141400
7474,2009-10-28,8.064223289489746,8.542759562693224,6.743817333752173,6.743817333752173,402400
7475,2009-10-29,8.152838706970215,8.285765934849685,7.940156156513461,8.197147782930038,187800
7476,2009-10-30,7.940159320831299,8.197151049664399,7.497070074903493,8.01991552031841,203400
7477,2009-11-02,7.922436237335205,8.197151972596476,7.550242006365445,8.019916423295218,171600
7478,2009-11-03,7.957883358001709,8.143980896302178,7.80723377473539,7.869266005793625,120000
7479,2009-11-04,7.302108287811279,8.002189043764355,7.257799208042015,8.002189043764355,223400
7480,2009-11-05,8.285765647888184,8.330073877188147,7.364140449368962,7.42617264648915,230800
7481,2009-11-06,8.321216583251953,8.489590129715207,7.975606657194924,8.161704179667833,135300
7482,2009-11-09,8.303495407104492,8.427560745628686,8.046503584189074,8.40097477264966,120500
7483,2009-11-10,8.152838706970215,8.400968349169762,8.002188355782016,8.259179982198592,152500
7484,2009-11-11,8.418694496154785,8.525035798901675,8.170564789745377,8.294629220387305,124300
7485,2009-11-12,8.055362701416016,8.54276104551351,8.011053607384302,8.365524669386657,164100
7486,2009-11-13,8.206013679504395,8.41869633136124,7.789509519107106,8.126257473776644,217100
7487,2009-11-16,8.888368606567383,8.888368606567383,8.347800117756389,8.347800117756389,213800
7488,2009-11-17,8.790885925292969,8.852918115542197,8.587064543563034,8.852918115542197,76300
7489,2009-11-18,9.127638816833496,9.171947911333431,8.773166905959703,8.773166905959703,150100
7490,2009-11-19,8.525032997131348,9.163081449042245,8.48958590786548,9.163081449042245,127100
7491,2009-11-20,8.56048583984375,8.773168518381596,8.374388284841675,8.463006490128699,74300
7492,2009-11-23,8.79975414276123,9.198534360699256,8.702273951734158,8.75544504185127,148300
7493,2009-11-24,8.737717628479004,8.852920907506043,8.409831762844574,8.782026711970246,90200
7494,2009-11-25,8.604788780212402,8.844056410935746,8.58706481379759,8.826333289646167,79300
7495,2009-11-27,8.170567512512207,8.454144414336652,8.046502195401096,8.356665065615957,63000
7496,2009-11-30,8.214868545532227,8.418689032231516,7.762917668340324,8.188282603256232,158700
7497,2009-12-01,8.4718656539917,8.533897869926998,8.259182201266071,8.30349128913081,98100
7498,2009-12-02,8.400973320007324,8.51617664761829,8.170567509911224,8.347803073495083,113800
7499,2009-12-03,8.188283920288086,8.48958455354492,8.152836836676995,8.41869038632274,83100
7500,2009-12-04,8.587068557739258,8.604792531881683,8.232597526146794,8.338938835624534,146300
7501,2009-12-07,8.595928192138672,8.728855426448385,8.507310881057567,8.560481098681155,54600
7502,2009-12-08,8.578207969665527,8.755443496905382,8.480727795839364,8.480727795839364,61000
7503,2009-12-09,8.276904106140137,8.622513045844372,8.206009921322583,8.56048084541035,135600
7504,2009-12-10,7.931295871734619,8.365523049906985,7.878125645290316,8.303490837346793,105800
7505,2009-12-11,8.037637710571289,8.232597192611356,7.7806460117971135,7.966743507125004,64400
7506,2009-12-14,8.188283920288086,8.232592986083233,7.92243037064234,8.090804651638871,58300
7507,2009-12-15,8.108526229858398,8.587062190225042,7.993323863860389,8.179420383607162,130000
7508,2009-12-16,8.108526229858398,8.303485575229987,8.037632076109634,8.232591421481223,139500
7509,2009-12-17,8.0110502243042,8.356659997649158,7.931294057753415,8.055359299624115,87000
7510,2009-12-18,8.019914627075195,8.232597238602187,7.683166736261339,8.179426163157652,302200
7511,2009-12-21,8.019914627075195,8.241459225363872,7.886987361026645,8.073084857394157,72900
7512,2009-12-22,8.286653518676758,8.393348530100546,8.073263495829181,8.073263495829181,128400
7513,2009-12-23,8.553385734558105,8.677863588368442,8.28664796092796,8.384452291756084,89100
7514,2009-12-24,8.482258796691895,8.624518767195827,8.348890286328535,8.624518767195827,35700
7515,2009-12-28,8.455582618713379,8.588951087349825,8.277757711219436,8.50892966699354,61400
7516,2009-12-29,8.500043869018555,8.553390947495815,8.331109475322005,8.517825945865466,33200
7517,2009-12-30,8.56227970123291,8.56227970123291,8.251085399460464,8.41112828013615,66100
7518,2009-12-31,8.553385734558105,8.642298608413489,8.375560834783343,8.580059257540318,106400
7519,2010-01-04,9.211341857910156,9.22023331832913,8.677866951816712,8.748996939295838,109600
7520,2010-01-05,9.140213966369629,9.326930438302295,9.024627498226883,9.26469189697025,146200
7521,2010-01-06,8.98906421661377,9.1757807242793,8.909043582988565,9.095759242717401,125100
7522,2010-01-07,9.04240894317627,9.122430396326989,8.722323978509783,9.006843947102215,53500
7523,2010-01-08,9.006845474243164,9.077975478451604,8.944606932544913,8.971280472138943,60400
7524,2010-01-11,8.67786979675293,9.113541324876378,8.651195406751125,9.113541324876378,75300
7525,2010-01-12,8.482258796691895,8.597845234710416,8.277760301076569,8.597845234710416,113500
7526,2010-01-13,8.428915977478027,8.5089374712285,8.286655921004666,8.5089374712285,87400
7527,2010-01-14,8.740105628967285,8.829018538811226,8.411129219242861,8.411129219242861,89500
7528,2010-01-15,8.393345832824707,8.82012658930667,8.135499426094295,8.784561596927865,138900
7529,2010-01-19,8.660087585449219,8.793457002665347,8.331111046348132,8.437806071359024,111700
7530,2010-01-20,8.277758598327637,8.722321338673273,8.019912242844613,8.53560495381066,106900
7531,2010-01-21,7.904328346252441,8.42891183468184,7.904328346252441,8.313326231559982,93300
7532,2010-01-22,7.557572841644287,8.064374513803,7.361964836555885,7.922114454806647,152400
7533,2010-01-25,7.762068271636963,7.877654734010652,7.353071194226739,7.646482657199762,129000
7534,2010-01-26,7.673153400421143,7.975456215296886,7.6375884132555365,7.717609846362196,75500
7535,2010-01-27,7.48643684387207,7.717609679415902,6.117183595711459,7.566458275247717,942900
7536,2010-01-28,6.828486919403076,7.130790292125937,6.286120412949388,6.9529648535774795,1721400
7537,2010-01-29,6.766246318817139,7.0774402116893596,6.668442378553933,6.899615251181848,617100
7538,2010-02-01,7.006312370300293,7.2552673911513335,6.864051934417136,7.041877373279013,796100
7539,2010-02-02,6.881832599639893,7.104114020930093,6.864050102895403,7.006310500819484,320500
7540,2010-02-03,6.988529205322266,7.201919626903647,6.677335246818978,6.828486283144169,357600
7541,2010-02-04,6.837378025054932,7.006311992068178,6.80181302399617,6.935181989950655,224200
7542,2010-02-05,7.139679908752441,7.16635429316272,6.7840299293130855,6.864050962702832,269400
7543,2010-02-08,6.677335739135742,7.22859369758192,6.668444276595513,7.22859369758192,341900
7544,2010-02-09,6.712900638580322,6.92629064865944,6.6062052095725,6.819595643619881,361200
7545,2010-02-10,6.268338680267334,6.686227727766602,6.223882209185818,6.686227727766602,398000
7546,2010-02-11,6.650659561157227,6.650659561157227,6.054945336288503,6.22387925259218,329300
7547,2010-02-12,6.8729424476623535,6.890724946695096,6.419488086375092,6.55285704110477,214000
7548,2010-02-16,6.9707465171813965,7.00631151582267,6.704008603403612,7.00631151582267,141700
7549,2010-02-17,6.881832599639893,7.032984033952136,6.792920115917446,7.032984033952136,126900
7550,2010-02-18,6.997419357299805,7.032984352399134,6.757355428395243,6.855159376902489,116700
7551,2010-02-19,7.024094581604004,7.068550621506657,6.944073116223663,6.970747079339863,113100
7552,2010-02-22,7.104115962982178,7.130790351343137,6.979638451742336,7.041877419346398,87000
7553,2010-02-23,7.032983779907227,7.139678756520135,6.872941314987863,7.059657736044529,246000
7554,2010-02-24,7.308615207672119,7.335288747513573,6.970747260579715,7.0507683040723474,335800
7555,2010-02-25,7.059658527374268,7.148571017851385,6.695117104433988,7.148571017851385,161700
7556,2010-02-26,7.07744026184082,7.11300525419434,6.926288832354286,7.050766305591605,139400
7557,2010-03-01,7.1307878494262695,7.264156352690981,7.041874948625618,7.104113470424315,184200
7558,2010-03-02,7.095221996307373,7.246372985598884,7.032983054386323,7.166352397346333,111500
7559,2010-03-03,7.050767421722412,7.193027837624352,7.032984922730697,7.0952238811858095,99500
7560,2010-03-04,6.9262895584106445,7.095223501782635,6.864050603283639,7.095223501782635,74200
7561,2010-03-05,7.095221996307373,7.095221996307373,6.864049146858992,6.979635571583183,255600
7562,2010-03-08,7.113004207611084,7.184134181852301,7.032982774605671,7.068547761726279,76100
7563,2010-03-09,7.237483501434326,7.290830568576538,6.98852811895103,7.086331640669314,96400
7564,2010-03-10,7.344178199768066,7.3797431924669015,7.095222826908066,7.210808841195202,109900
7565,2010-03-11,7.361959457397461,7.379742375746989,7.104113076882822,7.290829479871782,138800
7566,2010-03-12,7.157464027404785,7.379745513672408,7.130790486474912,7.379745513672408,78900
7567,2010-03-15,7.931002140045166,7.975458599274886,7.130789265655924,7.219701336178933,299400
7568,2010-03-16,8.117718696594238,8.126610158143718,7.71761225416851,7.931002243737373,279200
7569,2010-03-17,8.331110000610352,8.562282949751662,8.162176444198826,8.171067059214586,345700
7570,2010-03-18,8.464475631713867,8.571170595819142,8.375562737658036,8.402236266700307,113100
7571,2010-03-19,8.197742462158203,8.52671900066093,7.984351564587862,8.197742462158203,215200
7572,2010-03-22,8.580062866210938,8.615627861124096,8.17995646145381,8.242195838504111,189200
7573,2010-03-23,8.722321510314941,8.748995037838455,8.455583691271348,8.562278649301556,166900
7574,2010-03-24,8.463685989379883,8.775834924718993,8.44584936908082,8.642056445057621,170200
7575,2010-03-25,8.50827693939209,8.757995522264284,8.472602856124633,8.579625105927002,221400
7576,2010-03-26,8.517197608947754,8.704486801310242,8.419093219758519,8.49044225304952,109400
7577,2010-03-29,8.428008079528809,8.57962311079274,8.356659929585433,8.526112423603728,145900
7578,2010-03-30,8.543950080871582,8.63313570447803,8.392335031062904,8.47260192220128,143300
7579,2010-03-31,8.401257514953613,8.597465464178464,8.356664683238304,8.472605705483101,182900
7580,2010-04-01,8.48151969909668,8.517193774412602,8.32990466636975,8.463682236170197,129200
7581,2010-04-05,8.642056465148926,8.686649291806388,8.454767273617529,8.552871662371428,148300
7582,2010-04-06,8.606383323669434,8.749080554827842,8.535035133358988,8.535035133358988,168100
7583,2010-04-07,8.695569038391113,8.704487774867186,8.543953920447958,8.642057470072196,164100
7584,2010-04-08,8.67773151397705,8.740161818401809,8.490443152315335,8.650976155245022,114900
7585,2010-04-09,8.704488754272461,8.731244116173597,8.490444157988126,8.713407491752047,175000
7586,2010-04-12,8.579623222351074,8.686645448657716,7.9196524015249254,8.517193802973129,135500
7587,2010-04-13,8.561786651611328,8.60637860822021,8.44584569324672,8.517193844465394,111600
7588,2010-04-14,8.704488754272461,8.740162853653183,8.56179235674957,8.597466456130293,108400
7589,2010-04-15,8.775834083557129,8.775834083557129,8.615300263565587,8.659893085845164,117300
7590,2010-04-16,8.802592277526855,8.918533312655896,8.704488717281183,8.77583691573942,194600
7591,2010-04-19,8.78475570678711,8.882859267631426,8.650977195958363,8.695570032901278,202900
7592,2010-04-20,8.918525695800781,8.918525695800781,8.77582942075387,8.85609628810198,123200
7593,2010-04-21,9.070146560668945,9.105820652478819,8.856102009809709,8.963124285239326,132800
7594,2010-04-22,9.471477508544922,9.498232856865158,8.89177347522909,8.945284171869561,221200
7595,2010-04-23,9.747956275939941,9.756874162014276,9.382296580228614,9.426888562212893,240600
7596,2010-04-26,9.640934944152832,9.801467966396402,9.61417873166422,9.712283143047223,144500
7597,2010-04-27,9.382291793823242,9.810380726351688,9.266350828629179,9.614172873674265,252600
7598,2010-04-28,9.747956275939941,9.810385731147962,9.328785011094928,9.524992963868398,188700
7599,2010-04-29,9.819302558898926,9.846057912995791,9.435805464515242,9.846057912995791,242600
7600,2010-04-30,9.364455223083496,9.917403905620155,9.346617757257869,9.85497447630483,266700
7601,2010-05-03,9.819302558898926,9.837139178117713,9.31986446271233,9.417968845296457,218700
7602,2010-05-04,9.382291793823242,9.667684415508873,9.248513364505275,9.596336260087465,226200
7603,2010-05-05,9.248515129089355,9.462559636192516,9.016633154458967,9.266352596616585,174300
7604,2010-05-06,8.704488754272461,9.355541280605049,7.892902355457812,9.141496684320716,257200
7605,2010-05-07,8.258562088012695,8.96312618879336,8.187213889240295,8.55287362058325,341300
7606,2010-05-10,9.417966842651367,9.44472219105895,8.579624654199963,8.579624654199963,212400
7607,2010-05-11,9.524992942810059,9.640933966895437,9.052310109876387,9.275273421454994,168400
7608,2010-05-12,10.051180839538574,10.060098720576091,9.444720701060511,9.516068852582983,207500
7609,2010-05-13,10.497111320495605,10.559540764879005,9.863895589983988,9.961999124091813,280600
7610,2010-05-14,10.122532844543457,10.46143626802165,9.881732103583428,10.44359964861945,260100
7611,2010-05-17,9.961997032165527,10.390086018963963,9.676604374299904,10.256308423223754,313200
7612,2010-05-18,9.783628463745117,10.202798796301646,9.676606196887874,10.158206823014156,144100
7613,2010-05-19,9.596339225769043,9.863895316554213,9.382294693355853,9.67660613805833,165900
7614,2010-05-20,9.096899032592773,9.409047874861079,9.043388337112999,9.203921274089492,206700
7615,2010-05-21,9.32878303527832,9.516072211772466,8.927449328658682,8.927449328658682,266800
7616,2010-05-24,9.043392181396484,9.328784946706225,9.025554708295859,9.30202958759282,145800
7617,2010-05-25,9.052308082580566,9.123656258264045,8.47260394251796,8.695567204163169,183900
7618,2010-05-26,9.1950044631958,9.498233757497765,9.159330378540437,9.230678547851166,280000
7619,2010-05-27,9.739035606384277,9.75687222553038,9.319864424733776,9.471479514893801,219900
7620,2010-05-28,9.391216278076172,9.703365315411798,9.310949334159142,9.658772474287037,207100
7621,2010-06-01,9.21284008026123,9.409047949837285,9.096899105081615,9.239595428214319,274100
7622,2010-06-02,9.417966842651367,9.489315005429717,9.186084888353133,9.24851431814989,211100
7623,2010-06-03,9.730118751525879,9.828223152665254,9.284192129728817,9.471481344905085,233200
7624,2010-06-04,9.257431983947754,9.542824602161497,9.186083829394319,9.542824602161497,262000
7625,2010-06-07,8.97204303741455,9.409050875527837,8.954205566207914,9.302028599900344,216400
7626,2010-06-08,8.633140563964844,9.114741331345003,8.606384351499887,9.052311019464392,241200
7627,2010-06-09,8.383415222167969,8.793667507114565,8.32098580398165,8.731238088928245,172700
7628,2010-06-10,8.847180366516113,8.847180366516113,8.526113645748772,8.606379688037737,148400
7629,2010-06-11,9.052308082580566,9.07906428636488,8.63313776307446,8.74907876119445,107300
7630,2010-06-14,9.302024841308594,9.542824651538115,9.096898258003277,9.096898258003277,163400
7631,2010-06-15,9.373372077941895,9.426882763622974,9.007712607152143,9.391208689656583,321800
7632,2010-06-16,9.310946464538574,9.453643682266268,9.159332212302006,9.230680395897133,105900
7633,2010-06-17,9.391216278076172,9.435809119200933,9.123660081865307,9.435809119200933,135400
7634,2010-06-18,9.203927040100098,9.435809133879415,9.141497572750938,9.435809133879415,310400
7635,2010-06-21,9.079063415527344,9.50715242856716,9.06122594804872,9.400130175307206,255000
7636,2010-06-22,9.016637802124023,9.426890410806866,8.989882437579276,9.123660110840717,160400
7637,2010-06-23,9.15975570678711,9.311822035282512,8.91823914880948,9.115030165511623,141200
7638,2010-06-24,8.97191047668457,9.195537363911486,8.91824050146868,9.079251280185225,155400
7639,2010-06-25,9.20448112487793,9.302876631912161,8.766172702995345,9.052414798417647,488300
7640,2010-06-28,9.025579452514648,9.517558674051383,9.025579452514648,9.240261015453648,136700
7641,2010-06-29,8.488876342773438,8.828789310057802,8.372590260302298,8.819844029928745,243800
7642,2010-06-30,8.265250205993652,8.7125040160981,8.229469935308055,8.488877111045877,210100
7643,2010-07-01,8.104235649108887,8.390477681601874,7.728542554927568,8.32786245026117,232800
7644,2010-07-02,8.122127532958984,8.247358882373064,7.996896183544905,8.166853075826069,173200
7645,2010-07-06,8.068455696105957,8.497818760866284,7.961114076847298,8.274191951369803,162700
7646,2010-07-07,8.327864646911621,8.345754352126947,7.979006437990652,8.095292507630974,150700
7647,2010-07-08,8.479931831359863,8.542547944870616,8.327866320725317,8.44415156066898,181400
7648,2010-07-09,8.658834457397461,8.658834457397461,8.435207541477642,8.435207541477642,105000
7649,2010-07-12,8.479931831359863,8.864570381088567,8.417316570918054,8.640943476003311,101800
7650,2010-07-13,9.123974800109863,9.168700338227147,8.578325623671315,8.6230511617886,174100
7651,2010-07-14,9.195533752441406,9.383380298059588,8.98979750646692,9.123973244879103,128400
7652,2010-07-15,9.070303916931152,9.231314643527815,8.819841270103279,9.231314643527815,139700
7653,2010-07-16,8.569376945495605,8.962960501089253,8.524651425123372,8.936124677024905,212100
7654,2010-07-19,8.685664176940918,8.73038970359384,8.49781764745342,8.658829202176552,125800
7655,2010-07-20,8.864567756652832,8.936128276848457,8.488874599091453,8.560435119287078,185100
7656,2010-07-21,8.64094066619873,9.025579090853228,8.614105685173827,8.998744109828325,160800
7657,2010-07-22,8.864567756652832,9.03452463191896,8.793007236457207,8.882458313236084,259600
7658,2010-07-23,9.302875518798828,9.347601054124219,8.837732169393202,8.873512427039788,216900
7659,2010-07-26,9.508614540100098,9.544394804896374,9.258152686526161,9.383383186778728,200400
7660,2010-07-27,9.097145080566406,9.311826764026165,8.497824741106026,8.497824741106026,324400
7661,2010-07-28,8.533602714538574,9.150812600883867,8.417316620836342,9.052417069167646,254300
7662,2010-07-29,8.55148983001709,8.712500557654293,8.327863013733959,8.623050342982204,238600
7663,2010-07-30,8.363643646240234,8.712500949362397,8.309972832569095,8.38153334875152,212400
7664,2010-08-02,8.658834457397461,8.810900828468457,8.596218340853001,8.631998613277414,209200
7665,2010-08-03,8.587271690368652,8.775118285253866,8.46204034275559,8.649886937640801,96700
7666,2010-08-04,8.649885177612305,8.739336243859047,8.524653855480585,8.649885177612305,106100
7667,2010-08-05,8.676719665527344,8.739335749586104,8.533598650081963,8.569378903943308,140300
7668,2010-08-06,8.89140510559082,8.980856206183992,8.524657128682867,8.533602409355966,168500
7669,2010-08-09,8.97191047668457,9.016636024743729,8.900349941017469,8.998746317361391,107900
7670,2010-08-10,8.71250057220459,8.945072666263917,8.649885336522695,8.828786619234252,132700
7671,2010-08-11,8.095291137695312,8.587270317358195,8.077400582438766,8.578325039729922,216800
7672,2010-08-12,7.871666431427002,7.9432269655525225,7.719600083143056,7.862721151394097,132300
7673,2010-08-13,7.656984806060791,7.835886140837452,7.6480395260547445,7.817995580825359,129100
7674,2010-08-16,7.6301445960998535,7.826936378181855,7.478078335363994,7.621200174285319,117700
7675,2010-08-17,7.9342827796936035,8.0863491489482,7.7643267009749835,7.7643267009749835,120100
7676,2010-08-18,7.979004383087158,8.086345145941017,7.853773066556713,7.943224128802539,136300
7677,2010-08-19,7.612258434295654,7.970061065080331,7.4959723660234445,7.952171360075478,158900
7678,2010-08-20,7.665926456451416,7.683817009983672,7.308123916491746,7.585420671693353,148500
7679,2010-08-23,7.495975017547607,7.817997499161665,7.478084453145628,7.719601954157969,168600
7680,2010-08-24,7.2365641593933105,7.558586478771278,7.209729179378972,7.317069952504961,102600
7681,2010-08-25,7.334959983825684,7.361794965043672,7.120278427944426,7.156058687257969,97500
7682,2010-08-26,7.120279312133789,7.495972508113542,7.111334032927419,7.361795879224329,66400
7683,2010-08-27,7.495975017547607,7.504920299748597,6.941380317122198,7.227622523001361,117400
7684,2010-08-30,7.334959983825684,7.54069711468006,7.308125002607694,7.433356336739431,171300
7685,2010-08-31,7.191840171813965,7.513862560497402,7.173950465643738,7.3439065130705705,119500
7686,2010-09-01,7.576476097106934,7.6212016269783,7.379684277514038,7.388629554102017,189900
7687,2010-09-02,7.594367980957031,7.683819066421213,7.406521383937267,7.603313260117204,76800
7688,2010-09-03,7.82694149017334,7.970062569502624,7.7196006806763755,7.773270658890397,167100
7689,2010-09-07,7.594367980957031,7.826940120708886,7.522807453813194,7.80904956238854,124300
7690,2010-09-08,7.791159152984619,7.826939413322775,7.603312572942125,7.648038111631994,104900
7691,2010-09-09,7.871666431427002,7.987952512648187,7.737489790140008,7.987952512648187,192500
7692,2010-09-10,7.791159152984619,8.032675697,7.764324170998176,7.934280194337244,100900
7693,2010-09-13,8.34575366973877,8.408368912475852,7.916390542852427,7.916390542852427,144300
7694,2010-09-14,8.157907485961914,8.301028535231094,8.068457256703049,8.301028535231094,148900
7695,2010-09-15,8.426259994506836,8.479929962178533,8.077401792365785,8.131072613106237,111500
7696,2010-09-16,8.14896297454834,8.399425687425607,8.09529300255237,8.372589848358798,103700
7697,2010-09-17,8.363643646240234,8.488874123025157,8.095291284021819,8.265247296687917,180400
7698,2010-09-20,8.658834457397461,8.694614729821872,8.327866724204407,8.453097251155356,251300
7699,2010-09-21,8.470982551574707,8.676718776940769,8.444146724125561,8.676718776940769,204700
7700,2010-09-22,8.327413558959961,8.497910656917792,8.210757875036245,8.470989522010612,163600
7701,2010-09-23,8.103075981140137,8.381255054077155,8.085129413475306,8.219731666192418,161500
7702,2010-09-24,8.605589866638184,8.623536428368185,8.219728947973499,8.264596635968458,188000
7703,2010-09-27,8.417146682739258,8.63251056895237,8.372278992499856,8.63251056895237,131200
7704,2010-09-28,8.578667640686035,8.614561611744145,8.255621045383272,8.488932285150874,187900
7705,2010-09-29,8.686349868774414,8.722243841133821,8.533800272301985,8.569694244661392,113600
7706,2010-09-30,8.632506370544434,8.883764115594197,8.542771889487888,8.74916196611958,185300
7707,2010-10-01,8.838897705078125,8.883764519757799,8.605586503313425,8.767109774655085,133000
7708,2010-10-04,8.533799171447754,8.87479229276414,8.479957791964242,8.83889832503503,162500
7709,2010-10-05,9.00939655303955,9.00939655303955,8.569695132155543,8.686350768349648,181800
7710,2010-10-06,9.090158462524414,9.108105023165118,8.856847183735852,8.973502823130133,169000
7711,2010-10-07,9.000421524047852,9.206812498030722,8.803005112491782,9.19783879138369,142300
7712,2010-10-08,9.135025024414062,9.233733235249057,8.865819801669755,9.036315957799257,127400
7713,2010-10-11,9.072209358215332,9.296546887055491,9.018368830530358,9.170918418604048,150900
7714,2010-10-12,9.036311149597168,9.126046461357237,8.820947428308228,9.045284851929047,93300
7715,2010-10-13,9.251683235168457,9.359365183205698,9.081186175607789,9.152974140965949,150500
7716,2010-10-14,9.170921325683594,9.305523543343185,9.063239380399915,9.278603270967272,197700
7717,2010-10-15,9.170921325683594,9.359364943875038,9.018371689253376,9.29654983395787,195300
7718,2010-10-18,9.341412544250488,9.395253916074049,9.188862989159901,9.233730656382939,117800
7719,2010-10-19,9.170921325683594,9.431152907397491,9.081185943390514,9.269629561581958,218000
7720,2010-10-20,9.305520057678223,9.377307994310325,9.19783815273007,9.242705827070061,126400
7721,2010-10-21,9.161945343017578,9.395256594465897,9.01836945159702,9.341415207293277,149600
7722,2010-10-22,9.29654598236084,9.314493393695782,9.135023559244738,9.233731754247893,95600
7723,2010-10-25,9.323466300964355,9.413200782615784,9.179889589918789,9.368333113900269,140500
7724,2010-10-26,9.242704391479492,9.404226795923968,9.233730686849361,9.242704391479492,198600
7725,2010-10-27,9.44909954071045,9.5119146510951,8.892742391380892,9.197841666511946,326800
7726,2010-10-28,9.072209358215332,9.5298581224364,8.955553740524879,9.5298581224364,222900
7727,2010-10-29,9.108102798461914,9.161944178792812,8.973500631304233,9.036314861873857,110800
7728,2010-11-01,8.874792098999023,9.269625735398744,8.829924426372317,9.126049867617027,161600
7729,2010-11-02,9.108102798461914,9.143996766755944,8.820951052109686,9.027342011635131,148900
7730,2010-11-03,9.063236236572266,9.188864701268924,8.874792683747543,9.099130205882702,100200
7731,2010-11-04,9.206811904907227,9.269626135830272,9.000420944220526,9.269626135830272,234100
7732,2010-11-05,9.368335723876953,9.395256846074128,9.117077907162203,9.197839562194048,119800
7733,2010-11-08,9.314493179321289,9.32346688478223,9.11707593807889,9.29654576839941,100900
7734,2010-11-09,9.054261207580566,9.341412920114628,8.982473279447051,9.314492661009462,130800
7735,2010-11-10,9.161945343017578,9.17989190155524,8.892740118714121,9.03631601013468,101100
7736,2010-11-11,8.95555305480957,9.054262107640259,8.892738825393453,8.991447878224141,62100
7737,2010-11-12,8.749163627624512,8.910686922291717,8.65942827374723,8.838898981501794,115900
7738,2010-11-15,8.740192413330078,8.865821773425296,8.668404452069954,8.803007521267688,138300
7739,2010-11-16,8.488932609558105,8.776084388996582,8.381250692268676,8.668402471707152,200300
7740,2010-11-17,8.524826049804688,8.569693726485925,8.39919672625317,8.515852343312488,208900
7741,2010-11-18,8.937607765197754,9.036315976234121,8.632508569183765,8.632508569183765,109400
7742,2010-11-19,8.820950508117676,8.910685851208582,8.713268609876382,8.87479188512815,138500
7743,2010-11-22,8.79403018951416,8.928632347483294,8.659427175765378,8.785056484108312,137200
7744,2010-11-23,8.767108917236328,8.785055470197108,8.632505919022504,8.632505919022504,93500
7745,2010-11-24,9.269623756408691,9.287571163939617,8.901710459819652,8.901710459819652,183500
7746,2010-11-26,9.29654598236084,9.35038736058599,9.197837787357685,9.197837787357685,49400
7747,2010-11-29,9.260653495788574,9.323468589722205,9.000421980291563,9.188865550532833,124300
7748,2010-11-30,9.233733177185059,9.32346853612882,8.96452795613358,9.117077552870091,166000
7749,2010-12-01,9.368335723876953,9.511912474922365,9.28757492462495,9.48499135272519,254000
7750,2010-12-02,9.655488014221191,9.691381986714289,9.269627168085535,9.359362527208182,158500
7751,2010-12-03,10.113138198852539,10.256714108608541,9.52088628743914,9.601647950621874,286000
7752,2010-12-06,10.104162216186523,10.158002742336015,9.996480308107806,10.068268246826952,185500
7753,2010-12-07,10.19389820098877,10.292607272983448,10.122110251781654,10.25671329837989,114000
7754,2010-12-08,9.897771835327148,10.23876499227995,9.879825277476888,10.23876499227995,112000
7755,2010-12-09,9.987508773803711,10.032376459205473,9.861879425834763,10.023402750969137,86800
7756,2010-12-10,10.211845397949219,10.292607053026279,9.825984537372085,10.01442811395861,82500
7757,2010-12-13,9.817011833190918,10.265686979888088,9.80803898064972,10.265686979888088,119800
7758,2010-12-14,9.70035457611084,9.89777097418672,9.637539489650596,9.870850711863593,124000
7759,2010-12-15,9.790090560913086,9.861878508566834,9.547806451526649,9.673434932030785,178500
7760,2010-12-16,9.85290241241455,10.0413459432641,9.754194222266552,9.790088187391245,92900
7761,2010-12-17,9.92469310760498,9.96058707963441,9.682408154571482,9.86187801471863,290200
7762,2010-12-20,9.84393310546875,10.050323265263712,9.48499246927151,9.960588748049357,175300
7763,2010-12-21,9.915718078613281,10.023399980344596,9.825982732614012,9.915718078613281,82000
7764,2010-12-22,9.996479988098145,10.032373956308671,9.87085067147145,9.933664901894945,67400
7765,2010-12-23,9.879822731018066,10.00545117092935,9.870849026515957,10.00545117092935,50700
7766,2010-12-27,10.059296607971191,10.095190584707845,9.772144794077962,9.834959039422127,38200
7767,2010-12-28,9.978533744812012,10.068269103738194,9.870851827568478,10.050321689641034,43200
7768,2010-12-29,9.996528625488281,10.059513639722532,9.942542451110087,10.050515657961244,39200
7769,2010-12-30,10.04151725769043,10.050515239076702,9.960537141403453,10.005526190240078,57600
7770,2010-12-31,9.95154094696045,10.176485354044507,9.897553911698557,10.032520212711066,90000
7771,2011-01-03,10.338445663452148,10.401430686543938,10.023523980372772,10.059515054384555,104700
7772,2011-01-04,10.032520294189453,10.383433881004636,9.744591725373809,10.356440792201875,111600
7773,2011-01-05,10.221474647521973,10.239470613908296,9.91555094180864,10.014526182648698,125400
7774,2011-01-06,10.248465538024902,10.329444788307045,10.059512237843938,10.203476493582835,116600
7775,2011-01-07,10.284456253051758,10.320447315765458,10.041515936163313,10.293453375159217,110200
7776,2011-01-10,10.590384483337402,10.653368650973162,10.12249964348625,10.248468836852698,126200
7777,2011-01-11,10.527396202087402,10.74334258842584,10.446416092686823,10.65336535649882,124100
7778,2011-01-12,10.608381271362305,10.689361418624584,10.491410042882908,10.590386159801277,84100
7779,2011-01-13,10.419425964355469,10.743345635741916,10.33844583198513,10.608379320521289,73000
7780,2011-01-14,10.707353591918945,10.743344663259546,10.302453824813492,10.401429914571262,88000
7781,2011-01-18,10.698354721069336,10.707351843864519,10.509401412855507,10.653365674714674,65000
7782,2011-01-19,10.266461372375488,10.680359066160143,10.194479239377696,10.680359066160143,102500
7783,2011-01-20,9.95154094696045,10.212476424854163,9.933544982508213,10.167487371818389,76400
7784,2011-01-21,9.699602127075195,10.167486883210938,9.690605003376257,10.014524625096927,87000
7785,2011-01-24,9.95154094696045,9.960538071091753,9.672609504614499,9.726596539876391,100000
7786,2011-01-25,10.095501899719238,10.104499020882415,9.807572570134306,9.87055756684373,58500
7787,2011-01-26,10.698354721069336,10.707351843864519,9.987530534568679,10.122496815537977,138500
7788,2011-01-27,10.248465538024902,10.626372138386834,9.762585745858798,10.626372138386834,392400
7789,2011-01-28,10.068510055541992,10.329445501611417,9.969534837410386,10.221472302351108,174600
7790,2011-01-31,10.20348072052002,10.383436114742725,10.00552935782754,10.20348072052002,76400
7791,2011-02-01,11.04026985168457,11.148243043967971,10.302451750606018,10.302451750606018,197000
7792,2011-02-02,10.77033805847168,11.103255665837473,10.671361973785373,10.968288511654725,66100
7793,2011-02-03,10.653367042541504,10.752342270753822,10.446417745976918,10.725349182713153,60500
7794,2011-02-04,10.608381271362305,10.68036343379654,10.464416946493836,10.653370337407466,75600
7795,2011-02-07,10.734347343444824,10.797331502619766,10.554391131925312,10.572387096315188,94100
7796,2011-02-08,10.788331031799316,10.815324972157235,10.617373700005567,10.635368802149566,90500
7797,2011-02-09,10.743343353271484,10.815326345270275,10.66236409620045,10.752341334533174,45000
7798,2011-02-10,10.734347343444824,10.77933553822989,10.617376149195065,10.67136232617507,75700
7799,2011-02-11,10.824321746826172,10.83331972665673,10.61737335929085,10.644366440687937,86500
7800,2011-02-14,10.716347694396973,10.851314806630157,10.653363556878196,10.79732779011798,60700
7801,2011-02-15,10.608381271362305,10.80633264710398,10.572390190145187,10.689361418624584,140800
7802,2011-02-16,10.716347694396973,10.752338752706919,10.653363556878196,10.662361535979311,55300
7803,2011-02-17,10.734347343444824,10.824324591109768,10.67136232617507,10.689358290564945,108200
7804,2011-02-18,10.824321746826172,10.941292910339671,10.653364420518496,10.761337604201437,73600
7805,2011-02-22,10.77033805847168,10.869313285063201,10.608377816690295,10.644368886186736,173100
7806,2011-02-23,10.374435424804688,10.743344101271813,10.3654383010113,10.743344101271813,179200
7807,2011-02-24,10.338445663452148,10.59038403962952,10.248468407470137,10.3834347204906,92000
7808,2011-02-25,10.72534465789795,10.743339756301678,10.374431229033645,10.401425163780894,62300
7809,2011-02-28,10.67136287689209,10.815328025156271,10.482409531521137,10.806330042496974,59900
7810,2011-03-01,10.266461372375488,10.707352151510637,10.194479239377696,10.707352151510637,73900
7811,2011-03-02,10.113500595092773,10.284458829380041,10.032520469177207,10.23946977519419,61600
7812,2011-03-03,10.446416854858398,10.617375066753786,10.239468434042086,10.266461519780144,72700
7813,2011-03-04,10.48240852355957,10.50040448714772,10.257464127276362,10.428422348984673,131400
7814,2011-03-07,10.257464408874512,10.61737596766516,10.086507040567682,10.509402757456403,128900
7815,2011-03-08,10.617378234863281,10.698358374335765,10.212478395595843,10.266464583180845,72400
7816,2011-03-09,10.356444358825684,10.653371012198173,10.347446373427701,10.626377914099342,102100
7817,2011-03-10,9.807575225830078,10.185481876038077,9.753589051854515,10.185481876038077,106600
7818,2011-03-11,9.537641525268555,9.807574079793692,9.420670351196819,9.717596847650201,117800
7819,2011-03-14,9.465660095214844,9.600626382442677,9.267708796931926,9.411673065466875,76800
7820,2011-03-15,9.276708602905273,9.366685859390174,9.024770225319802,9.159737397189497,127900
7821,2011-03-16,9.204727172851562,9.3396943678367,9.105751916338496,9.177734077092552,130300
7822,2011-03-17,9.168733596801758,9.42067194895993,9.132742526221277,9.384680878379449,80000
7823,2011-03-18,9.204727172851562,9.321698398600665,9.105751916338496,9.258714222464626,131400
7824,2011-03-21,9.492654800415039,9.519647890846473,9.348690507320894,9.38468158059443,62700
7825,2011-03-22,9.627619743347168,9.636617724911371,9.339691198050652,9.537642501989382,79500
7826,2011-03-23,9.681756019592285,9.79003364281406,9.546410281325894,9.627618068488616,72900
7827,2011-03-24,9.735896110534668,9.853196167349221,9.636642613464199,9.753942670278752,91500
7828,2011-03-25,9.681756019592285,9.907332823707751,9.663710322726802,9.799056060993193,61600
7829,2011-03-28,9.384003639221191,9.708835097064872,9.365957925178785,9.69981180978965,98800
7830,2011-03-29,9.483247756958008,9.555432255580323,9.320832204804248,9.383993425972,47600
7831,2011-03-30,9.555437088012695,9.64566732666881,9.438137003302963,9.546413805994822,215100
7832,2011-03-31,9.74492073059082,9.862220803537234,9.54641284864247,9.564459410868434,112800
7833,2011-04-01,9.663713455200195,9.916359316762145,9.600552204936582,9.808082518949881,87400
7834,2011-04-04,9.781012535095215,9.826128078033477,9.645665906280428,9.708828010596958,60100
7835,2011-04-05,9.880266189575195,9.916358452366502,9.699804875618659,9.735897138409966,142600
7836,2011-04-06,9.699804306030273,10.015612232290023,9.672735325653184,9.93440443065138,104700
7837,2011-04-07,9.4110689163208,9.781014909300458,9.4110689163208,9.735899355411023,136900
7838,2011-04-08,9.140375137329102,9.537390061271452,8.959913808264398,9.51032107703862,136500
7839,2011-04-11,8.986982345581055,9.293767019988618,8.977959064449667,9.167443665671547,51700
7840,2011-04-12,8.707267761230469,9.05014474325456,8.707267761230469,8.923822233382436,152100
7841,2011-04-13,9.104279518127441,9.13134849238993,8.54484917382867,8.797494941461979,298100
7842,2011-04-14,9.185491561889648,9.203537266265645,8.968937085824663,8.968937085824663,77100
7843,2011-04-15,9.402043342590332,9.43813560480631,9.07721298264652,9.194512189467897,138300
7844,2011-04-18,9.27571964263916,9.320835183824201,9.113304899083337,9.185489420776452,127200
7845,2011-04-19,9.27571964263916,9.338881744501169,9.23060410145412,9.338881744501169,54700
7846,2011-04-20,9.456180572509766,9.627619450124328,9.374973634200456,9.50129611190872,65400
7847,2011-04-21,9.762969970703125,9.781016539469707,9.465208470116606,9.582508585576107,76300
7848,2011-04-25,9.645668029785156,9.762968123045423,9.600553337422253,9.762968123045423,83400
7849,2011-04-26,9.762969970703125,10.01561677038871,9.654693139626914,9.654693139626914,106400
7850,2011-04-27,9.681756019592285,9.817102618365896,9.564456838698595,9.762963806755009,62000
7851,2011-04-28,9.735896110534668,9.74491939040671,9.555434815630482,9.672734872445035,63600
7852,2011-04-29,9.916359901428223,9.979522015923354,9.699806293035747,9.7449218432444,134000
7853,2011-05-02,9.546411514282227,9.997565180781415,9.546411514282227,9.997565180781415,111000
7854,2011-05-03,9.203535079956055,9.609573227798295,9.113304858495209,9.492274025949932,115000
7855,2011-05-04,9.095257759094238,9.212557814501102,8.833588669496566,9.203534534737345,205000
7856,2011-05-05,9.032096862792969,9.158419342225901,8.941865782763143,9.041120142897421,171700
7857,2011-05-06,9.104279518127441,9.203532997428018,9.023071734832799,9.194509719171464,129400
7858,2011-05-09,9.149398803710938,9.194513492493908,9.02307543779904,9.050144423170329,69000
7859,2011-05-10,9.546411514282227,9.55543479413397,9.13135010668268,9.248650163233348,121900
7860,2011-05-11,9.618596076965332,9.663711615927243,9.483250320586937,9.483250320586937,174100
7861,2011-05-12,9.708827018737793,9.79003481562895,9.43813464926971,9.528365725928179,55000
7862,2011-05-13,9.799057960510254,9.835150221744813,9.546412131868342,9.681757896371092,199300
7863,2011-05-16,9.374974250793457,9.835150373508075,9.365950970218735,9.799058111716587,107500
7864,2011-05-17,9.167444229125977,9.2486520432848,9.113306260025096,9.2486520432848,189400
7865,2011-05-18,9.239627838134766,9.411066731003757,9.07721308655733,9.212558856289762,147300
7866,2011-05-19,9.113306045532227,9.32083635638029,9.113306045532227,9.32083635638029,101000
7867,2011-05-20,9.113306045532227,9.167444013358903,9.023074951811122,9.068190498671674,155700
7868,2011-05-23,8.86967945098877,9.023071739399128,8.842610476712581,9.023071739399128,210900
7869,2011-05-24,8.86967945098877,8.968932930339577,8.797494945914151,8.914794981787201,165500
7870,2011-05-25,8.91479778289795,8.950890046775777,8.743358884097681,8.806520991264465,96900
7871,2011-05-26,9.005024909973145,9.023071465948474,8.833586930743271,8.878702460174443,67000
7872,2011-05-27,8.996001243591309,9.149393506057788,8.968931413386377,9.059162459722083,81400
7873,2011-05-31,9.239627838134766,9.248651118918906,9.041120823928189,9.17646659366062,383900
7874,2011-06-01,8.707267761230469,9.212560382241646,8.707267761230469,9.212560382241646,131600
7875,2011-06-02,8.725317001342773,8.76140928101761,8.617040162318267,8.716293716297109,72100
7876,2011-06-03,8.671174049377441,8.716289592754471,8.517781718199988,8.56289726157702,151200
7877,2011-06-06,8.544851303100586,8.662151368144007,8.526804742090494,8.644104807133916,108900
7878,2011-06-07,8.49071216583252,8.662151047043697,8.49071216583252,8.662151047043697,47500
7879,2011-06-08,8.40048599243164,9.239631660867627,8.310254868273557,8.436578269993321,163200
7880,2011-06-09,8.41852855682373,8.53582863021714,8.346344028659702,8.427551837971098,101600
7881,2011-06-10,8.201971054077148,8.355363318273854,8.102716729886904,8.346340041437097,100700
7882,2011-06-13,8.11174201965332,8.26513432191434,8.11174201965332,8.220018787042171,209500
7883,2011-06-14,8.129793167114258,8.256115703457333,8.102723314605536,8.247093279795498,145000
7884,2011-06-15,7.976395130157471,8.066625326437766,7.886164073370044,8.012487380771015,96600
7885,2011-06-16,8.003463745117188,8.066624965739864,7.886163720741439,7.985418050870892,150200
7886,2011-06-17,8.012489318847656,8.102719536953014,7.913235820779561,8.07565055757214,207600
7887,2011-06-20,8.030532836914062,8.084671641477303,7.931279365806412,7.94932592082986,135900
7888,2011-06-21,8.256113052368164,8.283182896184591,8.048582746153674,8.120767275315885,94800
7889,2011-06-22,8.219901084899902,8.355692058187524,8.084110111612281,8.183690101134006,115000
7890,2011-06-23,8.355690956115723,8.382849837861496,8.029792145207004,8.075056084778787,90000
7891,2011-06-24,8.138425827026367,8.410008625975179,8.120320767543337,8.373797643671198,437900
7892,2011-06-27,8.373797416687012,8.437166418166788,8.047898584785159,8.174636587744711,109400
7893,2011-06-28,8.500537872314453,8.500537872314453,8.373798982320869,8.419062933271295,214200
7894,2011-06-29,8.46432876586914,8.527697793284043,8.410011839986192,8.527697793284043,77700
7895,2011-06-30,8.75401782989502,8.835492797240585,8.509592927858323,8.527698859863273,177600
7896,2011-07-01,8.7902250289917,8.944121931123403,8.672539111871105,8.781172066904427,134700
7897,2011-07-05,8.77211856842041,8.926015461141638,8.663485620029766,8.799277453021519,313600
7898,2011-07-06,8.66348648071289,8.781172402328869,8.582011545491213,8.781172402328869,181300
7899,2011-07-07,9.0708589553833,9.152333007493747,8.69064325885,8.754012253826282,346900
7900,2011-07-08,9.052753448486328,9.08896442774676,8.898856570795033,8.953173471354603,170600
7901,2011-07-11,8.907912254333496,8.998439298487128,8.817384346841754,8.907912254333496,177300
7902,2011-07-12,8.7902250289917,8.871699961101188,8.600117141848889,8.862646999013915,124300
7903,2011-07-13,8.916962623596191,9.052753581990912,8.71780180305779,8.844540664007294,118100
7904,2011-07-14,8.7902250289917,8.989385878221782,8.726856021056758,8.962226991959964,242500
7905,2011-07-15,8.699698448181152,8.88075426390852,8.600118440201593,8.835490309976677,122000
7906,2011-07-18,8.43716812133789,8.70875096774819,8.292324166809216,8.67253997911602,89400
7907,2011-07-19,8.926018714904785,8.935071679738526,8.518644794107125,8.563908754937586,103300
7908,2011-07-20,8.844541549682617,8.92601561487539,8.744960697772653,8.916963516523712,71800
7909,2011-07-21,8.8717041015625,8.944126105384367,8.744965163205041,8.889809170848773,118700
7910,2011-07-22,8.953179359436035,9.007495432378864,8.763071377459305,8.853598453476826,98700
7911,2011-07-25,8.781169891357422,8.916961699009955,8.60916797100287,8.790222851201811,81800
7912,2011-07-26,9.134232521057129,9.188548582976752,8.754016634266812,8.781174665226624,141900
7913,2011-07-27,9.043700218200684,9.215703012062889,8.971278261839066,9.088964156761149,197100
7914,2011-07-28,8.971282958984375,9.107074845763098,8.898860964704365,9.043704953264385,218900
7915,2011-07-29,8.898853302001953,9.13422501240519,8.799273361448673,8.799273361448673,171400
7916,2011-08-01,8.889805793762207,9.070861597875227,8.844542706072009,9.070861597875227,187300
7917,2011-08-02,8.826437950134277,8.97128192195109,8.735910036079682,8.826437950134277,243600
7918,2011-08-03,8.962228775024414,9.098020643335786,8.735909857843614,8.844543697827973,207500
7919,2011-08-04,8.672538757324219,8.980332549004535,8.6272748120763,8.85359367497795,223100
7920,2011-08-05,8.735906600952148,8.926014455042173,8.002634066131936,8.799276461207379,363600
7921,2011-08-08,7.6495819091796875,8.935073878391531,7.6495819091796875,8.473382918321406,305700
7922,2011-08-09,8.265165328979492,8.292323351950373,7.2150454668312625,7.875896591932263,381000
7923,2011-08-10,7.776314735412598,8.391902197495519,7.749156718949462,7.9935805937932365,275800
7924,2011-08-11,8.364741325378418,8.563902079793401,7.848734818792515,7.848734818792515,204800
7925,2011-08-12,8.283276557922363,8.446226543763009,7.993588461617773,8.446226543763009,112000
7926,2011-08-15,8.735906600952148,8.772117579667494,8.19274192022196,8.364743853285395,119500
7927,2011-08-16,8.518640518188477,8.681590350050419,8.328532668795482,8.60916839440907,90000
7928,2011-08-17,8.500537872314453,8.72685676372853,8.355693056605476,8.536748860407183,110300
7929,2011-08-18,7.830631256103516,8.23800584511452,7.740104241141606,8.23800584511452,210000
7930,2011-08-19,7.63147497177124,8.056953959525522,7.61336904207706,7.63147497177124,140500
7931,2011-08-22,7.749159812927246,7.9302147672002405,7.604314986170729,7.894003776345642,71000
7932,2011-08-23,8.455275535583496,8.51864456100921,7.812529726725656,7.812529726725656,143000
7933,2011-08-24,8.455275535583496,8.527697525595233,8.056953727180716,8.43716960641145,113200
7934,2011-08-25,8.093165397644043,8.663489264089506,8.06600736495758,8.554856270005365,137000
7935,2011-08-26,8.400955200195312,8.572958004135069,7.9211594953541775,8.038845397171412,93200
7936,2011-08-29,9.007487297058105,9.052751225854907,8.437163866228731,8.563902694192247,116500
7937,2011-08-30,8.844541549682617,9.052754488516278,8.554852818980294,8.944121538254636,114600
7938,2011-08-31,8.690646171569824,8.944123099767,8.636329255287096,8.916965073294683,181500
7939,2011-09-01,8.391904830932617,8.87170063458751,8.283271004314484,8.717803720772876,134500
7940,2011-09-02,7.984533309936523,8.319485295553125,7.875900303520738,8.18369425336799,128900
7941,2011-09-06,7.912108898162842,7.966425816512378,7.65863196032064,7.694842951440954,173500
7942,2011-09-07,8.364741325378418,8.382847240933222,8.075053583202132,8.093158635419364,113000
7943,2011-09-08,8.301374435424805,8.428113286170802,8.256110498491392,8.319479492195496,136500
7944,2011-09-09,8.020737648010254,8.256109398020671,7.87589375980005,8.156529440710575,147600
7945,2011-09-12,8.147478103637695,8.238005983457697,7.866842366865967,7.866842366865967,104000
7946,2011-09-13,8.364741325378418,8.419058208705257,8.183686486518239,8.183686486518239,91400
7947,2011-09-14,8.609170913696289,8.75401486736443,8.319482143021942,8.419063008672337,135700
7948,2011-09-15,8.726855278015137,8.744960337310157,8.51864148442599,8.708749355382206,69900
7949,2011-09-16,8.627275466918945,8.781172374440457,8.491484484206088,8.781172374440457,115500
7950,2011-09-19,8.419068336486816,8.545806444480716,8.238013279825095,8.455279347819161,60400
7951,2011-09-20,8.029793739318848,8.47337853584157,8.011688677898537,8.42811545062179,124100
7952,2011-09-21,7.613366603851318,8.192743218442601,7.586208581345812,8.029793356733622,81200
7953,2011-09-22,7.359889507293701,7.6676832982267475,7.2059926118271775,7.350836545598507,197600
7954,2011-09-23,7.441366672515869,7.604315715317011,7.23315280763357,7.350838755029964,118500
7955,2011-09-26,7.586206912994385,7.622417889484233,7.2240967164270105,7.522837919971595,124500
7956,2011-09-27,7.875898838043213,8.174639765934153,7.658632865638571,7.767265851840892,128100
7957,2011-09-28,7.403524875640869,7.939485735857948,7.403524875640869,7.9031494504021484,114000
7958,2011-09-29,7.6306281089782715,7.648796687803828,7.249097050059566,7.6124603964782365,100200
7959,2011-09-30,7.385354042053223,7.703296188719834,7.36718547384798,7.503447136412254,141300
7960,2011-10-03,6.722218036651611,7.485280320211312,6.6858817580612735,7.294514641030735,224000
7961,2011-10-04,7.821392059326172,7.884981204290832,6.486032576785473,6.576873284243572,283200
7962,2011-10-05,7.8758978843688965,7.97582245826532,7.630627294361183,7.7668890220295,165300
7963,2011-10-06,8.148420333862305,8.166588044111755,7.821392886118073,7.8668134612298175,120000
7964,2011-10-07,7.748720169067383,8.13933589494386,7.6760475967636745,8.13933589494386,137500
7965,2011-10-10,8.284679412841797,8.293763699177395,7.930400042680469,7.930400042680469,140700
7966,2011-10-11,8.502700805664062,8.575373395482298,8.112085851972445,8.212010446391119,114300
7967,2011-10-12,8.82064151763916,8.929650371245343,8.584455234996419,8.593539522711607,137200
7968,2011-10-13,8.82064151763916,8.929650371245343,8.648044382677378,8.784305233103765,71000
7969,2011-10-14,9.165837287902832,9.174921576246394,8.884230413530338,8.938735277266291,87100
7970,2011-10-17,8.593538284301758,9.138583340111898,8.557202005002763,9.02049021580886,121500
7971,2011-10-18,9.256675720214844,9.329349146096861,8.493613844868749,8.629874677456383,128700
7972,2011-10-19,8.811554908752441,9.30209505392309,8.766134348466707,9.202170514354577,123000
7973,2011-10-20,8.7298002243042,8.920565931444006,8.366437385145208,8.911482510209039,96500
7974,2011-10-21,8.938732147216797,9.00232041070438,8.69346164577878,8.920563576891707,121300
7975,2011-10-24,9.256675720214844,9.311180573045045,8.956901195461853,8.956901195461853,155400
7976,2011-10-25,8.757051467895508,9.13858281163386,8.702546618936378,9.120414239872423,126300
7977,2011-10-26,8.566288948059082,9.174922464815747,8.003076011093684,8.003076011093684,297200
7978,2011-10-27,8.902402877807617,9.15675699822332,8.566291859248272,8.99324320193604,341100
7979,2011-10-28,9.002324104309082,9.093165260555931,8.629876923082845,8.820642658140853,164200
7980,2011-10-31,8.430025100708008,8.89331333934508,8.411857393129745,8.784304494899642,159400
7981,2011-11-01,7.993990898132324,8.221092907361507,7.812309464014061,8.039411473243243,224500
7982,2011-11-02,8.448192596435547,8.448192596435547,8.030324979561202,8.048492684820866,195900
7983,2011-11-03,8.766135215759277,8.829724352980659,8.275595022056198,8.620790101525063,205200
7984,2011-11-04,8.366436958312988,8.62987521984471,8.339184963347721,8.620790932747854,128700
7985,2011-11-07,8.548118591308594,8.666211727668236,8.266512614572411,8.34826860159802,306000
7986,2011-11-08,8.584451675415039,8.702544767768579,8.33918207308461,8.638956512780135,117200
7987,2011-11-09,7.848642826080322,8.257426117096726,7.821389971374162,8.257426117096726,143500
7988,2011-11-10,8.021241188049316,8.221091156171703,7.948568629882127,8.021241188049316,101300
7989,2011-11-11,8.230175971984863,8.3028485348272,8.148419122205913,8.166586829753856,112100
7990,2011-11-14,8.012160301208496,8.230178934539289,7.92131999811913,8.15750547921196,88000
7991,2011-11-15,8.230175971984863,8.31193195543853,7.912232859805676,7.912232859805676,105800
7992,2011-11-16,7.866812705993652,8.257428401598872,7.839560710073039,8.075746984919235,103100
7993,2011-11-17,7.739634990692139,7.99398893602715,7.676045854614485,7.8758958162545945,101600
7994,2011-11-18,7.676049709320068,7.757806592243728,7.557956530244296,7.757806592243728,125100
7995,2011-11-21,7.3671875,7.539785480118301,7.303599226443391,7.458028633359659,100000
7996,2011-11-22,7.267265796661377,7.448947268312793,7.212761355165952,7.385358969816195,62700
7997,2011-11-23,7.049245357513428,7.17642233944224,6.976572363248617,7.158254199166695,127400
7998,2011-11-25,6.976573467254639,7.167339186916844,6.949321469110153,6.9856577554112675,71500
7999,2011-11-28,7.403524875640869,7.512534598333649,7.285432597653556,7.3308523047292695,175200
8000,2011-11-29,7.2490949630737305,7.448944507828585,7.149169974114986,7.421692513761514,95900
8001,2011-11-30,7.730551719665527,7.839560567693527,7.630626292562541,7.676046862488869,283500
8002,2011-12-01,7.848642826080322,8.030324192495936,7.639708604958549,7.712381151524794,659100
8003,2011-12-02,8.048493385314941,8.139334518495065,7.92131683845307,8.021241391891005,121900
8004,2011-12-05,8.030326843261719,8.248344554926877,7.903149411627688,8.248344554926877,147600
8005,2011-12-06,8.121170043945312,8.202926931803685,7.894067962705698,8.00307772406732,108300
8006,2011-12-07,8.230175971984863,8.293764247890588,7.903148572869062,8.012157417132569,111400
8007,2011-12-08,7.748720169067383,8.121167318705234,7.721468171034841,8.121167318705234,108500
8008,2011-12-09,8.148420333862305,8.230177195798362,7.730552602219996,7.7850565992937595,112300
8009,2011-12-12,8.012160301208496,8.048496595709363,7.839563118910783,7.993992587120862,87500
8010,2011-12-13,7.794139385223389,8.221091322856092,7.721466825582747,8.130250190142666,86900
8011,2011-12-14,7.848642826080322,7.857726244657284,7.6487928898606015,7.703296866622741,120200
8012,2011-12-15,8.084833145141602,8.166590026927912,7.884983952247983,8.003077129680916,113400
8013,2011-12-16,8.230175971984863,8.366436810732925,8.039410277942407,8.175671116690468,343600
8014,2011-12-19,7.8395586013793945,8.357350716221367,7.812306612789053,8.302846739040685,123800
8015,2011-12-20,8.33918571472168,8.384605421647748,8.075747429453749,8.084830851043735,176000
8016,2011-12-21,8.602622985839844,8.611706406359,8.057577903727763,8.257427882678895,112400
8017,2011-12-22,8.638957977294922,8.85697563106463,8.620789406318206,8.64804226278328,83500
8018,2011-12-23,8.684379577636719,8.757052137589724,8.629874724509339,8.666211004485842,51200
8019,2011-12-27,8.829728126525879,8.929652718685192,8.584457491690856,8.629878075881665,47200
8020,2011-12-28,8.442256927490234,8.806932895855564,8.396672214080546,8.779582415592188,104500
8021,2011-12-29,8.569890975952148,8.615475678161062,8.478722440990202,8.478722440990202,70500
8022,2011-12-30,8.387554168701172,8.5972434793831,8.360203691466484,8.533424539894167,68400
8023,2012-01-03,8.697530746459961,8.779583062754439,8.588127947886042,8.70664786370516,93700
8024,2012-01-04,8.624593734741211,8.733996510321457,8.496956728502935,8.615476619412197,48000
8025,2012-01-05,8.733997344970703,8.779582056516022,8.50607465670016,8.57900984739025,69300
8026,2012-01-06,8.633709907531738,8.752229785502234,8.5698909766517,8.688410854622196,155500
8027,2012-01-09,8.651947021484375,8.670181258065009,8.533427092079023,8.661064139774693,89900
8028,2012-01-10,8.651947021484375,8.7248822288944,8.569894695784036,8.7248822288944,128600
8029,2012-01-11,8.642827033996582,8.670178379787584,8.46048907600306,8.57900896606284,124500
8030,2012-01-12,8.66106128692627,8.688411763332049,8.56989187296571,8.66106128692627,224500
8031,2012-01-13,8.651947021484375,8.661064139774693,8.48784323953995,8.48784323953995,82400
8032,2012-01-17,8.642827033996582,8.861633453044773,8.597243196590176,8.743113562984993,130200
8033,2012-01-18,8.66106128692627,8.706645993906548,8.59724321882746,8.66106128692627,141200
8034,2012-01-19,8.797816276550293,8.852518109624981,8.606361164973096,8.661062998047784,122200
8035,2012-01-20,8.971037864685059,9.034855944262965,8.752232275169844,8.77046563956805,77600
8036,2012-01-23,8.98926830291748,9.025735889299172,8.843397957390714,8.961917830495173,40700
8037,2012-01-24,9.09867000579834,9.116904231600296,8.843396930761138,8.898098738711267,83200
8038,2012-01-25,9.080439567565918,9.11690716143341,8.888984482397575,9.098672929771654,71700
8039,2012-01-26,8.93457317352295,9.116911224113945,8.925456053629297,9.080443613995747,164000
8040,2012-01-27,9.016623497009277,9.025739745407595,8.879869337559942,8.907220691123538,150500
8041,2012-01-30,9.09867000579834,9.116904231600296,8.888981625810288,8.888981625810288,99100
8042,2012-01-31,9.171611785888672,9.281014600877908,9.0804423386695,9.162494667275498,94800
8043,2012-02-01,9.61833667755127,9.673037630487169,9.162491345624252,9.281011236259994,168500
8044,2012-02-02,9.627457618713379,9.773328043784497,9.518053930453723,9.64569098711911,130600
8045,2012-02-03,10.01036262512207,10.11064915012311,9.828024674378268,9.846258904180614,102700
8046,2012-02-06,9.910078048706055,10.00124746873355,9.773324788120837,9.928312280493964,52500
8047,2012-02-07,9.846261024475098,10.055949495620817,9.846261024475098,9.891845739341246,57300
8048,2012-02-08,9.900961875915527,10.01036466869593,9.818910433422309,9.891845628609243,48900
8049,2012-02-09,9.727738380432129,9.955661021268016,9.691270792676622,9.891842960059847,72400
8050,2012-02-10,9.435998916625977,9.636570240873278,9.42688180112674,9.57275217129059,79800
8051,2012-02-13,9.527169227600098,9.609221543376643,9.46335114619885,9.527169227600098,75400
8052,2012-02-14,9.335714340209961,9.472468492970766,9.244545774492263,9.472468492970766,61000
8053,2012-02-15,9.162492752075195,9.426883050398777,9.135142271408922,9.372181219610129,80600
8054,2012-02-16,9.682157516479492,9.682157516479492,9.15337684968267,9.15337684968267,93000
8055,2012-02-17,9.82802963256836,9.97390006675428,9.700393437383864,9.718626806928919,60900
8056,2012-02-21,9.736857414245605,9.992130578858355,9.736857414245605,9.828025966879279,61800
8057,2012-02-22,9.61833667755127,9.809791751738857,9.61833667755127,9.718622337571064,58500
8058,2012-02-23,9.791558265686035,9.800675381687286,9.6092202929412,9.6092202929412,73800
8059,2012-02-24,9.581872940063477,9.800678578733118,9.536288214643221,9.764210972288177,36200
8060,2012-02-27,9.59099006652832,9.764210979912972,9.381300677213929,9.42688540266978,58600
8061,2012-02-28,9.481581687927246,9.7186214474894,9.390413151565111,9.581868208218253,37600
8062,2012-02-29,9.071322441101074,9.70038952139792,9.071322441101074,9.490700204813631,76700
8063,2012-03-01,9.126026153564453,9.508936402627032,9.062207199083224,9.10779191815376,92000
8064,2012-03-02,8.779579162597656,9.19895680555875,8.743111579273029,9.126021638909496,106300
8065,2012-03-05,8.724881172180176,8.861635321603178,8.588127892213324,8.724881172180176,72800
8066,2012-03-06,8.460490226745605,8.66106244254703,8.424022630186808,8.606360612980792,80200
8067,2012-03-07,8.579008102416992,8.615475690344516,8.460488224288568,8.533423400143617,44800
8068,2012-03-08,8.66106128692627,8.715763109193798,8.48784044374837,8.679295517500769,46000
8069,2012-03-09,8.724881172180176,8.961921002281793,8.633712608687658,8.633712608687658,93100
8070,2012-03-12,8.834280967712402,8.898099896870052,8.706644848308812,8.715761962396456,36300
8071,2012-03-13,9.408649444580078,9.436000796526905,8.907220164607864,8.961921129589191,88700
8072,2012-03-14,9.281011581420898,9.518050502051889,9.244543988288745,9.353946767685203,45300
8073,2012-03-15,9.189844131469727,9.335714535230169,9.12602604718858,9.281013568548097,37500
8074,2012-03-16,8.825166702270508,9.290128322089565,8.806932470005892,9.226310248075508,172700
8075,2012-03-19,9.372180938720703,9.381298055154916,8.633711896670931,8.825166994509035,68200
8076,2012-03-20,9.071322441101074,9.308362235689916,9.034854847276332,9.24454416386062,56100
8077,2012-03-21,9.144257545471191,9.34482974440862,9.089556589960264,9.126024183452886,40500
8078,2012-03-22,8.898101806640625,9.071322664204406,8.852517095874564,8.998387474761126,33300
8079,2012-03-23,9.226305961608887,9.24454018540203,8.879863534639965,8.879863534639965,38700
8080,2012-03-26,9.6456880569458,9.6456880569458,9.290128351754865,9.353947295428757,107400
8081,2012-03-27,9.426880836486816,9.663920598475112,9.426880836486816,9.663920598475112,37900
8082,2012-03-28,9.468047142028809,9.495490511647235,9.248497567854434,9.413159530382968,84000
8083,2012-03-29,9.651004791259766,9.687596243062089,9.31253364398602,9.358272304432154,45800
8084,2012-03-30,9.623564720153809,9.742486324979387,9.577825171615872,9.742486324979387,99600
8085,2012-04-02,9.815666198730469,9.815666198730469,9.495491203432156,9.559526028010009,101900
8086,2012-04-03,9.440604209899902,9.797371554077417,9.376569381102314,9.760780098706064,76900
8087,2012-04-04,9.468047142028809,9.477194350295624,9.074688397059088,9.285089018148666,89500
8088,2012-04-05,9.495489120483398,9.797368759285307,9.294235737145838,9.36741862701243,66900
8089,2012-04-09,9.358275413513184,9.440606425523335,9.23020572586123,9.23020572586123,112200
8090,2012-04-10,9.275946617126465,9.394869110316355,9.120432654678874,9.294241915550595,175300
8091,2012-04-11,9.504636764526367,9.504636764526367,9.31253146932237,9.413157720178246,89500
8092,2012-04-12,9.669300079345703,9.769927226092099,9.486342820364564,9.486342820364564,70700
8093,2012-04-13,9.541232109069824,9.632710318413375,9.46804919263131,9.58697077753701,83100
8094,2012-04-16,9.705893516540527,9.788224518025595,9.559527679415607,9.596119138696839,56500
8095,2012-04-17,9.8797025680542,10.007772225925342,9.7333367462534,9.779075411259315,74300
8096,2012-04-18,9.797369956970215,9.8248133259228,9.705890897249635,9.77907379606251,95400
8097,2012-04-19,9.815666198730469,9.888849977059655,9.669300386890205,9.779074745770403,113100
8098,2012-04-20,9.870552062988281,10.035214008296222,9.833960616520839,9.925439668893896,71000
8099,2012-04-23,9.614416122436523,9.74248580461106,9.522937030246759,9.641859501129742,114900
8100,2012-04-24,9.925440788269043,9.998623689457377,9.577821571419957,9.577821571419957,113400
8101,2012-04-25,10.062663078308105,10.263916584148898,9.760783255751614,10.209028947134357,115300
8102,2012-04-26,10.0352201461792,10.062663529712866,9.843114716624667,10.007775890236099,53100
8103,2012-04-27,10.090104103088379,10.090104103088379,9.81566772695569,10.026069268540788,83700
8104,2012-04-30,9.815666198730469,10.053511079175424,9.797370908454964,10.053511079175424,74000
8105,2012-05-01,9.55037784576416,10.007771439136965,9.55037784576416,9.78822272369619,195100
8106,2012-05-02,9.559527397155762,9.60526693800907,9.385718188804207,9.468049187858325,84000
8107,2012-05-03,9.422311782836914,9.550381479365758,9.422311782836914,9.522938097596631,88000
8108,2012-05-04,9.312533378601074,9.504638713190984,9.202759026322411,9.303385297808935,169000
8109,2012-05-07,9.211905479431152,9.385715510595285,9.083835848477507,9.25764500723271,129000
8110,2012-05-08,9.294235229492188,9.358270036525642,9.120426093654748,9.120426093654748,191300
8111,2012-05-09,9.431456565856934,9.504639473228103,9.12957598243952,9.12957598243952,124000
8112,2012-05-10,9.422311782836914,9.605269115313389,9.385720316341619,9.504642800553672,109700
8113,2012-05-11,9.221055030822754,9.422308461817076,9.147872123626469,9.294237938019041,69000
8114,2012-05-14,8.96491813659668,9.120432089405709,8.96491813659668,9.092987834856311,59500
8115,2012-05-15,9.08383560180664,9.175313782516742,8.92832173494967,8.95576510192181,56000
8116,2012-05-16,9.11128044128418,9.202759509187436,9.083837069876822,9.102132360012044,89900
8117,2012-05-17,8.983209609985352,9.193611109921742,8.974062401438653,9.102132045182612,91700
8118,2012-05-18,8.75451374053955,8.964915262586583,8.708775075772426,8.964915262586583,99300
8119,2012-05-21,8.818547248840332,8.89173014116192,8.708772910357949,8.772807723037117,81000
8120,2012-05-22,8.562408447265625,8.964915330578242,8.49837361817871,8.855140963968196,131000
8121,2012-05-23,8.580703735351562,8.626443268205769,8.406893684987383,8.498372750695795,89000
8122,2012-05-24,8.644739151000977,8.717922059625035,8.452633797760551,8.56240816069664,53300
8123,2012-05-25,8.571558952331543,8.681333349973526,8.534967486450881,8.61729850278471,59500
8124,2012-05-29,8.76366138458252,8.791104756553414,8.598999407939015,8.66303510574986,41600
8125,2012-05-30,8.562408447265625,8.763661888921934,8.525816991728943,8.617296066775205,46500
8126,2012-05-31,8.580703735351562,8.717921461505155,8.498372750695795,8.553260364602648,109400
8127,2012-06-01,8.397751808166504,8.544117708302025,8.333716072550029,8.333716072550029,85800
8128,2012-06-04,8.49837589263916,8.516672061508748,8.342861946885051,8.489227808204365,58600
8129,2012-06-05,8.525818824768066,8.589854540031686,8.406896350603406,8.406896350603406,78600
8130,2012-06-06,8.717923164367676,8.754514623316606,8.580705411411488,8.608148787520886,102100
8131,2012-06-07,8.635589599609375,8.855139160524981,8.059274510381607,8.059274510381607,103100
8132,2012-06-08,8.653886795043945,8.791104523672521,8.50752098519772,8.589851971338483,122100
8133,2012-06-11,8.352005958557129,8.7453646733428,8.333709798609458,8.7453646733428,95100
8134,2012-06-12,8.443487167358398,8.461783333863726,8.306269408205385,8.425191873262307,76500
8135,2012-06-13,8.342860221862793,8.461782677697919,8.233085848570948,8.397747844713301,133200
8136,2012-06-14,8.507524490356445,8.534967872907215,8.361158620206472,8.361158620206472,69800
8137,2012-06-15,8.452631950378418,8.598997735637264,8.233083272490148,8.489223396693129,195900
8138,2012-06-18,8.43433952331543,8.580705358203552,8.29712089880092,8.370303816244983,101100
8139,2012-06-19,8.663033485412598,8.809399271759812,8.434336726142847,8.461780092980725,114600
8140,2012-06-20,8.635589599609375,8.7911034720705,8.608146231648277,8.608146231648277,58100
8141,2012-06-21,8.324564933776855,8.626444678598226,8.233085853111945,8.626444678598226,78700
8142,2012-06-22,8.48007869720459,8.516670154340362,8.370303453388118,8.397747700546812,187300
8143,2012-06-25,8.352005958557129,8.406892693582293,8.233083536124044,8.297118351123043,82900
8144,2012-06-26,8.379451751708984,8.416043209787702,8.287973542716777,8.361156458874213,49800
8145,2012-06-27,8.512605667114258,8.586069288503674,8.356495252722887,8.384043891805055,58200
8146,2012-06-28,8.45750617980957,8.530969789616936,8.328944424769027,8.402408034576393,91900
8147,2012-06-29,8.650349617004395,8.68708142718413,8.411592412958395,8.677898255700338,145500
8148,2012-07-02,8.723811149597168,8.723811149597168,8.49423717197619,8.650347546818873,72600
8149,2012-07-03,9.11867904663086,9.12786134053963,8.705445169302065,8.705445169302065,36500
8150,2012-07-05,9.081949234008789,9.173778323507356,8.962570629480744,9.081949234008789,45000
8151,2012-07-06,8.714628219604492,9.05439761072258,8.641164614808973,8.944202203529303,41600
8152,2012-07-09,8.65953254699707,8.732996165307839,8.512605310375534,8.66871484246936,100500
8153,2012-07-10,8.687080383300781,8.797275800598351,8.595250431008473,8.760543994832496,45600
8154,2012-07-11,8.586071014404297,8.687083295180532,8.521789675950671,8.668716948263604,41000
8155,2012-07-12,8.512605667114258,8.613617927585844,8.32894573788527,8.475872980664104,54500
8156,2012-07-13,8.650349617004395,8.73299640884766,8.448324223138131,8.586069168128716,55600
8157,2012-07-16,8.512605667114258,8.659532909893091,8.402409359274687,8.641166566668014,42400
8158,2012-07-17,8.512605667114258,8.71463018805743,8.393227063417594,8.558519773666058,29200
8159,2012-07-18,8.824824333190918,8.935019749204914,8.42077447447293,8.47587174460227,75300
8160,2012-07-19,8.80645751953125,9.036031486669165,8.613615352105194,8.824822981509588,67200
8161,2012-07-20,8.55851936340332,8.778911092762279,8.549337067986393,8.705446599139023,74600
8162,2012-07-23,8.136102676391602,8.35649439365859,8.108554040141486,8.35649439365859,56400
8163,2012-07-24,7.869797706604004,8.356495295494282,7.8330658957212895,8.200384880303883,64200
8164,2012-07-25,8.025908470153809,8.237117048713378,7.878981220245668,7.9708111893160005,72000
8165,2012-07-26,8.200385093688965,8.292214185407541,8.154470109951939,8.172835577993466,140200
8166,2012-07-27,8.384040832519531,8.503419392655685,8.191198677800381,8.22793047509188,99300
8167,2012-07-30,8.283032417297363,8.55852058577059,8.273849244813448,8.374861514869929,33400
8168,2012-07-31,8.172832489013672,8.457504579985022,8.154467027913501,8.264662421779951,48900
8169,2012-08-01,7.750416278839111,8.255479151299884,7.741233986280108,8.246295982985748,68000
8170,2012-08-02,7.759603977203369,7.814702143499316,7.695323512987801,7.704506686663065,103500
8171,2012-08-03,8.494236946105957,8.595249178301291,7.814698200598729,7.878978632381649,104400
8172,2012-08-06,8.365678787231445,9.036035526359528,8.35649649001479,8.530972397709302,97800
8173,2012-08-07,8.889104843139648,8.971751616593215,8.393225078173483,8.466688682186602,99700
8174,2012-08-08,9.182955741882324,9.339066059554716,8.815637862508993,8.815637862508993,60800
8175,2012-08-09,9.026849746704102,9.302338726029058,9.017666576383695,9.238058285296853,60900
8176,2012-08-10,9.081949234008789,9.182961495183848,9.03603425138178,9.03603425138178,30300
8177,2012-08-13,8.834009170532227,9.081949560169098,8.696265093459843,9.081949560169098,15600
8178,2012-08-14,8.604438781738281,8.916659756600078,8.521791950068293,8.889111104628702,63400
8179,2012-08-15,8.751359939575195,8.852373052034052,8.60443273136803,8.60443273136803,68500
8180,2012-08-16,8.742180824279785,8.788094936721121,8.641167675095504,8.714631305908313,82600
8181,2012-08-17,8.80645751953125,8.85237248810987,8.723810751240771,8.723810751240771,80800
8182,2012-08-20,8.907470703125,8.916653872974592,8.641164907773762,8.742178024608725,45300
8183,2012-08-21,8.962568283081055,9.228874061692336,8.879921511140447,8.91665331247458,42600
8184,2012-08-22,8.98093318939209,9.201324859496166,8.879920960920966,8.916652759979117,42000
8185,2012-08-23,8.76972484588623,8.935017490240025,8.76972484588623,8.935017490240025,30100
8186,2012-08-24,9.026849746704102,9.081947892871222,8.723812132173247,8.723812132173247,36800
8187,2012-08-27,8.87074089050293,9.045217653785055,8.797277266727974,9.045217653785055,75800
8188,2012-08-28,8.953387260437012,9.036034052192683,8.834008658540533,8.834008658540533,51500
8189,2012-08-29,9.173775672912598,9.2288738112965,8.870738101189133,8.944201701864204,40600
8190,2012-08-30,8.990118980407715,9.072765771334447,8.925838532244889,9.072765771334447,27500
8191,2012-08-31,9.04521656036377,9.100313833656875,8.980935240514656,9.100313833656875,65500
8192,2012-09-04,8.898284912109375,9.008481166333441,8.778907242250842,9.008481166333441,85400
8193,2012-09-05,8.843186378479004,8.980930362653503,8.843186378479004,8.935015409343706,67500
8194,2012-09-06,9.384982109069824,9.384982109069824,8.843187516925886,8.907467934381943,66700
8195,2012-09-07,9.449267387390137,9.485999198511212,9.192144709542607,9.467633730828403,37400
8196,2012-09-10,9.155413627624512,9.42171949840169,9.109498641127303,9.403353153500595,63700
8197,2012-09-11,9.265607833862305,9.311522814235099,9.137046063969564,9.137046063969564,236500
8198,2012-09-12,9.155413627624512,9.283974538910064,9.008486371437865,9.283974538910064,68100
8199,2012-09-13,9.348250389099121,9.357432680410241,9.054395173267991,9.137041925353152,111600
8200,2012-09-14,9.733936309814453,9.770668108593728,9.17377528373657,9.412532413679433,125600
8201,2012-09-17,9.53190803527832,9.70638380666444,9.421712672967894,9.70638380666444,55400
8202,2012-09-18,9.614562034606934,9.669659319481218,9.430902958766728,9.495183416371912,96400
8203,2012-09-19,9.449267387390137,9.614560975312706,9.348255125746043,9.614560975312706,38300
8204,2012-09-20,9.228878021240234,9.412537106707804,9.118682569959693,9.366622116402011,42200
8205,2012-09-21,9.522729873657227,9.531913044280891,9.228875419742785,9.412534453439312,142200
8206,2012-09-24,9.58700942993164,9.724754349282273,9.302338172966486,9.458448556110708,62700
8207,2012-09-25,9.219694137573242,9.688025426243392,9.173779150805585,9.651293611980373,94100
8208,2012-09-26,9.261161804199219,9.344097720587309,9.169010590697095,9.242731209971152,37900
8209,2012-09-27,9.55604076385498,9.620546062271536,9.215082805509386,9.298018691369975,38400
8210,2012-09-28,9.279590606689453,9.55604334117952,9.261160893093592,9.482322729158037,48300
8211,2012-10-01,9.298023223876953,9.473109495850666,9.22430259580179,9.30723852209115,32400
8212,2012-10-02,9.205869674682617,9.417817085991594,9.196654378795492,9.408601790104468,71200
8213,2012-10-03,8.966280937194824,9.29802469483449,8.947851216670035,9.205873455752506,43000
8214,2012-10-04,8.643745422363281,8.993918579039407,8.49630427825092,8.993918579039407,113600
8215,2012-10-05,8.643745422363281,8.643745422363281,8.560809559095443,8.643745422363281,119500
8216,2012-10-08,7.971049785614014,8.662181300395083,7.777532926322547,8.588460675790635,225300
8217,2012-10-09,7.823605537414551,8.017122322526024,7.6761643447236825,7.97104673010542,104900
8218,2012-10-10,7.842034816741943,7.9157554007802835,7.72223864797497,7.814388938613553,60300
8219,2012-10-11,7.814393043518066,7.989480181696497,7.666951797990427,7.906544261382414,77800
8220,2012-10-12,7.722241401672363,7.842037613157831,7.703810809681216,7.8328223171622575,71000
8221,2012-10-15,7.823605537414551,7.8328208316624375,7.602443748378248,7.722239937144287,65200
8222,2012-10-16,7.8788957595825195,7.952616349710411,7.786744582513277,7.8604651726411685,57800
8223,2012-10-17,7.980262756347656,8.017123057901406,7.869681851686406,7.869681851686406,57600
8224,2012-10-18,7.676165580749512,7.9526183009690685,7.648520572373247,7.9526183009690685,87800
8225,2012-10-19,7.602444648742676,7.676165253818908,7.510293452987918,7.602444648742676,107500
8226,2012-10-22,7.639303684234619,7.749884573508147,7.547152503763951,7.602443387810109,69300
8227,2012-10-23,7.408927917480469,7.639305030435482,7.33520731164038,7.556369129160646,80100
8228,2012-10-24,7.408927917480469,7.519508826240602,7.0956149032506195,7.436572924965766,65200
8229,2012-10-25,7.4273576736450195,7.602443873133872,7.353636636680413,7.473432388002877,64600
8230,2012-10-26,7.482647895812988,7.574799084794616,7.3812822909882945,7.399712001493298,48400
8231,2012-10-31,7.63008975982666,7.731456252300805,7.482648547666756,7.482648547666756,59200
8232,2012-11-01,7.722241401672363,7.81439172517111,7.501079570692577,7.639305495350194,59700
8233,2012-11-02,7.832820892333984,7.869681190792214,7.694594992820331,7.805175888195021,85900
8234,2012-11-05,7.8696818351745605,7.989478034677625,7.795961232221738,7.860466540100731,57900
8235,2012-11-06,8.265933990478516,8.293579007768352,7.897329951730592,7.897329951730592,57400
8236,2012-11-07,7.556369781494141,8.275146189895693,7.537940067852571,8.118490548075794,74200
8237,2012-11-08,7.528724193572998,7.786746316477363,7.528724193572998,7.556369201322299,69400
8238,2012-11-09,7.676165580749512,7.80517708453703,7.501079355941209,7.5102937728539825,34900
8239,2012-11-12,7.565585136413574,7.685381351879641,7.5563698401117945,7.676166055577862,26600
8240,2012-11-13,7.491864204406738,7.602445118859139,7.482648908497625,7.556369518132558,41000
8241,2012-11-14,7.556369781494141,7.6300903936984525,7.528724771622278,7.528724771622278,51700
8242,2012-11-15,7.501077651977539,7.70380883910918,7.491862358339163,7.574798243447003,64000
8243,2012-11-16,7.510291576385498,7.556367162749934,7.381280989147534,7.556367162749934,89100
8244,2012-11-19,7.620875835418701,7.713026159561224,7.556369641818032,7.639305548719604,56500
8245,2012-11-20,7.574798583984375,7.657734472820732,7.482647401095353,7.574798583984375,56400
8246,2012-11-21,7.777530193328857,7.777530193328857,7.491863093073717,7.584013402038435,68100
8247,2012-11-23,7.823605537414551,7.823605537414551,7.759100235317003,7.8051758277376075,38200
8248,2012-11-26,7.786746501922607,7.823606806072506,7.648520581065231,7.7683167892571445,78700
8249,2012-11-27,7.759099960327148,7.832820554059855,7.722239663460795,7.768315254248436,88600
8250,2012-11-28,7.8696818351745605,7.897326841577143,7.731455924342745,7.795961232221738,63800
8251,2012-11-29,8.127704620361328,8.173780220737275,7.980263402213483,7.980263402213483,58600
8252,2012-11-30,8.164563179016113,8.219854063407833,7.980261695741703,8.12770288236123,121100
8253,2012-12-03,8.21064281463623,8.376514670711863,8.090846571783743,8.201427516227756,72700
8254,2012-12-04,8.21064281463623,8.284363444265573,8.07241685378602,8.182997798230033,65900
8255,2012-12-05,8.33965015411377,8.459446336609096,8.229069265383957,8.275143976573958,44300
8256,2012-12-06,8.422588348388672,8.477878368495185,8.339652439409877,8.339652439409877,23100
8257,2012-12-07,8.47787857055664,8.560814481512127,8.385728241909803,8.496309163577436,46300
8258,2012-12-10,8.699037551879883,8.699037551879883,8.312004892787709,8.312004892787709,76300
8259,2012-12-11,8.781976699829102,8.800407293636864,8.579245440858205,8.75433168793654,85400
8260,2012-12-12,8.606891632080078,8.76354818563505,8.57003131823298,8.754332887468475,56200
8261,2012-12-13,8.726685523986816,8.77276112360445,8.597674020821234,8.597674020821234,34100
8262,2012-12-14,8.662178993225098,8.772760779497494,8.54238366926471,8.708254591035441,60700
8263,2012-12-17,8.98470687866211,9.030782474316462,8.59767328127577,8.680609177689826,59500
8264,2012-12-18,9.261161804199219,9.270377101313251,8.763547184689783,8.97549374539792,108800
8265,2012-12-19,9.371739387512207,9.38095468133649,9.058426428036867,9.251943204252884,69600
8266,2012-12-20,9.565255165100098,9.583684872005785,9.261157531197327,9.36252311622535,97900
8267,2012-12-21,9.55604076385498,9.583685766202251,9.169007215718084,9.427029288203089,301700
8268,2012-12-24,9.528395652770996,9.528395652770996,9.325663587294082,9.50996506553729,25700
8269,2012-12-26,9.274120330810547,9.57000513630632,9.209395942953808,9.57000513630632,38200
8270,2012-12-27,9.431306838989258,9.468292321424373,9.153915279824156,9.311103800624265,34800
8271,2012-12-28,9.394325256347656,9.496036036619229,9.311107665872306,9.375832948355258,37700
8272,2012-12-31,9.828902244567871,9.856641138223798,9.366583235219261,9.431307614350937,76300
8273,2013-01-02,10.402178764343262,10.43916425356656,9.967598604616796,10.143280339780176,146100
8274,2013-01-03,10.15252685546875,10.44841167451193,10.041570379003941,10.44841167451193,64700
8275,2013-01-04,10.15252685546875,10.235744433268279,9.939860496028789,10.235744433268279,60800
8276,2013-01-07,9.995336532592773,10.069307497346179,9.902872385749289,10.0508143152561,43500
8277,2013-01-08,9.838152885437012,10.097051390321068,9.708703192093036,9.958355983155583,97100
8278,2013-01-09,9.91212272644043,9.967600530090392,9.838151733704617,9.902876131897505,86200
8279,2013-01-10,9.976842880249023,10.06006043212505,9.865886438348795,9.967596289639818,35900
8280,2013-01-11,9.884381294250488,9.995338646652034,9.819656906852622,9.995338646652034,61300
8281,2013-01-14,9.79191780090332,9.958352944153818,9.70870022927807,9.81965669751053,37500
8282,2013-01-15,9.708702087402344,9.782673080381105,9.653223401766375,9.708702087402344,44000
8283,2013-01-16,9.597745895385742,9.782673383563885,9.551513802890252,9.643977987881234,89300
8284,2013-01-17,9.764179229736328,9.764179229736328,9.671715062225635,9.671715062225635,68900
8285,2013-01-18,9.708702087402344,9.745687583891725,9.643977688996875,9.745687583891725,63100
8286,2013-01-22,9.865891456604004,9.902876956049974,9.65322417343678,9.680963959374154,69900
8287,2013-01-23,9.847395896911621,9.875135676175413,9.717947120895195,9.82890359253941,148000
8288,2013-01-24,9.930614471435547,9.958354253493649,9.708701505793172,9.875136670926823,89800
8289,2013-01-25,9.865891456604004,10.0323266450128,9.791920457712065,9.95835564612086,53000
8290,2013-01-28,9.745685577392578,10.078554977263895,9.671714599643396,9.90287412556049,98800
8291,2013-01-29,9.431306838989258,9.533017577038422,8.626871934672883,9.153915279824156,165500
8292,2013-01-30,9.29261589050293,9.496036580901674,9.209398295257813,9.385079199372267,90500
8293,2013-01-31,9.200148582458496,9.375830308848967,9.135424200000731,9.283366149506238,84000
8294,2013-02-01,9.468297958374023,9.48679115150323,9.200152830628408,9.292617032666476,58500
8295,2013-02-04,9.098441123962402,9.468296095747943,9.061455626783848,9.338847296524909,97000
8296,2013-02-05,9.329598426818848,9.449801483789384,9.144670986019403,9.181656474179292,53600
8297,2013-02-06,9.227888107299805,9.301859968904365,8.830294311320747,9.23713470022583,68600
8298,2013-02-07,9.126179695129395,9.246382777047465,9.06145529786727,9.246382777047465,69000
8299,2013-02-08,9.200148582458496,9.274119557211248,9.135424200000731,9.172409687377108,56900
8300,2013-02-11,9.209397315979004,9.246382811954671,9.13542632402767,9.209397315979004,50400
8301,2013-02-12,9.301858901977539,9.301858901977539,9.172409261272028,9.20939474693024,65000
8302,2013-02-13,9.246383666992188,9.338847856383653,9.190904976996535,9.338847856383653,99600
8303,2013-02-14,9.209397315979004,9.375832488771398,9.200150721534142,9.227889623064947,50000
8304,2013-02-15,9.153921127319336,9.26487852730737,9.135428815190677,9.246385333374691,80600
8305,2013-02-19,9.172411918640137,9.311107309589424,9.024469933146552,9.172411918640137,131500
8306,2013-02-20,9.00597858428955,9.26487799360918,8.996731987855856,9.200152700377288,95300
8307,2013-02-21,9.052207946777344,9.209396511391958,8.987483554925575,9.024469047669971,58700
8308,2013-02-22,9.37583065032959,9.496033709131668,9.15391683618535,9.15391683618535,47200
8309,2013-02-25,9.033717155456543,9.66247063749724,9.005977369895977,9.412818740079102,77100
8310,2013-02-26,9.135425567626953,9.218643147132848,9.061454581800314,9.061454581800314,44100
8311,2013-02-27,9.209397315979004,9.366585894326535,9.070701926521195,9.153918631113612,46200
8312,2013-02-28,9.061457633972168,9.283370666199078,9.005978935013438,9.209399655456775,60000
8313,2013-03-01,9.144674301147461,9.19090551675437,8.74707949793986,8.941253601622186,74800
8314,2013-03-04,9.089192390441895,9.209395448438205,9.042960309396605,9.144671064056961,52800
8315,2013-03-05,9.153921127319336,9.459051772776379,9.135428815190677,9.144675412157017,58500
8316,2013-03-06,9.329598426818848,9.477540379458404,9.17240988168842,9.227887673026457,26100
8317,2013-03-07,9.246383666992188,9.375833355779468,9.15391947760072,9.311108070483897,39800
8318,2013-03-08,9.385078430175781,9.477542613270675,9.329600625761888,9.403571619516281,45800
8319,2013-03-11,9.237133979797363,9.412815704475403,9.209395084986356,9.320351546033955,44300
8320,2013-03-12,9.440559387207031,9.533023592543081,9.22789206765572,9.22789206765572,48400
8321,2013-03-13,9.533020973205566,9.597745370074415,9.366585802052787,9.477542288886717,26100
8322,2013-03-14,9.828902244567871,9.884380031879727,9.588496148073746,9.588496148073746,88900
8323,2013-03-15,10.004587173461914,10.023080364667965,9.810413074817834,9.847398575426045,157200
8324,2013-03-18,9.819656372070312,9.865888452752532,9.671714419330085,9.819656372070312,63200
8325,2013-03-19,9.708702087402344,9.884382975275955,9.634731094423582,9.838151766017074,65000
8326,2013-03-20,9.764179229736328,9.865889108555166,9.662468469113836,9.82890361791162,68800
8327,2013-03-21,9.847395896911621,9.902874573635554,9.63472954671112,9.671715037259192,56100
8328,2013-03-22,9.819656372070312,9.939859429122645,9.708699907515141,9.875135045249696,45200
8329,2013-03-25,9.939857482910156,9.995336145226881,9.70869800656341,9.83814763076682,64600
8330,2013-03-26,9.879562377929688,10.04654118607315,9.749690757981714,10.04654118607315,38400
8331,2013-03-27,9.712583541870117,9.805348849590377,9.545604749416082,9.786796141919917,121700
8332,2013-03-28,9.68475341796875,9.740413311868963,9.647647116929942,9.73113651543826,92300
8333,2013-04-01,9.183818817138672,9.629095358193176,8.961180988953464,9.629095358193176,104500
8334,2013-04-02,9.137438774108887,9.322970341745329,9.118885175003093,9.25803362955935,61000
8335,2013-04-03,8.98901081085205,9.174543225516024,8.933351794200155,9.174543225516024,90500
8336,2013-04-04,9.016841888427734,9.081777707679631,8.951905184491652,9.026117802117872,73500
8337,2013-04-05,9.15599536895752,9.193101698210942,8.775655272938772,8.775655272938772,141300
8338,2013-04-08,9.350796699523926,9.350796699523926,9.128158893507642,9.20237149551307,148100
8339,2013-04-09,9.183818817138672,9.536329154107296,9.174542904477354,9.350797630619622,141200
8340,2013-04-10,9.480669021606445,9.545604826000002,9.193094530593298,9.220924034664252,167800
8341,2013-04-11,9.508501052856445,9.536330564323956,9.38790532358494,9.489947455421959,208900
8342,2013-04-12,9.56416130065918,9.60126761216375,9.39718245654648,9.425011969003846,148900
8343,2013-04-15,9.165266036987305,9.582712182810747,9.026116731923437,9.434286965156552,117600
8344,2013-04-16,9.517776489257812,9.53632919935256,9.220925165585031,9.304414572721624,118500
8345,2013-04-17,9.211647987365723,9.536327889233426,9.100329088038169,9.387902690130023,76900
8346,2013-04-18,9.258028030395508,9.304411115423662,9.183815448223967,9.258028030395508,68500
8347,2013-04-19,9.57343578338623,9.59198937870609,9.267308538081494,9.304414844037094,175700
8348,2013-04-22,9.54560375213623,9.638369934848692,9.285859679098778,9.638369934848692,93000
8349,2013-04-23,9.963051795959473,9.963051795959473,9.610541469765003,9.666201367452155,63900
8350,2013-04-24,10.250626564025879,10.250626564025879,9.907393026457385,9.907393026457385,86600
8351,2013-04-25,10.074366569519043,10.380493669374339,10.037260281193666,10.32483467922812,52800
8352,2013-04-26,9.703306198120117,10.05581647080594,9.703306198120117,10.046539675152227,76300
8353,2013-04-29,9.768244743347168,9.805351051705513,9.564160489718356,9.768244743347168,63600
8354,2013-04-30,9.879562377929688,9.898115972027432,9.777520264444272,9.777520264444272,99000
8355,2013-05-01,9.554884910583496,9.87028901421452,9.415735572972244,9.851735415325972,150400
8356,2013-05-02,9.601264953613281,9.953774372956195,9.452838864009312,9.536328262947793,70700
8357,2013-05-03,10.000160217285156,10.102203237207531,9.777522348756015,9.796075946808902,63800
8358,2013-05-06,9.898118019104004,10.13003268518482,9.823905396732881,9.953777043540224,55800
8359,2013-05-07,9.851733207702637,9.953775324670707,9.72186069863811,9.94449941198931,83100
8360,2013-05-08,9.879562377929688,9.92594547848999,9.740413960932843,9.842456074418259,75000
8361,2013-05-09,9.833179473876953,10.065094075763824,9.786796376562778,9.87956168650713,117800
8362,2013-05-10,10.120750427246094,10.157856718417113,9.88883588625628,9.88883588625628,60300
8363,2013-05-13,9.990880012512207,10.092922103929917,9.907390626495959,10.065092603485791,28700
8364,2013-05-14,10.194967269897461,10.204244067737779,9.777521098608652,9.981606227674964,81500
8365,2013-05-15,10.297012329101562,10.297012329101562,10.074373559979803,10.130033473431322,94200
8366,2013-05-16,10.222799301147461,10.436160377551165,10.083649965302879,10.204245702494472,70400
8367,2013-05-17,10.389775276184082,10.417604784150534,10.148583847983875,10.259903649217899,180300
8368,2013-05-20,10.630964279174805,10.668070576226496,10.315560311893465,10.315560311893465,64600
8369,2013-05-21,10.899988174438477,10.946371279777173,10.51964830309264,10.621690427090451,84800
8370,2013-05-22,10.677352905273438,11.131905500902718,10.621692988507803,10.890714002725579,66700
8371,2013-05-23,10.593860626220703,10.67735003659592,10.454712198718093,10.566031117657007,54300
8372,2013-05-24,10.899988174438477,10.918541770447616,10.52892510109721,10.52892510109721,37300
8373,2013-05-28,11.243220329284668,11.410199133702077,11.029859310026016,11.410199133702077,117400
8374,2013-05-29,11.039134979248047,11.20611377999079,10.872157063189324,11.159730681486248,42400
8375,2013-05-30,11.224669456481934,11.37309469149588,11.048413826389735,11.06696742310857,49400
8376,2013-05-31,11.150452613830566,11.224665203216805,11.076239139760478,11.094792729448962,69700
8377,2013-06-03,11.660667419433594,11.707050522792581,11.224668548037796,11.271050766712671,196900
8378,2013-06-04,11.48441219329834,11.753433119564411,11.215391267032269,11.725603612622148,103200
8379,2013-06-05,11.261775970458984,11.558626445896389,11.094797135683345,11.493690625565506,47800
8380,2013-06-06,11.363816261291504,11.586454081841612,11.131901643714126,11.24322055398918,55100
8381,2013-06-07,11.345261573791504,11.586452965150356,11.2617730626448,11.48441086173729,41400
8382,2013-06-10,11.586457252502441,11.595734052068329,11.280329944302581,11.410202484172094,53600
8383,2013-06-11,11.280327796936035,11.53079602942908,11.187562472989232,11.35454040996713,80500
8384,2013-06-12,11.243220329284668,11.484411739068918,11.094795118550989,11.289603428809952,155900
8385,2013-06-13,11.753433227539062,11.790539532030985,11.308156688951888,11.308156688951888,102600
8386,2013-06-14,11.465859413146973,11.781263463171783,11.345263694920773,11.679221340680755,178700
8387,2013-06-17,11.317432403564453,11.605006899379134,11.159730403389306,11.605006899379134,187100
8388,2013-06-18,11.29887866973877,11.502962864052128,11.224666074591383,11.354537673757351,170500
8389,2013-06-19,11.233945846557617,11.326712064717384,11.178286823409136,11.326712064717384,147600
8390,2013-06-20,11.094793319702148,11.169005913036566,10.788666151026703,11.020580726367731,401500
8391,2013-06-21,12.022456169128418,12.068839278680006,11.094797516833584,11.150457425232336,284500
8392,2013-06-24,12.365686416625977,12.736749423214517,11.781261517736032,12.143048612672853,230900
8393,2013-06-25,12.634708404541016,13.191303846991872,12.365687480449385,12.51411269585386,309800
8394,2013-06-26,12.723061561584473,12.83466725583096,12.341741884501507,12.760263459666636,141800
8395,2013-06-27,12.974176406860352,13.113684214137866,12.825368788668362,12.825368788668362,126100
8396,2013-06-28,12.685858726501465,12.890468707358881,12.639356135592726,12.890468707358881,178000
8397,2013-07-01,12.881173133850098,12.97417745928261,12.602158383625683,12.648660989823659,128600
8398,2013-07-02,12.825369834899902,12.918375047338495,12.676562204568908,12.918375047338495,82100
8399,2013-07-03,12.825369834899902,12.8718724411192,12.63936029698616,12.750966019734406,39900
8400,2013-07-05,12.797465324401855,13.002075319838978,12.760263426416632,13.002075319838978,101600
8401,2013-07-08,12.881173133850098,12.964876760650327,12.676562198757068,12.834670527652122,131200
8402,2013-07-09,13.169485092163086,13.281090792795945,12.881170587269017,12.955574387690923,261400
8403,2013-07-10,13.318296432495117,13.327597131900106,13.150888278022888,13.169488789869353,114800
8404,2013-07-11,13.495004653930664,13.532206560398535,13.225290610297744,13.504305352288485,119700
8405,2013-07-12,13.429899215698242,13.67171202535269,13.281091605745756,13.522904415400204,153900
8406,2013-07-15,13.467103958129883,13.550808478120599,13.299695805111957,13.39270013746336,99100
8407,2013-07-16,13.513605117797852,13.569408420791888,13.36479749243164,13.420600795425674,50100
8408,2013-07-17,13.50430679321289,13.708916857136595,13.308996541675894,13.541508703650248,115700
8409,2013-07-18,13.55080509185791,13.718214090004864,13.495002683784447,13.59730768989465,64600
8410,2013-07-19,13.58800983428955,13.606611232179308,13.355497682448407,13.550807925473507,106700
8411,2013-07-22,13.746114730834961,13.755415427453897,13.522903333759976,13.588006436166035,220100
8412,2013-07-23,13.35549545288086,13.59730826329863,12.87187071900864,13.467101160697526,170700
8413,2013-07-24,13.429899215698242,13.495003210274943,13.355495410722,13.4205994052987,67900
8414,2013-07-25,13.513605117797852,13.625210836822513,13.308995076401015,13.36479749243164,162200
8415,2013-07-26,13.448504447937012,13.58801140033476,13.26249488241882,13.392701134799768,69000
8416,2013-07-29,13.401997566223145,13.550805171241839,13.346195157822779,13.448500164532309,68100
8417,2013-07-30,13.253190994262695,13.504304512527979,13.132284584019782,13.504304512527979,108500
8418,2013-07-31,13.067183494567871,13.318296164708938,12.983478975533018,13.243892344892068,112900
8419,2013-08-01,13.39269733428955,13.420599426422047,13.104382811293648,13.178786616386999,65000
8420,2013-08-02,13.346195220947266,13.364795728180935,13.16018482683082,13.271791418086005,48000
8421,2013-08-05,13.62520980834961,13.634510505973806,13.169486268324148,13.271792168263612,64000
8422,2013-08-06,13.541508674621582,13.569409885648911,13.346198423503267,13.532207975291303,39200
8423,2013-08-07,13.401997566223145,13.513603269987165,13.281091165404632,13.448500164532309,78000
8424,2013-08-08,13.439199447631836,13.578707242353316,13.281091145792132,13.48570204587233,24300
8425,2013-08-09,13.243891716003418,13.411300746123679,13.150887389130405,13.346197628616224,69000
8426,2013-08-12,13.318296432495117,13.374099741961535,13.085784269151482,13.085784269151482,48000
8427,2013-08-13,13.299692153930664,13.364795257400159,13.160184363257553,13.262490253810487,20100
8428,2013-08-14,13.364798545837402,13.457803762503609,13.197389510623623,13.253192818016043,130000
8429,2013-08-15,13.020681381225586,13.308996859216677,12.871873735925744,13.06718399212267,74200
8430,2013-08-16,13.085780143737793,13.281090334851635,12.927671851552146,12.927671851552146,69000
8431,2013-08-19,13.1229829788208,13.355495085449567,12.890470872192035,13.095081774375073,82700
8432,2013-08-20,13.076481819152832,13.141584927929275,12.955575412165626,13.104383024776546,135500
8433,2013-08-21,12.946274757385254,13.243889983589817,12.871870950834113,12.974175963101096,39900
8434,2013-08-22,13.132284164428711,13.141584861911005,12.890471351669076,12.964875157600758,45000
8435,2013-08-23,13.067183494567871,13.364798773835357,12.946277065624582,13.141587314384743,29300
8436,2013-08-26,13.234591484069824,13.308996189941656,12.92767550933203,13.057882635903376,40400
8437,2013-08-27,12.899770736694336,13.225288019748954,12.843968331404724,13.076480423025668,83400
8438,2013-08-28,12.797465324401855,13.206686202239313,12.695159439720081,12.927671523868531,41300
8439,2013-08-29,13.002076148986816,13.020677542647253,12.741662846483587,12.741662846483587,52100
8440,2013-08-30,12.946274757385254,13.020678563936395,12.788166446723245,12.95557545494498,103300
8441,2013-09-03,13.290390968322754,13.364794765826444,13.020676980631068,13.020676980631068,56800
8442,2013-09-04,13.37409496307373,13.467099263000389,13.271789967065446,13.271789967065446,45100
8443,2013-09-05,13.699612617492676,13.839120410803384,13.290391708433816,13.374096207027584,60700
8444,2013-09-06,13.26248836517334,13.9228226634944,13.206685079458078,13.76471438875815,49100
8445,2013-09-09,13.755417823791504,13.820520937539206,13.364797367378486,13.364797367378486,49100
8446,2013-09-10,13.997227668762207,14.15533595722975,13.662409699318836,13.78331608973303,115800
8447,2013-09-11,13.885625839233398,13.987930865612725,13.820521834297953,13.987930865612725,32700
8448,2013-09-12,14.03443431854248,14.090236741034278,13.857724577736924,13.913527887192235,56100
8449,2013-09-13,13.867023468017578,14.118136997360383,13.829821562221985,14.118136997360383,20700
8450,2013-09-16,13.662412643432617,13.867023570299269,13.392698602684334,13.867023570299269,82400
8451,2013-09-17,13.70891284942627,13.71821354605749,13.448499552494889,13.662410253233425,53200
8452,2013-09-18,13.997227668762207,14.146035260975609,13.392695716691241,13.69031178808126,47300
8453,2013-09-19,14.11813735961914,14.173939776262673,13.839122615511222,13.997230940940263,47200
8454,2013-09-20,14.387852668762207,14.620364828109532,14.071635990135686,14.17394102094165,131400
8455,2013-09-23,14.425052642822266,14.518056961901177,14.220441721707257,14.322746738783072,48900
8456,2013-09-24,14.378547668457031,14.471552859160685,13.960026084217056,14.36924697199402,66800
8457,2013-09-25,14.31795883178711,14.550998531523739,14.03831190328388,14.03831190328388,86600
8458,2013-09-26,14.439135551452637,14.439135551452637,14.28066852875181,14.308633924975949,49200
8459,2013-09-27,14.523033142089844,14.672178398705649,14.355244283909135,14.355244283909135,142500
8460,2013-09-30,14.700139999389648,14.728104505529133,14.317954266930446,14.38320596655674,113700
8461,2013-10-01,15.156902313232422,15.18486771731699,14.728109229337347,14.728109229337347,74600
8462,2013-10-02,14.728108406066895,14.961147204247236,14.65353577729498,14.961147204247236,88200
8463,2013-10-03,15.306047439575195,15.445870902819705,14.858610757036143,14.914540675719486,472200
8464,2013-10-04,15.473834037780762,15.567050258926434,15.063683731510729,15.250116173802073,219900
8465,2013-10-07,15.334010124206543,15.520440782821987,15.184864886133596,15.315366524959554,226100
8466,2013-10-08,14.942509651184082,15.44587459477154,14.821327983575394,15.33401650861976,155400
8467,2013-10-09,15.017078399658203,15.14758005891351,14.82132413282348,14.961147593161561,98200
8468,2013-10-10,15.716200828552246,15.73484265673876,15.110296074711002,15.147583286988308,213700
8469,2013-10-11,15.809414863586426,15.865345680446612,15.613662338432041,15.613662338432041,93700
8470,2013-10-14,15.837379455566406,15.94923930556808,15.632305138174003,15.734841407894205,176300
8471,2013-10-15,15.958558082580566,15.995843506878137,15.744160225550806,15.846698253784531,88600
8472,2013-10-16,16.200925827026367,16.219569437405088,16.005173251907436,16.051780499901692,76400
8473,2013-10-17,16.48056983947754,16.536498876339905,15.967881371391117,16.12634845746117,115400
8474,2013-10-18,16.760217666625977,16.86275572112498,16.592428769428377,16.68564502097728,99300
8475,2013-10-21,16.517852783203125,16.816145083423294,16.480567356895452,16.741570674904434,64400
8476,2013-10-22,16.6390380859375,16.788183379939735,16.48057098881611,16.555143635817227,61000
8477,2013-10-23,16.545814514160156,16.76021055721278,16.247524058095404,16.45259830215208,74400
8478,2013-10-24,16.750892639160156,16.85343067392078,16.47124571629708,16.592425575417273,58700
8479,2013-10-25,16.834789276123047,17.02122176774626,16.769538437440524,16.890720090381215,68700
8480,2013-10-28,16.49921226501465,17.030542522106487,16.415317826742054,17.030542522106487,83500
8481,2013-10-29,17.496625900268555,17.496625900268555,16.219567211801337,16.25685442744233,134800
8482,2013-10-30,17.431371688842773,18.12116904358853,17.42204988673043,17.56187336251166,149400
8483,2013-10-31,17.356794357299805,17.804230070011457,17.34747255770771,17.46865239650198,151400
8484,2013-11-01,17.24493408203125,17.61779716605245,16.955965414158747,17.32882849817995,142900
8485,2013-11-04,17.794912338256836,17.832197767197016,17.19833125159886,17.244938482262057,123900
8486,2013-11-05,17.608474731445312,17.916086986908976,17.57118931336406,17.645761927477935,83000
8487,2013-11-06,17.627117156982422,18.027945597914904,17.617795358594314,17.785584173677794,58500
8488,2013-11-07,17.179683685302734,17.8042300330652,17.095789267099455,17.74830101358017,96200
8489,2013-11-08,17.338153839111328,17.5618717352219,17.114435943000757,17.179686773789033,101600
8490,2013-11-11,17.058504104614258,17.34747459200157,17.039862281195468,17.34747459200157,115300
8491,2013-11-12,17.002573013305664,17.095789230884225,16.788176957441003,17.039860211517677,83000
8492,2013-11-13,17.21697425842285,17.2356178631481,16.806825622179392,16.85343285604051,94300
8493,2013-11-14,16.955968856811523,17.22629398088053,16.564462094611883,17.22629398088053,68300
8494,2013-11-15,16.84410285949707,16.927997261996428,16.69495765015402,16.927997261996428,60500
8495,2013-11-18,16.74156379699707,17.011890582964785,16.666991197066498,16.91867438856381,66900
8496,2013-11-19,16.47124671936035,16.84410989853494,16.368708678355382,16.79750266787007,46600
8497,2013-11-20,16.47124671936035,16.676321023418403,16.2475288118556,16.56446295864197,48700
8498,2013-11-21,16.788177490234375,16.955966331610473,16.4805652070287,16.536494228170223,97700
8499,2013-11-22,16.955968856811523,17.01189788628239,16.76021458673581,16.834787218680894,51400
8500,2013-11-25,16.489885330200195,16.993250025195277,16.415312716943465,16.965286406443596,108300
8501,2013-11-26,16.769529342651367,16.825458348624984,16.44327354822837,16.48988253483225,97900
8502,2013-11-27,16.993255615234375,17.049186427039224,16.704286866050367,16.788181305805715,68200
8503,2013-11-29,16.946640014648438,17.030534412974504,16.86274561632237,17.030534412974504,36400
8504,2013-12-02,16.816146850585938,16.993255755574847,16.51785451901905,16.890719488989674,203200
8505,2013-12-03,16.85343360900879,17.067829739071815,16.713610123226474,16.73225372878467,87200
8506,2013-12-04,16.517852783203125,16.816145083423294,16.228884061999572,16.75089247596929,111900
8507,2013-12-05,16.49921226501465,16.71360837262155,16.415317826742054,16.471246859606484,202000
8508,2013-12-06,16.788177490234375,17.235613215269623,16.722926669244007,16.722926669244007,73600
8509,2013-12-09,16.592424392700195,16.844107672107906,16.387350115748532,16.844107672107906,54000
8510,2013-12-10,16.424631118774414,16.639027115300543,16.28480594213035,16.517845532602486,66200
8511,2013-12-11,16.182275772094727,16.55513890044795,16.04245054325458,16.47124447432452,59100
8512,2013-12-12,15.893304824829102,16.21023891910296,15.87466300242303,16.15430989598157,98700
8513,2013-12-13,16.172958374023438,16.54582160387239,15.930596830133586,15.930596830133586,52100
8514,2013-12-16,16.10770606994629,16.312780383273303,16.051775257078223,16.191600511296425,83700
8515,2013-12-17,16.303455352783203,16.443278801362155,16.061093878868935,16.061093878868935,158300
8516,2013-12-18,16.769529342651367,16.778851139972144,16.107697734435636,16.27548475235648,152600
8517,2013-12-19,16.760217666625977,16.94665016972378,16.676323218027175,16.70428862687748,45700
8518,2013-12-20,16.881389617919922,17.440683249638855,16.825458832387152,16.918675030324007,305000
8519,2013-12-23,17.431371688842773,17.515266129901903,16.788181566706772,17.01189948354713,97000
8520,2013-12-24,17.57148551940918,17.66490153774093,17.27255568615746,17.39399704451744,26600
8521,2013-12-26,17.79569435119629,17.842403281314496,17.562155045895743,17.692938268463227,46000
8522,2013-12-27,17.748985290527344,17.991866355682998,17.562153153711208,17.879766717240656,85700
8523,2013-12-30,17.77700424194336,17.95449274804411,17.655562862229512,17.69292998883767,48600
8524,2013-12-31,18.599063873291016,18.776554184490408,17.87976262737607,17.90778797601689,470900
8525,2014-01-02,18.393550872802734,18.64577189555243,18.22540233646095,18.59906476068548,120200
8526,2014-01-03,18.608407974243164,18.76721473946476,18.30947801188795,18.393552286520745,161200
8527,2014-01-06,18.617752075195312,18.69248457508429,18.514994219686713,18.68314278987775,85300
8528,2014-01-07,18.916677474975586,19.122191354256724,18.599063982237432,18.71116359569445,116400
8529,2014-01-08,19.09417724609375,19.52388878339664,18.7298546582024,18.860637902316842,309500
8530,2014-01-09,19.27165985107422,19.281001635721992,18.869973801799375,19.103513072704004,59400
8531,2014-01-10,19.056795120239258,19.29967606071319,18.804572399543748,19.29967606071319,64000
8532,2014-01-13,18.449602127075195,19.075487435061692,18.188037506117347,18.944706015464373,81000
8533,2014-01-14,18.888654708862305,18.954047198348537,18.589724741120715,18.589724741120715,61800
8534,2014-01-15,18.720510482788086,19.234296211956377,18.692485126341975,18.93536620358476,70300
8535,2014-01-16,18.496301651000977,18.627084798504452,18.374862065921832,18.59905945651889,76000
8536,2014-01-17,18.20672035217285,18.486968531020132,18.16935499738443,18.449601394468573,40300
8537,2014-01-21,18.524335861206055,18.543019431474214,18.169356934927702,18.300138363278148,65200
8538,2014-01-22,18.42157745361328,18.58972601745345,18.30947959889535,18.49630995067966,56900
8539,2014-01-23,18.458940505981445,18.505647638145145,18.281450196586206,18.356182677105853,114400
8540,2014-01-24,18.262767791748047,18.458941679182203,18.13198638796727,18.29079314188521,93900
8541,2014-01-27,18.094619750976562,18.4122314544899,17.93581300833846,18.318817190860436,81700
8542,2014-01-28,18.01054573059082,18.41223170218474,17.935813249624175,18.160010692524114,82400
8543,2014-01-29,17.67424774169922,18.131984386159886,17.51544100531386,17.795687348693765,63900
8544,2014-01-30,17.93581771850586,18.430919860108276,17.833059863412526,17.870425222324343,68100
8545,2014-01-31,17.45939826965332,17.702279351329967,17.29124969143384,17.58083791960993,85100
8546,2014-02-03,17.020343780517578,17.45005702504217,16.69339018135738,17.45005702504217,145000
8547,2014-02-04,16.796138763427734,17.095068653047388,16.43181818317412,17.057703307726275,176100
8548,2014-02-05,16.33839988708496,16.917577804425544,16.301034546932712,16.740087538855658,126000
8549,2014-02-06,16.54392433166504,16.805489007675604,16.37577752040494,16.450510030441734,69000
8550,2014-02-07,17.515443801879883,17.571492723152236,16.730751777014618,16.824167833643926,139900
8551,2014-02-10,16.824169158935547,17.562152322737823,16.805485589785306,17.562152322737823,121700
8552,2014-02-11,17.10441780090332,17.1324431582854,16.805487782548276,16.917587430313144,85300
8553,2014-02-12,17.291240692138672,17.468730963635206,16.992310833889245,17.188482885204493,51800
8554,2014-02-13,17.534128189086914,17.618202465806537,16.814826835713777,17.095073236937072,102400
8555,2014-02-14,17.879762649536133,17.982520479583595,17.53412559135214,17.552809157135844,86500
8556,2014-02-18,18.365528106689453,18.43091881740826,17.823717069895196,17.954498491332807,89900
8557,2014-02-19,18.20672035217285,18.571041024734864,18.141329644970764,18.346843550714922,61800
8558,2014-02-20,18.79524040222168,18.963387172503072,18.20672047006578,18.20672047006578,165200
8559,2014-02-21,19.187589645385742,19.243638578206113,18.91668320352096,18.94470856081287,123500
8560,2014-02-24,19.224946975708008,19.48651152254365,19.028774901903304,19.280995885114677,71100
8561,2014-02-25,19.6733455657959,19.776103404104227,19.103511017686287,19.290341345254195,190700
8562,2014-02-26,19.617294311523438,19.944249573068063,19.55190361556708,19.65466144164869,52100
8563,2014-02-27,19.150218963623047,19.40244178735245,18.804580081279443,19.35573286716379,117300
8564,2014-02-28,19.07547950744629,19.38375114106991,19.01008882482347,19.196919092065457,139500
8565,2014-03-03,19.07547950744629,19.206260872691924,18.683133629946905,18.96337992169112,77800
8566,2014-03-04,19.663999557495117,19.897538753103195,19.38375323547049,19.38375323547049,264000
8567,2014-03-05,19.187589645385742,19.701375390059944,19.010099279397213,19.692033604295975,114500
8568,2014-03-06,19.27165985107422,19.54256626056994,19.150220214179637,19.18758735277073,54400
8569,2014-03-07,19.290340423583984,19.45848895759529,19.15021723916222,19.439805391202263,77300
8570,2014-03-10,19.280996322631836,19.551902657476347,19.15955671920127,19.196922065732693,71900
8571,2014-03-11,19.31836700439453,19.55190625390266,19.10351132247019,19.243634515822453,139800
8572,2014-03-12,19.243629455566406,19.346385486730625,18.95404136121934,19.243629455566406,88200
8573,2014-03-13,19.1408748626709,19.346388741335137,19.05680059827123,19.24363269288447,117600
8574,2014-03-14,19.206268310546875,19.337051508202325,19.028779755196812,19.028779755196812,54900
8575,2014-03-17,19.383752822875977,19.64531735782403,19.23428788340927,19.393094604312974,63700
8576,2014-03-18,19.421123504638672,19.542563122030025,19.15955892179805,19.290340322336885,94200
8577,2014-03-19,19.355731964111328,19.439806234765264,19.04746023230124,19.355731964111328,70700
8578,2014-03-20,19.69202423095703,19.76675669973293,19.24362941830163,19.337045449712157,46900
8579,2014-03-21,19.52387809753418,19.80412622573857,19.43046205479938,19.80412622573857,169600
8580,2014-03-24,19.355731964111328,19.542564072622973,19.01943666325862,19.505196938215427,62600
8581,2014-03-25,19.43981170654297,19.738741738891832,19.374420984687095,19.523886000861527,76900
8582,2014-03-26,19.18709945678711,19.673797042186443,19.159020131985194,19.63635794245056,94200
8583,2014-03-27,19.215179443359375,19.439808693927326,19.065426609647407,19.187100117590408,57800
8584,2014-03-28,19.243257522583008,19.673798270452377,19.18710065466775,19.18710065466775,56500
8585,2014-03-31,19.54275894165039,19.84226633741488,19.03734367011168,19.43044523028368,115000
8586,2014-04-01,19.889062881469727,19.935859962407267,19.561477959324325,19.636354359940913,104500
8587,2014-04-02,20.20728302001953,20.263439860259407,19.8422608806697,19.935855019338234,55300
8588,2014-04-03,19.402362823486328,20.216645134740205,19.215172739253624,20.216645134740205,124900
8589,2014-04-04,18.859514236450195,19.720593882349785,18.662964320905214,19.61763814457222,169300
8590,2014-04-07,18.55064582824707,18.8501514334556,18.02651101913214,18.8501514334556,314900
8591,2014-04-08,18.99054527282715,19.655073077112533,18.475768478262484,18.50384779675682,126400
8592,2014-04-09,19.08414649963379,19.159022924825884,18.74720347886676,19.027989627038416,60300
8593,2014-04-10,18.466411590576172,19.00926600325523,18.326018546558114,19.00926600325523,85700
8594,2014-04-11,18.297935485839844,18.765913393766123,18.073306304258516,18.251138409124835,112500
8595,2014-04-14,18.138822555541992,18.6816768462496,17.94227269511748,18.447687897061943,55600
8596,2014-04-15,18.017154693603516,18.20434662527722,17.59597373993496,18.13882819955523,67000
8597,2014-04-16,18.176265716552734,18.185625490840504,17.932916940653932,18.120108856020522,26000
8598,2014-04-17,18.457054138183594,18.550650107701493,18.092031820777876,18.092031820777876,45600
8599,2014-04-21,18.597448348999023,18.6816827549701,18.10139097715625,18.438335741818854,37300
8600,2014-04-22,18.85015106201172,19.04670272730314,18.54128568957736,18.56936500896019,50500
8601,2014-04-23,18.457054138183594,19.084144813200503,18.400897270550708,18.850155782003068,70500
8602,2014-04-24,18.326026916503906,18.597455139408563,18.17627402979624,18.522578696054733,42800
8603,2014-04-25,18.25113868713379,18.503847189709912,18.092026124607425,18.166902519608414,153600
8604,2014-04-28,17.736370086669922,18.33538146255584,17.45558216532736,18.33538146255584,55800
8605,2014-04-29,16.781686782836914,17.717642527243267,16.772327011169583,17.717642527243267,89600
8606,2014-04-30,16.65066146850586,16.781694763776745,16.294997116778095,16.781694763776745,109400
8607,2014-05-01,16.84720802307129,17.59597211001892,16.622578796987,16.84720802307129,181700
8608,2014-05-02,16.931442260742188,17.324543807524705,16.847206087489205,16.847206087489205,139900
8609,2014-05-05,17.118637084960938,17.22159103697113,16.56642287027223,16.77233255948711,82800
8610,2014-05-06,16.56642723083496,17.006326049344196,16.51962834469889,17.006326049344196,88700
8611,2014-05-07,16.154605865478516,16.538347803602353,15.817661028025407,16.538347803602353,101600
8612,2014-05-08,15.873810768127441,16.46346396852974,15.780216608871088,16.18267792037237,67700
8613,2014-05-09,16.210758209228516,16.220117983783755,15.74278019263326,15.761499741743743,97900
8614,2014-05-12,17.00632095336914,17.18415309700854,16.145241343634208,16.257556851510255,87700
8615,2014-05-13,16.594501495361328,16.95952559425053,16.547704403675475,16.95952559425053,102100
8616,2014-05-14,15.808295249938965,16.622577702946355,15.76149816703266,16.60385815570612,74000
8617,2014-05-15,15.53686809539795,15.7989346014725,15.246722270017903,15.69598066774072,101100
8618,2014-05-16,15.73342227935791,15.742782055020422,15.443276374598744,15.527512570366675,63500
8619,2014-05-19,15.958045959472656,16.08908098773288,15.536866913105353,15.724057005315027,38400
8620,2014-05-20,15.695985794067383,15.87381618549924,15.471356521841802,15.87381618549924,139800
8621,2014-05-21,15.892532348632812,16.0703644873356,15.602386490366237,15.724059984092742,77900
8622,2014-05-22,15.911261558532715,16.070374245525862,15.789587990924058,15.873822439148224,57100
8623,2014-05-23,16.285633087158203,16.341789944007928,15.742778710426073,15.976767696693273,39500
8624,2014-05-27,16.678735733032227,16.819128776823845,16.163960644064826,16.360510548334208,62400
8625,2014-05-28,16.49154281616211,16.585136972743925,16.29499115991327,16.57577720004692,80700
8626,2014-05-29,16.41667366027832,16.47283053603396,16.276278793096882,16.47283053603396,60800
8627,2014-05-30,16.38858985900879,16.491545590803632,16.285634127213946,16.47282604226013,98600
8628,2014-06-02,15.939327239990234,16.24819256947007,15.68661875627202,16.24819256947007,113200
8629,2014-06-03,15.84572982788086,15.967403279873004,15.71469660493643,15.90188666840079,157000
8630,2014-06-04,15.883174896240234,15.92061399836386,15.705344516736952,15.761501384727744,67700
8631,2014-06-05,16.603864669799805,16.613224447091987,15.864460115667242,15.864460115667242,71500
8632,2014-06-06,16.94080924987793,16.98760635042105,16.603864413343608,16.613224190491223,56500
8633,2014-06-09,17.333908081054688,17.352627632236405,16.856570237088885,16.856570237088885,58400
8634,2014-06-10,17.483661651611328,17.493021427593785,17.23095305566916,17.24967260763408,35300
8635,2014-06-11,17.249662399291992,17.40877492644159,17.08119010169904,17.343258318531817,42700
8636,2014-06-12,17.034399032592773,17.16543229454994,16.894004211702313,17.16543229454994,41600
8637,2014-06-13,17.04376220703125,17.146717964292048,16.8378524777045,17.13735818770517,35400
8638,2014-06-16,16.781686782836914,17.03439526227317,16.69745062302483,16.96887686060184,49700
8639,2014-06-17,17.00632095336914,17.034400276636763,16.753612399543854,16.753612399543854,79800
8640,2014-06-18,16.94080924987793,16.98760635042105,16.781696608758384,16.96888679612582,42100
8641,2014-06-19,16.80976676940918,17.025037978832113,16.753609916391714,17.015678205796842,58100
8642,2014-06-20,17.09991455078125,17.174790950626182,16.828486485597015,16.894003112312053,149700
8643,2014-06-23,16.912723541259766,17.053116575146955,16.819127590270213,17.053116575146955,60700
8644,2014-06-24,16.856569290161133,17.14671517639998,16.80041242496529,16.837849740031,74100
8645,2014-06-25,17.297441482543945,17.316200904752257,16.537628524328237,16.69709524268822,73100
8646,2014-06-26,17.21302032470703,17.334964638055933,16.997271729999365,17.334964638055933,28300
8647,2014-06-27,17.381868362426758,17.391248969851315,17.053554259238926,17.053554259238926,155400
8648,2014-06-30,17.541339874267578,17.569479915015734,17.184883851998077,17.297449382495923,106200
8649,2014-07-01,17.83213233947754,18.076022840997435,17.410013819699163,17.607003058651898,100000
8650,2014-07-02,17.822751998901367,17.86965326217844,17.569480883200747,17.766470125135175,71200
8651,2014-07-03,17.907176971435547,18.000981293796787,17.644525226657805,17.644525226657805,51900
8652,2014-07-07,17.691423416137695,17.785225923528547,17.550716076715133,17.785225923528547,89400
8653,2014-07-08,17.325586318969727,17.691422885663442,17.100457087479487,17.691422885663442,316100
8654,2014-07-09,17.381868362426758,17.52257389545928,17.31620411045485,17.428769610381625,193000
8655,2014-07-10,17.194257736206055,17.288062010066728,16.987889765046745,16.987889765046745,76500
8656,2014-07-11,17.20363998413086,17.250541230952795,17.091074486923183,17.128596915715036,65000
8657,2014-07-14,17.250547409057617,17.410014210198614,17.184884924323416,17.400633599641083,45900
8658,2014-07-15,17.109830856323242,17.269297555196623,17.053549018240687,17.19425450803076,64900
8659,2014-07-16,17.11922264099121,17.306831276011955,17.01603771281295,17.2599282226725,66700
8660,2014-07-17,16.77214241027832,17.044174674407753,16.715860551522173,17.016032850445665,78900
8661,2014-07-18,17.1004581451416,17.19426244468968,16.715862127245863,16.753384562732375,69900
8662,2014-07-21,16.950366973876953,17.06293245791301,16.809661460707634,16.959747579977265,39900
8663,2014-07-22,17.034793853759766,17.128598143294322,16.950370172095468,17.119217535424063,46900
8664,2014-07-23,16.83780288696289,17.05355145474361,16.687716771187816,17.025409637097923,39900
8665,2014-07-24,16.8565673828125,16.95037168069573,16.772143693634405,16.828427345865247,53100
8666,2014-07-25,16.64081573486328,16.828424296635983,16.547011453976932,16.64081573486328,64200
8667,2014-07-28,16.725238800048828,16.884705535001668,16.35002347932679,16.61267330924833,97100
8668,2014-07-29,16.83780288696289,17.05355145474361,16.593912501536487,16.678336165305918,82200
8669,2014-07-30,16.74399757385254,16.978507338782777,16.69709454736598,16.978507338782777,57300
8670,2014-07-31,16.312496185302734,16.518865891998523,16.24683374741489,16.47196287267346,123700
8671,2014-08-01,16.171798706054688,16.46259041305942,16.06861380165992,16.387547334181807,63000
8672,2014-08-04,16.66895866394043,16.71585991291742,16.021711050883773,16.303122123081643,78600
8673,2014-08-05,16.68772315979004,16.828428723549877,16.50949515813781,16.528256377084006,53600
8674,2014-08-06,16.87532615661621,17.03479290317591,16.5751538781904,16.5751538781904,42400
8675,2014-08-07,16.819049835205078,16.95975541336361,16.697103688744118,16.884712319067827,39000
8676,2014-08-08,16.96913719177246,17.09108155745828,16.687726016086028,16.78152854853576,49300
8677,2014-08-11,17.13797378540039,17.48504723019457,17.0160277075892,17.0160277075892,48300
8678,2014-08-12,16.87532615661621,17.222401471775996,16.7346206247501,17.03479290317591,35200
8679,2014-08-13,16.89409065246582,17.081697468334834,16.800286349947186,16.987894954984455,29100
8680,2014-08-14,16.819049835205078,16.987897244662715,16.697103688744118,16.95975541336361,35600
8681,2014-08-15,16.8565673828125,17.241163393882402,16.537633843510406,17.053556587284106,100600
8682,2014-08-18,17.053552627563477,17.334963666703253,16.837804044945134,17.09107326450383,67300
8683,2014-08-19,17.006656646728516,17.17550405589196,16.884712289648526,17.07232091964535,35000
8684,2014-08-20,16.77214241027832,16.90346913293337,16.650198084778662,16.90346913293337,29400
8685,2014-08-21,16.922237396240234,16.931616218965413,16.65020501882185,16.800291230787586,41000
8686,2014-08-22,16.865947723388672,16.931610194112608,16.66896031121687,16.875328331944683,49200
8687,2014-08-25,16.790908813476562,17.0254187181038,16.659583839419255,16.903474354931813,43600
8688,2014-08-26,16.89409065246582,16.95975312747839,16.772144522441117,16.819047568284564,47700
8689,2014-08-27,16.809661865234375,16.884704926675113,16.77213943993015,16.884704926675113,26900
8690,2014-08-28,16.65958023071289,16.790905176323314,16.640819013006205,16.715862094664757,36600
8691,2014-08-29,16.631437301635742,16.772142846771974,16.46258993180503,16.678340342793206,133400
8692,2014-09-02,16.64081573486328,16.790901868614306,16.490729601112257,16.622054520852444,63100
8693,2014-09-03,16.406309127807617,16.7158620627033,16.378167301301392,16.678341416529864,169400
8694,2014-09-04,16.565776824951172,16.734624215083063,16.415690653538,16.500114348603947,34200
8695,2014-09-05,16.61267852783203,16.631439747053587,16.425071703121485,16.462592352396257,29200
8696,2014-09-08,16.697092056274414,16.697092056274414,16.490724138024788,16.547005972244275,48500
8697,2014-09-09,16.368785858154297,16.622055099445227,16.33126342882651,16.622055099445227,60500
8698,2014-09-10,16.434444427490234,16.46258445365265,16.350020770668017,16.4156832172703,25400
8699,2014-09-11,16.518878936767578,16.565780203962788,16.33127028964942,16.340650900922196,32300
8700,2014-09-12,16.293745040893555,16.57515614307879,16.190560135147162,16.565775534450196,56800
8701,2014-09-15,15.862245559692383,16.284363990692068,15.74968183753787,16.284363990692068,89900
8702,2014-09-16,15.881004333496094,15.956047399778072,15.65587513465016,15.824722481076568,61800
8703,2014-09-17,15.834099769592285,16.049850129837786,15.63711241056495,15.927904040677156,54700
8704,2014-09-18,15.993568420410156,16.02171024187612,15.918525352335454,15.927905959490776,31500
8705,2014-09-19,15.81534481048584,16.068614087980613,15.67463746956099,16.021712833784438,219000
8706,2014-09-22,15.665257453918457,15.899767285329403,15.60897380617885,15.693397488620235,53900
8707,2014-09-23,15.543313980102539,15.730922592768898,15.543313980102539,15.627737676885568,58900
8708,2014-09-24,15.571525573730469,15.712571646877853,15.533914124523625,15.61854212711168,54500
8709,2014-09-25,15.392861366271973,15.637340163684875,15.214202128011145,15.590325424220243,80900
8710,2014-09-26,15.580924034118652,15.609133957365728,15.42107138938036,15.42107138938036,47400
8711,2014-09-29,15.421070098876953,15.552714602849143,15.327038822753222,15.355248743639567,128600
8712,2014-09-30,14.941513061523438,15.477488105697807,14.922706447649578,15.439876671447504,97500
8713,2014-10-01,14.744043350219727,14.99792627849475,14.650012104637323,14.950910655703549,78000
8714,2014-10-02,15.11076831817627,15.261217644318238,14.715838388679243,14.715838388679243,68300
8715,2014-10-03,15.336445808410645,15.45868703474226,15.23301299401218,15.317640983473192,82600
8716,2014-10-06,15.204803466796875,15.449284132400964,15.195400157331575,15.34584952178057,76300
8717,2014-10-07,14.866289138793945,15.23301005683207,14.819273498520019,15.044947495736364,228600
8718,2014-10-08,15.270623207092285,15.35525118973516,14.668825813629796,14.668825813629796,134500
8719,2014-10-09,14.91330623626709,15.214205843465603,14.76285688104228,15.214205843465603,97600
8720,2014-10-10,14.706436157226562,15.110768501963687,14.687629542855719,14.7346451820341,221600
8721,2014-10-13,14.997931480407715,15.157785012041092,14.659420493048374,14.772257488834821,74000
8722,2014-10-14,15.22360897064209,15.374058324071102,15.054352999660008,15.195399044312488,105100
8723,2014-10-15,15.129579544067383,15.421074978132953,14.866293143064839,14.96972686212859,183700
8724,2014-10-16,15.204803466796875,15.364656140711167,14.81927674620909,14.894501428433587,109300
8725,2014-10-17,14.894495964050293,15.439875158467657,14.885092658034809,15.327037279779095,162600
8726,2014-10-20,15.04494857788086,15.082561810204425,14.791064640189688,14.791064640189688,73600
8727,2014-10-21,15.392861366271973,15.40226287936702,14.988527253537013,15.073156116119902,154500
8728,2014-10-22,15.665549278259277,15.825401895118953,15.298829307491829,15.449278618242436,78200
8729,2014-10-23,15.703163146972656,15.966448554839793,15.646743308003416,15.863015770390843,129300
8730,2014-10-24,15.693764686584473,15.712569511883666,15.627943314292585,15.70316799598301,58200
8731,2014-10-27,15.684361457824707,15.703168076718475,15.411670864358737,15.543315403117225,109900
8732,2014-10-28,16.8409366607666,16.850339967445944,15.815999548184157,15.815999548184157,167800
8733,2014-10-29,17.038406372070312,17.123032564351693,16.76571579711577,16.793925723541413,136400
8734,2014-10-30,16.972585678100586,17.066616986359747,16.737508304201697,16.878556163339454,103900
8735,2014-10-31,17.30168914794922,17.358107198508993,17.0007904869671,17.311092455292094,125300
8736,2014-11-03,17.405122756958008,17.48975072478985,17.2640767417374,17.37691283651493,60000
8737,2014-11-04,17.36750602722168,17.574375148423815,17.30168468629265,17.3863126370577,76900
8738,2014-11-05,17.55557632446289,17.583786251727982,17.179452928417454,17.564979633551257,61900
8739,2014-11-06,17.61199188232422,17.64020180557987,17.395721184523612,17.508559084048642,46600
8740,2014-11-07,17.593191146850586,17.659014323113315,17.386323687662223,17.659014323113315,28000
8741,2014-11-10,17.84707260131836,17.894089149049766,17.517963941190157,17.583787108014125,66500
8742,2014-11-11,17.724830627441406,17.8940865880548,17.61199272253326,17.88468327985432,50400
8743,2014-11-12,17.894088745117188,17.93170018895538,17.55557678308411,17.687219526764586,37400
8744,2014-11-13,17.55557632446289,18.006924399717416,17.5273663971978,17.865878350387604,37800
8745,2014-11-14,17.621395111083984,17.771844447444554,17.51796051977451,17.602588495664524,51500
8746,2014-11-17,17.09482192993164,17.630797899104824,17.085418622499084,17.555573233141878,28700
8747,2014-11-18,17.123035430908203,17.348711293098035,17.07602067249253,17.179455293204697,53200
8748,2014-11-19,16.605859756469727,17.170045615733745,16.605859756469727,17.170045615733745,44400
8749,2014-11-20,16.737503051757812,16.765712973432333,16.568248902203088,16.57765041593046,32900
8750,2014-11-21,16.671688079833984,17.076021477871954,16.5024320719578,17.047811545393206,53100
8751,2014-11-24,16.822139739990234,16.84094636418492,16.54004755106355,16.662287021332208,48200
8752,2014-11-25,16.784521102905273,16.953777061235037,16.709296431814003,16.859745773996544,32200
8753,2014-11-26,16.68108558654785,16.82213161286893,16.577650996946883,16.82213161286893,60400
8754,2014-11-28,16.154521942138672,16.73751298819922,16.135715316524195,16.73751298819922,33500
8755,2014-12-01,15.768986701965332,16.192124792365693,15.768986701965332,16.154513354628975,55800
8756,2014-12-02,16.12630844116211,16.13571175189201,15.740781668726898,15.750184979456797,47900
8757,2014-12-03,16.445999145507812,16.540030375337636,16.126294040184334,16.182712060683613,44200
8758,2014-12-04,16.511831283569336,16.568251134520086,16.107497985910847,16.47421984309988,53200
8759,2014-12-05,16.549448013305664,16.850346774611534,16.455416702023058,16.474223322979196,59200
8760,2014-12-08,16.154521942138672,16.502435548513848,16.05108729475758,16.446017465168946,63600
8761,2014-12-09,17.01019287109375,17.02899948475879,16.022868969145296,16.022868969145296,61600
8762,2014-12-10,16.615266799926758,17.047808253420527,16.502428885299185,16.887955587238526,71200
8763,2014-12-11,16.577651977539062,17.01959849125042,16.540040538594187,16.746907936535102,63300
8764,2014-12-12,16.135709762573242,16.51183317790753,16.06988838907698,16.30496574784815,84400
8765,2014-12-15,15.759588241577148,16.427207159857577,15.759588241577148,16.22033970493226,69200
8766,2014-12-16,15.7313814163208,16.163924826495887,15.627948565179887,15.768994666552757,63000
8767,2014-12-17,16.323772430419922,16.34257725613627,15.402267817397757,15.740779789262957,89200
8768,2014-12-18,16.76571273803711,16.812727480003744,16.239140095321545,16.549442055394685,47900
8769,2014-12-19,16.8409366607666,16.869146580804625,16.370782087783734,16.699890647571213,403200
8770,2014-12-22,17.085412979125977,17.113622892105813,16.709289773546086,16.81272253414498,53700
8771,2014-12-23,17.14196014404297,17.17965455766967,16.774429275820527,17.14196014404297,59300
8772,2014-12-24,17.283327102661133,17.311599276940566,16.830983098921994,17.141969826174563,29700
8773,2014-12-26,17.22677993774414,17.339865009663935,17.10426901280042,17.339865009663935,34100
8774,2014-12-29,17.3304443359375,17.566040378774954,17.15139263754875,17.15139263754875,52900
8775,2014-12-30,17.198505401611328,17.45294947455851,16.88751880049407,17.368134783576114,45100
8776,2014-12-31,16.802701950073242,17.38698065758928,16.75558348222948,17.311590030566663,139400
8777,2015-01-02,16.359786987304688,16.925215955289623,16.14303729895862,16.802706824880847,57100
8778,2015-01-05,15.963984489440918,16.444600515816614,15.737812558932601,16.29381922881107,67800
8779,2015-01-06,15.615294456481934,16.02051965294312,15.238341412374051,16.011095602158683,81400
8780,2015-01-07,16.029949188232422,16.058221350258794,15.54933321851117,15.681266379725216,73200
8781,2015-01-08,16.265548706054688,16.312667188956734,15.907441765161467,16.20900616708125,88500
8782,2015-01-09,15.615294456481934,16.218419327054544,15.558751949229226,16.218419327054544,50200
8783,2015-01-12,15.106413841247559,15.521061443239487,15.031022306025879,15.521061443239487,56500
8784,2015-01-13,14.880244255065918,15.42682783609334,14.597528857631728,15.285468789285034,86000
8785,2015-01-14,14.889666557312012,15.002752523218398,14.66349462549924,14.710613103914708,34700
8786,2015-01-15,14.5786771774292,14.965054379435827,14.418471864588325,14.965054379435827,57100
8787,2015-01-16,14.974477767944336,14.993324975174373,14.465590590553122,14.484437797783158,54500
8788,2015-01-20,14.899090766906738,15.1064154892476,14.569256022215702,15.021599890529536,49600
8789,2015-01-21,14.710610389709473,15.01217380854675,14.588100391232954,14.851968495056472,39400
8790,2015-01-22,15.096991539001465,15.106415594338742,14.66349487948797,14.691766146772416,60600
8791,2015-01-23,15.078145027160645,15.29489293053689,14.936787777022005,15.13468756772511,25100
8792,2015-01-26,15.059295654296875,15.219501003702364,14.80485244559412,15.10641593203661,35300
8793,2015-01-27,15.125262260437012,15.219501018553636,14.729461813038437,14.804852460040776,49900
8794,2015-01-28,15.125262260437012,15.22892507411078,15.059295668991817,15.078143780106103,87000
8795,2015-01-29,15.492793083190918,15.50221713865429,14.936786393035465,15.21007681165411,112100
8796,2015-01-30,15.078145027160645,15.3231650995466,14.908515608012294,15.31374104321003,139000
8797,2015-02-02,15.45509147644043,15.473939580800078,14.908509032189809,15.162953048682555,78100
8798,2015-02-03,15.803775787353516,15.926284882953949,15.464517064991787,15.577603904930477,88000
8799,2015-02-04,15.568184852600098,15.869747459364907,15.360859212358102,15.6435755042913,77900
8800,2015-02-05,15.954557418823242,16.09591462399182,15.483365536625058,15.596450581778168,57100
8801,2015-02-06,15.643572807312012,16.171307278168083,15.426824945749381,16.0582222188548,72200
8802,2015-02-09,15.643572807312012,15.813202193736544,15.426824945749381,15.568182168618288,79600
8803,2015-02-10,15.342010498046875,15.803778392117183,15.266619858146717,15.803778392117183,76000
8804,2015-02-11,15.700111389160156,15.76607795674798,15.247767670740084,15.323158290476762,64400
8805,2015-02-12,15.860322952270508,15.916865490067524,15.615302891876942,15.794356358598176,58900
8806,2015-02-13,15.879166603088379,15.945133178228726,15.737809399579866,15.85089444340493,50700
8807,2015-02-17,15.982832908630371,16.02052913407717,15.803781230122963,15.926290367915135,83200
8808,2015-02-18,16.143030166625977,16.15245421825596,15.860315807542701,15.926282371498528,50100
8809,2015-02-19,16.670772552490234,16.689618865394905,16.05822334544744,16.07706965835211,81400
8810,2015-02-20,16.60479736328125,16.680187968215794,16.218418490856177,16.595373312982705,95900
8811,2015-02-23,16.293821334838867,16.510569238242848,16.133615972006588,16.510569238242848,42400
8812,2015-02-24,16.416322708129883,16.519985481362585,16.246693369186954,16.28438957670943,41100
8813,2015-02-25,16.45401954650879,16.68961548593157,16.246695766900316,16.38805297106311,60700
8814,2015-02-26,16.642499923706055,16.736738675425205,16.369209520920673,16.43517610788767,45900
8815,2015-02-27,16.45401954650879,16.67076917684307,16.43517323742029,16.548258281768774,64300
8816,2015-03-02,16.689620971679688,16.887522560519802,16.350363929668717,16.529417405770733,168700
8817,2015-03-03,16.614229202270508,16.755588240856763,16.49172007261124,16.58595883251713,40000
8818,2015-03-04,16.312665939331055,16.49171939606134,16.246699349339572,16.472871285362412,32200
8819,2015-03-05,16.312665939331055,16.397480640021467,16.171308703998626,16.274971515387964,43400
8820,2015-03-06,16.22785186767578,16.293820257679144,16.114766794008265,16.114766794008265,61200
8821,2015-03-09,16.199581146240234,16.378632808568476,16.171308979709817,16.303242161942165,59300
8822,2015-03-10,16.143030166625977,16.227844833841772,16.020521090344307,16.114759809190083,83800
8823,2015-03-11,16.27497100830078,16.331513541181078,16.114765667261018,16.171308200141315,60300
8824,2015-03-12,16.4822940826416,16.5294143557923,16.02052619049255,16.303240639578213,70800
8825,2015-03-13,16.491724014282227,16.604810912689054,16.274976072912356,16.510572130259245,70800
8826,2015-03-16,16.783851623535156,16.79327567534802,16.557679772388695,16.64249444125038,145800
8827,2015-03-17,16.915788650512695,16.962907117969774,16.55768182700336,16.670768665336393,74100
8828,2015-03-18,17.0006103515625,17.10427138227345,16.802708752105122,16.83098092272905,113200
8829,2015-03-19,16.74616050720215,17.06657114203826,16.651921767993684,16.953484295497212,51600
8830,2015-03-20,16.689620971679688,16.868674447781704,16.585959946530068,16.859250391412655,171500
8831,2015-03-23,16.812131881713867,16.82155593806873,16.61423029317167,16.66135057494598,57100
8832,2015-03-24,17.104267120361328,17.170233704591713,16.774432401754797,16.88751925861732,94600
8833,2015-03-25,16.75481605529785,17.094824177285286,16.67925889501451,17.094824177285286,104500
8834,2015-03-26,16.650922775268555,16.820926820854474,16.575365621833104,16.584810491190616,67000
8835,2015-03-27,16.6698055267334,16.698140122929313,16.358132174273866,16.61313813576545,53400
8836,2015-03-30,16.679256439208984,16.735923850721747,16.575364683581814,16.726478981898865,94400
8837,2015-03-31,16.990934371948242,17.047601798360088,16.53759135780346,16.53759135780346,133800
8838,2015-04-01,17.00037384033203,17.085375853647644,16.8114800770919,16.915371827016415,72800
8839,2015-04-02,16.972036361694336,17.170374959656,16.89647922947659,16.905924096181824,114800
8840,2015-04-06,16.953157424926758,17.06649228267594,16.868155380902326,16.92482280977692,58700
8841,2015-04-07,16.868144989013672,17.123149162562505,16.811475793625952,16.93425724887537,66400
8842,2015-04-08,16.953157424926758,17.274275857591253,16.820931022319265,16.868155380902326,77100
8843,2015-04-09,16.70758819580078,17.066484142729394,16.64147592674216,16.924814737400315,44900
8844,2015-04-10,16.76426124572754,16.830373537060183,16.72648176415184,16.81148379627233,39500
8845,2015-04-13,16.48091697692871,16.74536605621092,16.471472109608026,16.613141516569815,76300
8846,2015-04-14,16.52815055847168,16.641487240642686,16.40537080409309,16.424258749933713,104400
8847,2015-04-15,16.896484375,17.123155840681996,16.547033207607843,16.622590362835172,125000
8848,2015-04-16,16.75481605529785,16.981487536147874,16.71703837586858,16.830373215581194,67600
8849,2015-04-17,16.37702751159668,16.707590708018774,16.19757861043763,16.603698954491247,64800
8850,2015-04-20,16.75481605529785,16.81148347515416,16.452587414164487,16.452587414164487,55000
8851,2015-04-21,16.6698055267334,16.773697244694535,16.462023892235003,16.773697244694535,109600
8852,2015-04-22,16.85870361328125,16.934260754683084,16.424248699152447,16.632032189075748,196300
8853,2015-04-23,16.75481605529785,16.849262956008225,16.650924284373957,16.75481605529785,26300
8854,2015-04-24,16.698143005371094,16.754810406120995,16.56591846981326,16.754810406120995,57400
8855,2015-04-27,16.877599716186523,16.990934570333508,16.58481410655259,16.58481410655259,75300
8856,2015-04-28,17.283714294433594,17.92595098759062,16.49036329717193,16.783148837621194,180800
8857,2015-04-29,17.160932540893555,17.519828519766985,16.99092851879716,17.113710002055395,133800
8858,2015-04-30,16.943708419799805,17.113712466376253,16.91537381156218,17.09482272755117,143300
8859,2015-05-01,17.028709411621094,17.160933972538242,16.9153727869603,16.97204019857843,72800
8860,2015-05-04,17.00982093811035,17.36871697359771,16.98148632948319,17.36871697359771,116300
8861,2015-05-05,16.98148536682129,17.085377124473364,16.773703652941702,16.972040497814323,101800
8862,2015-05-06,17.085378646850586,17.15149093436567,16.849262304911164,17.00982148948696,76900
8863,2015-05-07,17.1514892578125,17.359270969895686,16.972040351080693,17.01926469570725,112200
8864,2015-05-08,17.38760757446289,17.519832151760404,17.057044329794348,17.359272964431383,133100
8865,2015-05-11,17.510393142700195,17.567060574475956,17.132605460394657,17.321499301547426,135800
8866,2015-05-12,17.47261619567871,17.58595287714274,17.198720266305482,17.368724387788806,76600
8867,2015-05-13,17.359275817871094,17.57650426097016,17.293163518355094,17.54816964628114,132900
8868,2015-05-14,17.661508560180664,17.84095573853018,17.36872290859407,17.39705752690334,126000
8869,2015-05-15,17.567052841186523,17.614275379974032,17.368714215145342,17.557607973144144,75100
8870,2015-05-18,17.784284591674805,17.850396885839874,17.45372131942455,17.500945673417387,79000
8871,2015-05-19,17.69927978515625,17.92595124456259,17.444273717789883,17.812616415571735,63200
8872,2015-05-20,17.652061462402344,17.75595144692396,17.510391991563733,17.73706350519052,69400
8873,2015-05-21,17.718170166015625,17.793727321889744,17.548166114942685,17.74650477500268,66400
8874,2015-05-22,17.58595085144043,17.878734692811083,17.415946749539653,17.718175463396488,49500
8875,2015-05-26,17.349830627441406,17.567057242568545,17.189271433342036,17.567057242568545,109300
8876,2015-05-27,17.812618255615234,17.92595309631358,17.33094067908523,17.37816322913874,55400
8877,2015-05-28,17.73706817626953,17.78429074517684,17.62373148889625,17.718178428136397,45600
8878,2015-05-29,17.80317497253418,18.03929134670194,17.425389134150755,17.67094857803125,94300
8879,2015-06-01,17.92595863342285,18.095962748407374,17.567062458453034,17.93540350663592,59400
8880,2015-06-02,18.010963439941406,18.30374734853292,17.81262647647073,17.81262647647073,43000
8881,2015-06-03,18.190404891967773,18.303739737847692,17.963733398783038,18.029845692450476,45800
8882,2015-06-04,17.90706443786621,18.19985003045073,17.803174461185343,18.06762363974565,39000
8883,2015-06-05,17.708728790283203,18.010957473409363,17.57650419177177,17.840953388794635,133600
8884,2015-06-08,17.51983642578125,17.888179240350226,17.472613865633402,17.642617964445975,107400
8885,2015-06-09,17.633169174194336,17.83150604445681,17.47260998337123,17.48205485358727,37600
8886,2015-06-10,17.90706443786621,18.13373773581065,17.765394977719627,17.765394977719627,66700
8887,2015-06-11,17.812618255615234,17.944842836904908,17.72761622437907,17.916508226017918,52300
8888,2015-06-12,17.718170166015625,17.803172191552097,17.642613010141506,17.77483758256504,51000
8889,2015-06-15,17.64261245727539,17.727614480148155,17.340383843249842,17.53872069566987,73800
8890,2015-06-16,17.708728790283203,17.755951346487272,17.510391892516054,17.5481695771943,88500
8891,2015-06-17,17.840946197509766,17.954282808711156,17.727611387732697,17.869280800666193,45000
8892,2015-06-18,18.0959529876709,18.15262039495824,17.81261414980979,17.859836688978508,78800
8893,2015-06-19,18.13374137878418,18.275410867391418,17.69928623877332,18.11485163325647,140400
8894,2015-06-22,18.171512603759766,18.256514626969047,17.840949380326407,18.143177995548456,47700
8895,2015-06-23,18.48318862915039,18.48318862915039,18.01095590259499,18.114847678893142,84800
8896,2015-06-24,18.350692749023438,18.39801382519852,18.246589991667218,18.39801382519852,92400
8897,2015-06-25,18.350692749023438,18.36962117949347,18.15194964443153,18.36962117949347,70500
8898,2015-06-26,18.331762313842773,18.40747421487349,17.96266521684318,18.398010001605385,249100
8899,2015-06-29,18.09516143798828,18.369616387753894,18.009985328205914,18.085697225222017,110700
8900,2015-06-30,18.237125396728516,18.312837311917818,18.08570156634991,18.293908881841883,89200
8901,2015-07-01,18.180335998535156,18.416935905679743,18.142480952051322,18.284440535315266,100300
8902,2015-07-02,17.991058349609375,18.256050913034837,17.98159413608195,18.256050913034837,71300
8903,2015-07-06,18.047853469848633,18.17088651996999,17.631436831547255,17.79232495508765,155400
8904,2015-07-07,17.96267318725586,18.08570620921941,17.896425470097753,18.02892090441397,136600
8905,2015-07-08,17.744998931884766,17.924815426493296,17.480006297994017,17.77339158001705,242100
8906,2015-07-09,17.62196922302246,17.99106465436645,17.498936209164604,17.99106465436645,81900
8907,2015-07-10,17.877487182617188,17.896415607120602,17.74499182132111,17.773384458076233,63600
8908,2015-07-13,17.981597900390625,18.151950169317914,17.820709846972022,18.03838138832821,49500
8909,2015-07-14,18.0667724609375,18.104627514559905,17.858565153228323,17.981596333894114,38300
8910,2015-07-15,18.019447326660156,18.085695002769175,17.839630916425822,18.085695002769175,42400
8911,2015-07-16,18.10462760925293,18.369620206453277,17.99106064267734,18.10462760925293,84100
8912,2015-07-17,18.047853469848633,18.114101202168445,17.943748858994457,18.104636982534856,57900
8913,2015-07-20,17.991058349609375,18.104625301710175,17.830170329871443,18.019450990191654,80500
8914,2015-07-21,18.038375854492188,18.199263858553362,17.953199746158976,18.000520809185193,49900
8915,2015-07-22,18.284440994262695,18.331762059947813,17.94373654178617,17.972129181197243,137200
8916,2015-07-23,18.000524520874023,18.445331774355353,17.953203448090253,18.284443737119236,49700
8917,2015-07-24,17.877487182617188,18.02891096841668,17.78284867032794,17.924808243875727,88100
8918,2015-07-27,17.726062774658203,17.782848046175367,17.470534468172517,17.754455410416785,102900
8919,2015-07-28,17.7639217376709,17.905881323140708,16.93108904071697,16.93108904071697,103300
8920,2015-07-29,17.83016586303711,17.98158963131275,17.4989256930165,17.527318326485823,178000
8921,2015-07-30,17.85856819152832,17.98159939312556,17.688215908459306,17.716606752227687,91500
8922,2015-07-31,17.78285789489746,18.0289203206271,17.716608374769642,17.934281759245632,97600
8923,2015-08-03,17.839637756347656,17.877492812160963,17.650357061937676,17.79231668018792,183800
8924,2015-08-04,17.79231071472168,17.991055557727766,17.72606303542428,17.877486818136592,71800
8925,2015-08-05,17.839637756347656,18.15194963854399,17.754461624374613,17.934278103552646,84300
8926,2015-08-06,17.839637756347656,17.972133159365953,17.584109360428528,17.905885457856805,67300
8927,2015-08-07,17.981597900390625,18.03838138832821,17.726069496999692,17.726069496999692,97800
8928,2015-08-10,18.038375854492188,18.237120708974334,17.93427312606247,18.10462353761491,80200
8929,2015-08-11,17.991058349609375,18.0573060391872,17.849098756926296,17.98159413608195,105900
8930,2015-08-12,18.0667724609375,18.360155895690063,17.697677113825748,17.697677113825748,77500
8931,2015-08-13,17.9058837890625,18.18980299910226,17.801779236327906,18.095164465831882,85700
8932,2015-08-14,18.123558044433594,18.142486475995774,17.849103007240313,17.849103007240313,31700
8933,2015-08-17,18.15195083618164,18.20873432620533,17.981598560995977,18.038382051019664,31200
8934,2015-08-18,18.085708618164062,18.180347195215464,17.905892072559126,18.13302790668976,89300
8935,2015-08-19,17.877487182617188,18.03837518066839,17.697672565176486,17.953199075516935,44400
8936,2015-08-20,17.7639217376709,17.981593222398878,17.60303372610803,17.688209838412728,115800
8937,2015-08-21,17.65035057067871,17.84909540722837,17.42321490398897,17.830166983725768,205700
8938,2015-08-24,16.940553665161133,17.366434237027043,16.931089451884766,17.26232969610113,239000
8939,2015-08-25,16.912168502807617,17.413759338890397,16.893240069906266,17.413759338890397,269100
8940,2015-08-26,17.091983795166016,17.20555259141385,16.959488370472524,17.20555259141385,223900
8941,2015-08-27,17.25286865234375,17.432685127400507,17.025732907326265,17.13930168239223,98300
8942,2015-08-28,17.593578338623047,17.61250677421128,17.082521408430612,17.167697563462685,91300
8943,2015-08-31,17.839637756347656,17.849101971579604,17.555716714732682,17.555716714732682,60000
8944,2015-09-01,17.224477767944336,17.716604311654468,17.205549337963138,17.53678964217638,170700
8945,2015-09-02,17.470535278320312,17.50839212775393,17.158223490948718,17.385360977322545,47300
8946,2015-09-03,17.54625701904297,17.773392804404445,17.43268822380485,17.716607504228005,68200
8947,2015-09-04,17.527318954467773,17.659814305177676,17.319109911793618,17.33803833478468,91800
8948,2015-09-08,17.839637756347656,17.905885457856805,17.659821277169623,17.754461624374613,127300
8949,2015-09-09,17.66928482055664,18.019453550366183,17.64089217594038,17.905884777015558,58200
8950,2015-09-10,17.593578338623047,17.782859084275426,17.49893796579686,17.60304255641716,53200
8951,2015-09-11,17.65035057067871,17.65981478243001,17.394822268735073,17.498926792885552,57800
8952,2015-09-14,17.423219680786133,17.659819624094055,17.34750777113217,17.659819624094055,71900
8953,2015-09-15,17.593578338623047,17.735537995304846,17.413761810764786,17.480009530208626,206900
8954,2015-09-16,17.58411407470703,17.697682882823567,17.46108285393617,17.58411407470703,222500
8955,2015-09-17,17.726062774658203,17.849095724498206,17.574638994173466,17.584103206092994,132900
8956,2015-09-18,17.25286865234375,17.744997002438854,17.19608516736799,17.51786125742137,235600
8957,2015-09-21,17.375904083251953,17.527327934534412,17.24340685954378,17.356975650562973,101400
8958,2015-09-22,17.044658660888672,17.205546680651636,16.95948254424274,17.196082467122736,131600
8959,2015-09-23,17.19642448425293,17.35767068445311,16.997238959428913,17.120544025872423,114300
8960,2015-09-24,17.395605087280273,17.395605087280273,16.968776543335853,17.08259809143174,102700
8961,2015-09-25,17.49994468688965,17.708615454133774,17.40509368027596,17.547369285630253,124600
8962,2015-09-28,17.395605087280273,17.594790535032914,17.25332950900951,17.414575646818278,112900
8963,2015-09-29,17.395605087280273,17.49994135560716,17.272298259415383,17.45251495676215,79400
8964,2015-09-30,17.556848526000977,17.632728943355442,17.329207273937573,17.575819082622555,94400
8965,2015-10-01,17.291271209716797,17.65170465424537,17.11105629658489,17.547368371492514,87800
8966,2015-10-02,17.329208374023438,17.329208374023438,17.04465543403142,17.167962250767552,94300
8967,2015-10-05,17.983686447143555,18.01214229988005,17.35767216000457,17.41458386547756,113200
8968,2015-10-06,17.983686447143555,18.163903229542047,17.898322507200046,18.00265701563455,68100
8969,2015-10-07,18.41051483154297,18.41051483154297,17.869866304081214,18.05956836700563,129400
8970,2015-10-08,18.524330139160156,18.581240015054323,18.325142859832066,18.35359870234532,103400
8971,2015-10-09,18.47690200805664,18.742484419294403,18.410506857530244,18.581238278387936,48800
8972,2015-10-12,18.657121658325195,18.685577502677383,18.419995049454325,18.524331336279893,56100
8973,2015-10-13,18.505359649658203,18.704545120630808,18.505359649658203,18.533815492282436,71500
8974,2015-10-14,18.40102195739746,18.60969450236729,18.334626805500587,18.46741710929433,74600
8975,2015-10-15,18.74248504638672,18.751970326655304,18.344112320767273,18.514843747337352,57400
8976,2015-10-16,18.524330139160156,18.742486171031413,18.401023297401736,18.742486171031413,62300
8977,2015-10-19,18.543298721313477,18.62866443893649,18.39153784756863,18.495874126692833,39000
8978,2015-10-20,18.657121658325195,18.770943226601492,18.467419647575518,18.5433000900489,41400
8979,2015-10-21,18.39154052734375,18.78042804912006,18.372571772211003,18.78042804912006,105100
8980,2015-10-22,18.90373420715332,18.989099934051122,18.524331981570047,18.524331981570047,140500
8981,2015-10-23,19.036521911621094,19.207253341899136,18.770941294861707,19.05549247257027,68600
8982,2015-10-26,19.121889114379883,19.197769554947563,18.846823195746687,18.97961351445703,94400
8983,2015-10-27,16.466073989868164,18.249265475680332,15.991820723423874,18.21132615511376,668400
8984,2015-10-28,17.25333023071289,17.272298981912222,16.52297994013853,16.52297994013853,174000
8985,2015-10-29,17.25333023071289,17.29126954224376,16.854957509411623,16.997233093633746,104200
8986,2015-10-30,17.243844985961914,17.310240138126453,17.044657720336094,17.262815546332416,121200
8987,2015-11-02,17.395605087280273,17.49994135560716,17.120537401375618,17.224873669702504,59800
8988,2015-11-03,17.632728576660156,17.88882565833006,17.300751079213818,17.329206913554412,116600
8989,2015-11-04,17.53788185119629,17.756037873235332,17.49045725827728,17.632732846166558,76400
8990,2015-11-05,17.395605087280273,17.594790535032914,17.329209938029393,17.54736594532004,77800
8991,2015-11-06,17.37663459777832,17.395605157392787,17.22487373912689,17.300754168452606,97000
8992,2015-11-09,17.42406463623047,17.499945081405556,17.13002632818604,17.376638227288215,95400
8993,2015-11-10,17.689640045166016,17.718095882094804,17.300752652799154,17.32920848972794,125000
8994,2015-11-11,17.27230453491211,17.72758908358076,17.23436521118385,17.67067738428919,91700
8995,2015-11-12,17.243844985961914,17.51891087480531,17.082598841077093,17.13950871305638,70600
8996,2015-11-13,17.15848159790039,17.405093488728966,17.035174747919875,17.148996316430164,57900
8997,2015-11-16,17.414579391479492,17.46200399139009,17.101572328324977,17.101572328324977,86700
8998,2015-11-17,17.40509033203125,17.70861204750011,17.281783504414445,17.376634492781495,115300
8999,2015-11-18,17.70861053466797,17.756035120233985,17.405088845128716,17.642215391222752,70500
9000,2015-11-19,17.670669555664062,17.76552053666213,17.499939960825927,17.74654997863612,37100
9001,2015-11-20,17.793983459472656,17.879349195451347,17.471491081138197,17.793983459472656,187700
9002,2015-11-23,17.718101501464844,17.784496666224207,17.528399480038765,17.756040820270528,36800
9003,2015-11-24,17.727590560913086,17.775015171808747,17.499949172174613,17.63273952998882,51000
9004,2015-11-25,17.82244300842285,17.869867623087973,17.68965083092095,17.708621400440233,45300
9005,2015-11-27,18.031108856201172,18.040594138336065,17.793982230226614,17.793982230226614,27400
9006,2015-11-30,18.002649307250977,18.182866012484187,17.898314843490454,18.050075708171406,81400
9007,2015-12-01,18.163894653320312,18.258745641857686,17.983677956012514,18.078528944549888,63900
9008,2015-12-02,18.192352294921875,18.296688573562705,18.12595713910764,18.173381733508574,61300
9009,2015-12-03,18.021617889404297,18.486385712614144,17.907796348821552,18.296685557152255,52900
9010,2015-12-04,18.239782333374023,18.344118643156246,17.955231063773407,18.012140955866958,78200
9011,2015-12-07,18.239782333374023,18.287208751062693,17.85089475399118,18.10699198211145,108300
9012,2015-12-08,17.575828552246094,18.03111130167321,17.44303639348023,18.03111130167321,71900
9013,2015-12-09,17.243844985961914,17.604276587340348,17.054143000521343,17.499942123567024,76500
9014,2015-12-10,17.073116302490234,17.158482028733285,16.883414286587342,17.158482028733285,72900
9015,2015-12-11,16.95928955078125,17.073111087381854,16.78855995957827,16.78855995957827,79500
9016,2015-12-14,16.94032859802246,17.035177811517467,16.333283138684287,16.930843314846403,175200
9017,2015-12-15,17.215389251708984,17.272299124039684,16.93083808092327,17.044657825584668,46900
9018,2015-12-16,17.348478317260742,17.37699701653595,17.139346628628267,17.300948964930633,65600
9019,2015-12-17,17.158357620239258,17.47205606594192,17.14885320008856,17.367491126126772,62700
9020,2015-12-18,17.053787231445312,17.167858368092077,16.70206396500707,16.98724543288003,231600
9021,2015-12-21,16.949222564697266,17.196379141536692,16.835149601106664,17.09181240933933,88900
9022,2015-12-22,16.949222564697266,17.04428306550139,16.77811402587549,17.034776834108154,98900
9023,2015-12-23,16.958728790283203,17.46254817518277,16.816138945689964,17.02527059688483,65700
9024,2015-12-24,17.33896827697754,17.529089270809433,17.04428236835346,17.12033040326058,149000
9025,2015-12-28,17.31995964050293,17.51958690943177,16.901696262694202,17.310453407398835,76500
9026,2015-12-29,17.823781967163086,17.84279443641232,17.24391434696348,17.396010474699626,75400
9027,2015-12-30,17.243911743164062,17.833285508993917,17.110828104772537,17.833285508993917,68400
9028,2015-12-31,16.76860237121582,17.491059405292084,16.730579271068468,17.262915365025002,220400
9029,2016-01-04,16.29330825805664,16.53095862034161,16.12219970711092,16.473923041069163,154100
9030,2016-01-05,16.321823120117188,16.50243786070172,16.055654124157243,16.28379820078236,73000
9031,2016-01-06,15.951094627380371,16.169732548258743,15.856034109959342,16.12220138298395,69600
9032,2016-01-07,15.599370956420898,15.770479521857528,15.4852997882155,15.684925239139213,105200
9033,2016-01-08,15.18110179901123,15.722945113079541,15.162089339383163,15.656401504381302,146200
9034,2016-01-11,15.29517650604248,15.361718313224088,15.02900837075192,15.24764716180655,67400
9035,2016-01-12,15.276165008544922,15.466286023760745,14.943455045045605,15.409248631318974,91800
9036,2016-01-13,14.705805778503418,15.36172042887301,14.61074526381136,15.276166146963007,71900
9037,2016-01-14,14.791359901428223,14.981480022204575,14.55370952381672,14.800865227543856,57000
9038,2016-01-15,14.163962364196777,14.658275592498475,13.821746141455476,14.401612745519303,156200
9039,2016-01-19,14.049886703491211,14.316055715354805,13.840755074037851,14.316055715354805,76800
9040,2016-01-20,14.297040939331055,14.36358272823936,13.60310255053336,13.831246603845159,92800
9041,2016-01-21,14.059395790100098,14.401611995007471,14.04038423199846,14.3255639494725,86400
9042,2016-01-22,14.25901985168457,14.325561654225263,14.030875751632992,14.325561654225263,68800
9043,2016-01-25,13.888284683227539,14.163959024294291,13.840755343421998,14.163959024294291,54900
9044,2016-01-26,14.173466682434082,14.220996933590921,13.859768293988735,13.907298545145574,80700
9045,2016-01-27,13.783720016479492,14.182972668792303,13.717178209948731,14.182972668792303,72800
9046,2016-01-28,13.964334487915039,14.059394992724524,13.660142323027344,13.878781121463495,72800
9047,2016-01-29,14.971969604492188,15.029006078064123,14.021368359762524,14.03087458978518,175200
9048,2016-02-01,14.487162590026855,15.209619745514132,14.449138576925629,14.829379614501871,86500
9049,2016-02-02,14.021373748779297,14.401614030188252,13.916807898032918,14.278036618653598,64200
9050,2016-02-03,14.078407287597656,14.154455327908225,13.821744471626367,14.154455327908225,52600
9051,2016-02-04,13.878780364990234,14.32556235617581,13.831250115176164,14.087912013669568,38700
9052,2016-02-05,13.355952262878418,13.869277075302351,13.355952262878418,13.783722788804312,141900
9053,2016-02-08,13.04224967956543,13.156321723189357,12.234238237357578,12.880647391123858,144500
9054,2016-02-09,12.785592079162598,13.032748727052073,12.50991763545953,12.738061815097023,97100
9055,2016-02-10,12.58596420288086,12.975710690186094,12.557446410448941,12.918675105322258,84500
9056,2016-02-11,12.709538459777832,12.804598946326879,12.329298326709619,12.405346353323262,54000
9057,2016-02-12,12.728553771972656,12.880649859282173,12.604975474392628,12.8331196053569,75100
9058,2016-02-16,13.137310981750488,13.184841232787813,12.766577018100458,12.909166864648295,64700
9059,2016-02-17,13.289407730102539,13.39397446897156,13.232372151232328,13.260889940667434,78800
9060,2016-02-18,13.241875648498535,13.451007269918014,13.213356958388975,13.355947689244795,61100
9061,2016-02-19,13.384471893310547,13.517556457970402,13.241882000618466,13.241882000618466,51500
9062,2016-02-22,13.517552375793457,13.755202729554982,13.49853991234174,13.508046144067599,72400
9063,2016-02-23,13.50804615020752,13.812238313060009,13.498539918477341,13.498539918477341,45700
9064,2016-02-24,13.650636672973633,13.707673159602843,13.289408008493174,13.346444495122384,67400
9065,2016-02-25,13.717177391052246,13.736188946112875,13.451008367690878,13.66014091274222,53400
9066,2016-02-26,13.641131401062012,13.764708793877618,13.479529079301043,13.764708793877618,70300
9067,2016-02-29,13.745697021484375,13.85976908684789,13.59360093433302,13.63162495612086,81700
9068,2016-03-01,13.983346939086914,14.030877191449454,13.707672563261168,13.81223839320743,50900
9069,2016-03-02,13.964334487915039,14.106925245129267,13.78372061665401,13.9833469515026,70600
9070,2016-03-03,14.030875205993652,14.125934790703052,13.812236438690368,13.983344960356936,86300
9071,2016-03-04,13.935816764831543,14.068901290879735,13.831250934299213,14.040383501928039,55700
9072,2016-03-07,14.268527030944824,14.449140895516981,13.764707643302875,13.954828645880886,156600
9073,2016-03-08,14.030875205993652,14.743826170852305,14.002356514673203,14.220995281976485,62300
9074,2016-03-09,14.182974815368652,14.230505072897468,13.95483066710745,14.078408974056666,38100
9075,2016-03-10,14.173466682434082,14.477658839335234,14.10692487475299,14.230503165135117,68000
9076,2016-03-11,14.382598876953125,14.382598876953125,14.116430746449614,14.278033052324918,37300
9077,2016-03-14,14.363584518432617,14.487162789352887,14.087910193014784,14.373090748479713,44400
9078,2016-03-15,14.173466682434082,14.344575223973049,14.087912411664599,14.259020953203565,82200
9079,2016-03-16,14.449139595031738,14.534693857178762,14.08791099183544,14.16395902339634,43300
9080,2016-03-17,14.686792373657227,14.762840417921579,14.458648240864166,14.458648240864166,64500
9081,2016-03-18,15.124068260192871,15.238141226959213,14.772345847928403,14.772345847928403,211200
9082,2016-03-21,14.8864164352417,15.105055208919833,14.810368402631232,15.0670311926146,67000
9083,2016-03-22,14.733931541442871,14.895947678569302,14.629097944608093,14.867356862866298,60600
9084,2016-03-23,14.733931541442871,14.876886528843537,14.524263438887669,14.648158185448214,70900
9085,2016-03-24,14.571914672851562,14.67674826442402,14.457550506894627,14.67674826442402,63500
9086,2016-03-28,14.533794403076172,14.619567761368492,14.286004903317394,14.533794403076172,57500
9087,2016-03-29,15.162798881530762,15.181860033103206,14.448022057507231,14.533795421811773,83300
9088,2016-03-30,15.143736839294434,15.324813213286468,14.962659556416774,15.229509284520793,67300
9089,2016-03-31,15.000784873962402,15.248574426526059,14.962663474251523,15.191391872516807,103600
9090,2016-04-01,15.134207725524902,15.15326796778652,14.610037884487543,14.867357971662246,58300
9091,2016-04-04,14.8768892288208,15.115148190320156,14.705343394583617,15.115148190320156,56500
9092,2016-04-05,14.581445693969727,14.772052643070936,14.55285487882595,14.724400678574227,65800
9093,2016-04-06,14.733931541442871,14.752991782282992,14.46708180748166,14.571915404316439,50100
9094,2016-04-07,14.686281204223633,14.895949330023905,14.352719227012843,14.619568990558623,193500
9095,2016-04-08,14.8864164352417,15.01984175067375,14.743461454260332,14.83876447195271,65400
9096,2016-04-11,14.895949363708496,15.096086914041845,14.762524027191015,14.95313100158331,48900
9097,2016-04-12,15.124678611755371,15.162800008848764,14.848298255606815,14.895950229195007,72600
9098,2016-04-13,15.648844718933105,15.677436441502872,15.143736102379789,15.200917729748161,81700
9099,2016-04-14,15.601189613342285,15.639310082429013,15.46776342711202,15.572597898199223,69100
9100,2016-04-15,15.639317512512207,15.648848088754441,15.505893080664018,15.544013567861407,47700
9101,2016-04-18,15.620256423950195,15.639317576512669,15.448709686431048,15.544013631471858,55900
9102,2016-04-19,15.677434921264648,15.77273701838012,15.343872128047554,15.62978205493593,41500
9103,2016-04-20,15.677434921264648,15.68696367675941,15.467765944960254,15.620251481670188,45600
9104,2016-04-21,15.677434921264648,15.68696367675941,15.458235371694512,15.648843201467418,49400
9105,2016-04-22,15.877575874328613,15.906167601991203,15.725090295671096,15.725090295671096,79800
9106,2016-04-25,15.772735595703125,15.829919030139727,15.563068456081375,15.772735595703125,66600
9107,2016-04-26,16.020532608032227,16.020532608032227,15.686969687014898,15.820395946084837,46700
9108,2016-04-27,16.306446075439453,16.354097146968208,15.906170894173579,16.020534192951338,88800
9109,2016-04-28,16.06818199157715,16.239728703166712,16.010998542533105,16.13489419769058,76500
9110,2016-04-29,15.79179859161377,15.963345279490465,15.629782477260338,15.93475355892067,72800
9111,2016-05-02,15.458237648010254,15.744149434771794,15.324813238184285,15.744149434771794,93300
9112,2016-05-03,17.021217346191406,18.19345076324885,16.20160610283193,16.516107795646644,297500
9113,2016-05-04,17.1832332611084,17.307127094615314,16.516107585320068,16.763897070105127,109600
9114,2016-05-05,16.821077346801758,17.36430732762427,16.802016199250176,17.307125702740606,96000
9115,2016-05-06,16.763898849487305,16.97356605835818,16.58282154950662,16.773429425041172,109900
9116,2016-05-09,16.582813262939453,16.73529876006028,16.430327765818625,16.71623943624806,53000
9117,2016-05-10,16.744834899902344,16.840138821741974,16.4493943781935,16.678122699945938,47000
9118,2016-05-11,16.84014129638672,16.868733022471474,16.563760064214918,16.735306785180672,76400
9119,2016-05-12,16.659067153930664,16.906856706928885,16.62094666303879,16.859205638871114,60500
9120,2016-05-13,16.573291778564453,16.887793516025127,16.506579564219994,16.563761202547887,81500
9121,2016-05-16,16.67812728881836,16.88779452033715,16.554233428778076,16.554233428778076,50800
9122,2016-05-17,15.99194049835205,16.68765615780125,15.896636560042374,16.573291068275353,95000
9123,2016-05-18,16.554229736328125,16.58281964192952,15.96334684435937,15.96334684435937,76300
9124,2016-05-19,16.516109466552734,16.678125616682795,16.068183318673828,16.401744376790337,89400
9125,2016-05-20,16.754369735717773,16.973567539267076,16.64953521325003,16.64953521325003,89200
9126,2016-05-23,16.535171508789062,16.887793737161896,16.525640932647697,16.821081521943874,108200
9127,2016-05-24,16.97357177734375,17.030755249934064,16.67813110671525,16.67813110671525,112500
9128,2016-05-25,17.011688232421875,17.192765531038475,16.84014150928735,17.07840044302499,57400
9129,2016-05-26,17.11651611328125,17.364305552811917,16.94497125616392,17.09745678544881,25000
9130,2016-05-27,17.1832332611084,17.19276383565066,17.011686554890186,17.087929333457033,30400
9131,2016-05-31,17.040279388427734,17.297599491965094,16.89732438127527,17.173705637172034,94500
9132,2016-06-01,17.364316940307617,17.38337809841123,16.868739554018195,16.878268315297916,79200
9133,2016-06-02,17.64069366455078,17.67881415301331,17.345253062322637,17.364312397668098,44300
9134,2016-06-03,17.50726890563965,17.735997285514507,17.27853870799321,17.69787497998291,71100
9135,2016-06-06,17.77410888671875,17.974247255152918,17.478668437647105,17.478668437647105,54400
9136,2016-06-07,17.593034744262695,17.88847706287394,17.497732646925897,17.850354769722426,52200
9137,2016-06-08,17.735992431640625,17.76458233519344,17.535854017915497,17.62162736411611,62800
9138,2016-06-09,17.70740509033203,17.78364788161705,17.564450083894062,17.583511236158202,48500
9139,2016-06-10,17.54538345336914,17.612095647692293,17.30712457777448,17.488201832202293,51300
9140,2016-06-13,17.030750274658203,17.431025376995937,16.97356681877317,17.431025376995937,57300
9141,2016-06-14,17.24994659423828,17.288067077131288,16.992626518067926,17.059338726459202,51000
9142,2016-06-15,16.99262809753418,17.297599260110726,16.973566945430267,17.269009349726375,40100
9143,2016-06-16,17.135581970214844,17.19276542274711,16.735306891345946,16.811549676950907,57600
9144,2016-06-17,16.868730545043945,17.173701640739512,16.678122701348656,17.173701640739512,140600
9145,2016-06-20,17.145112991333008,17.269008657268923,16.91638462857221,17.10699250642526,49500
9146,2016-06-21,17.040279388427734,17.202295547939602,16.925916109814377,17.202295547939602,38100
9147,2016-06-22,16.916105270385742,17.059382612771987,16.830141415539916,17.040278724207543,69400
9148,2016-06-23,17.345935821533203,17.365039712485018,16.84924558786991,16.84924558786991,80400
9149,2016-06-24,16.705965042114258,17.049827688791037,16.438516114493787,16.6582071508966,221400
9150,2016-06-27,16.371662139892578,16.495835631187635,15.970489468208218,16.495835631187635,106300
9151,2016-06-28,16.247480392456055,16.47672151667517,16.132858919423242,16.457617634195284,87100
9152,2016-06-29,16.60089874267578,16.62000263163864,16.228382017135647,16.495830997074304,67600
9153,2016-06-30,17.116687774658203,17.154893719489458,16.505378082585384,16.600893855586822,87900
9154,2016-07-01,16.992521286010742,17.126244865898432,16.782382149790504,17.078485143190587,55700
9155,2016-07-05,16.725074768066406,16.877902259549405,16.438521855150228,16.877902259549405,51700
9156,2016-07-06,16.81104278564453,16.90656043649858,16.333456353221944,16.59135346397358,76100
9157,2016-07-07,16.963863372802734,17.021173211179452,16.591346690583688,16.89700159105541,86500
9158,2016-07-08,17.422348022460938,17.47010774561606,16.992521445147787,17.126245026287812,82300
9159,2016-07-11,17.64203453063965,17.651586473780224,17.431897247087576,17.489207084084164,54700
9160,2016-07-12,17.8521785736084,17.947696209585636,17.43190206841697,17.66114330165392,81400
9161,2016-07-13,18.02410888671875,18.02410888671875,17.498762830875453,17.86172946172679,64000
9162,2016-07-14,18.01455307006836,18.176932460164036,17.957241411083857,18.148276630671784,44300
9163,2016-07-15,18.329763412475586,18.348865480609955,18.024108460159017,18.15783204633571,69400
9164,2016-07-18,18.406173706054688,18.492139373037155,18.15782864831054,18.387069819648165,79000
9165,2016-07-19,18.301109313964844,18.453936804623837,18.28200542217062,18.4252827887799,81400
9166,2016-07-20,18.482587814331055,18.559001539699914,17.97634574510804,18.425277975766143,72200
9167,2016-07-21,18.043203353881836,18.492135480706906,17.909479820876836,18.492135480706906,39200
9168,2016-07-22,18.282005310058594,18.425282675789244,17.90948853159263,18.043212129637357,46400
9169,2016-07-25,18.291555404663086,18.339315129022143,18.176935709895748,18.291555404663086,38700
9170,2016-07-26,18.32021713256836,18.35842310249859,18.062320003610104,18.301113236679353,66800
9171,2016-07-27,18.721385955810547,18.769143863784443,18.24379958868195,18.348867350594002,60400
9172,2016-07-28,18.70228385925293,18.883767206301005,18.444386759002654,18.67362801860926,60300
9173,2016-07-29,18.25335121154785,18.301109118676397,17.67069527097325,18.052763993543735,136000
9174,2016-08-01,18.49213981628418,18.49213981628418,17.919035963279676,18.138725196679875,93200
9175,2016-08-02,18.377517700195312,18.549449032511344,18.32975980648391,18.434827537018368,118200
9176,2016-08-03,18.377517700195312,18.473035309464983,18.310655920260604,18.339311749595563,58600
9177,2016-08-04,18.329763412475586,18.453935053661482,18.28200368752161,18.434831163679892,82900
9178,2016-08-05,18.578113555908203,18.69273328319329,18.358422405224303,18.367974352806012,63000
9179,2016-08-08,18.73093605041504,18.874211582022827,18.48259094543283,18.5207969036662,64500
9180,2016-08-09,18.769136428833008,18.902861797513097,18.64496482418009,18.673618828874854,71200
9181,2016-08-10,18.578113555908203,18.84556080080522,18.50169979710224,18.750043146835836,113700
9182,2016-08-11,18.559003829956055,18.66407339849684,18.48259009515743,18.66407339849684,81400
9183,2016-08-12,18.520793914794922,18.836000762203117,18.406174236744818,18.549449745230916,37600
9184,2016-08-15,18.61631202697754,18.692725755009146,18.520794411476285,18.549450242680756,42600
9185,2016-08-16,18.25335121154785,18.568558135399424,18.06231593933892,18.568558135399424,56500
9186,2016-08-17,18.09096908569336,18.301106396387365,17.97634757504847,18.262900440737138,54100
9187,2016-08-18,18.196035385131836,18.20558732874763,17.94769213850906,17.94769213850906,75900
9188,2016-08-19,18.043203353881836,18.196030769272266,17.995445469764764,18.196030769272266,89900
9189,2016-08-22,18.02410888671875,18.043210955305188,17.670694201084267,18.014556941501898,70800
9190,2016-08-23,18.224695205688477,18.26290298851601,17.995453974265352,18.005005919972234,79000
9191,2016-08-24,18.387073516845703,18.40617740709356,18.119624518917483,18.186488134784973,76700
9192,2016-08-25,18.568561553955078,18.57811350150882,18.310664435547213,18.40618208923691,60600
9193,2016-08-26,18.39662742614746,18.797800054948713,18.329765624988493,18.520799082321624,51500
9194,2016-08-29,18.511240005493164,18.587653723360702,18.339310506676263,18.492137942411336,43400
9195,2016-08-30,18.673622131347656,18.69272601908719,18.48258871949334,18.48258871949334,37900
9196,2016-08-31,18.41573143005371,18.606764888544706,18.358419752843705,18.58766099614137,80500
9197,2016-09-01,18.310659408569336,18.444382993914033,18.138728043499178,18.444382993914033,48500
9198,2016-09-02,18.559003829956055,18.568555774536776,18.262900835342283,18.367968582035925,50300
9199,2016-09-06,18.49213981628418,18.559001598462768,18.291552647901486,18.549449655030553,47000
9200,2016-09-07,18.635421752929688,18.64497369965714,18.40618049701352,18.50169814244048,66200
9201,2016-09-08,18.358415603637695,18.654520403424062,18.291553817184983,18.654520403424062,32600
9202,2016-09-09,17.336387634277344,18.090975093829318,17.317283739184145,18.081423146282717,74300
9203,2016-09-12,17.317272186279297,17.5178593072444,17.02116929726524,17.355479950976076,68000
9204,2016-09-13,16.992521286010742,17.527417427408636,16.963865452386038,17.28862427941083,59000
9205,2016-09-14,16.763280868530273,17.068937675869353,16.74417879832261,17.068937675869353,50400
9206,2016-09-15,17.04983139038086,17.059383335067512,16.858796140342143,16.906555863775406,66700
9207,2016-09-16,17.326833724975586,17.489213171187654,16.954316922073346,17.078488582424924,147800
9208,2016-09-19,17.374589920043945,17.508313499636134,17.317278252921177,17.422347820799118,43200
9209,2016-09-20,17.16444969177246,17.517864329146185,17.09758790623211,17.517864329146185,47900
9210,2016-09-21,17.690969467163086,17.70054272193557,17.250610703098747,17.250610703098747,54100
9211,2016-09-22,18.35150909423828,18.361082348830827,17.700542389238105,17.700542389238105,95500
9212,2016-09-23,18.265348434448242,18.29406819320317,17.920718633034276,18.140899798332807,79300
9213,2016-09-26,17.652671813964844,18.12175017068675,17.643098562695705,18.12175017068675,49600
9214,2016-09-27,17.480361938476562,17.73883431887655,17.403777732348217,17.6622501127482,55800
9215,2016-09-28,17.76755714416504,17.80585017072224,17.451646978716138,17.451646978716138,65700
9216,2016-09-29,17.49951171875,17.719691124301782,17.432498928184298,17.719691124301782,44400
9217,2016-09-30,17.805849075317383,17.84414027360693,17.451645905101635,17.556949895743703,83600
9218,2016-10-03,17.595239639282227,17.710116876476757,17.51865542312312,17.7005436212179,58000
9219,2016-10-04,17.537803649902344,17.757983064667712,17.470792682444355,17.614387873556034,34100
9220,2016-10-05,17.75798225402832,17.844139729944686,17.51865633779661,17.700544545388023,47800
9221,2016-10-06,17.882431030273438,17.901577539946334,17.49950996637381,17.738835859550036,39500
9222,2016-10-07,17.55694580078125,17.997304520917673,17.403777391524105,17.997304520917673,41400
9223,2016-10-10,17.58567237854004,17.748414104694305,17.566525863483733,17.719694332109842,35200
9224,2016-10-11,17.12615966796875,17.537800480431653,17.078295221552334,17.518653971500452,41700
9225,2016-10-12,17.09743309020996,17.183590510948697,16.87725200059393,17.078286590954537,38100
9226,2016-10-13,16.68579864501953,16.972988936219085,16.599641192477396,16.972988936219085,63900
9227,2016-10-14,16.666648864746094,16.84853698726226,16.49433399351088,16.781526054206562,56300
9228,2016-10-17,16.44647789001465,16.714521757950425,16.43690463388667,16.714521757950425,42600
9229,2016-10-18,16.025259017944336,16.4943374742326,16.00611251134203,16.46561954024051,62200
9230,2016-10-19,16.034833908081055,16.360317249900103,15.881665491449922,15.881665491449922,89300
9231,2016-10-20,15.805086135864258,16.101849805965255,15.709355389599128,16.006119059700126,109200
9232,2016-10-21,15.785932540893555,15.919954430004028,15.651910651783083,15.651910651783083,75500
9233,2016-10-24,16.46562385559082,16.46562385559082,15.795510556176183,15.986972020555179,95900
9234,2016-10-25,16.369890213012695,16.46562092818231,15.98696917824575,16.41775465764174,83100
9235,2016-10-26,16.322017669677734,16.513479026435515,16.082691886685915,16.2741532434437,61900
9236,2016-10-27,15.747640609741211,16.513482548282585,15.747640609741211,16.513482548282585,47600
9237,2016-10-28,16.800676345825195,17.42292510567261,16.513486015058383,17.231463667887006,95200
9238,2016-10-31,17.422924041748047,17.757978798545466,16.609215719715426,16.944272302424327,131600
9239,2016-11-01,17.71010971069336,17.805840398636064,17.422919472776247,17.566514591734805,81300
9240,2016-11-02,17.231464385986328,17.8537113458535,17.183599937501032,17.710116174485947,44000
9241,2016-11-03,16.7528133392334,17.375060326651145,16.65708261211257,17.375060326651145,55200
9242,2016-11-04,16.178428649902344,16.848541824678737,16.178428649902344,16.80067555453099,85200
9243,2016-11-07,16.896411895751953,17.011289156451422,16.513490736607253,16.609221482871455,99800
9244,2016-11-08,16.896411895751953,17.040007102192202,16.70495222913566,16.84854743557591,46400
9245,2016-11-09,17.997304916381836,17.997304916381836,16.4656207901539,16.75281110734376,88300
9246,2016-11-10,19.14606285095215,19.433253063352094,17.997298349530684,18.428085494041444,145100
9247,2016-11-11,20.629892349243164,20.629892349243164,19.193936914467674,19.193936914467674,199900
9248,2016-11-14,20.725610733032227,21.204262259549882,20.19909478422708,21.204262259549882,127700
9249,2016-11-15,20.58202362060547,20.77348503581286,20.342697764551918,20.77348503581286,61900
9250,2016-11-16,20.725610733032227,20.773476981230395,20.390554299287736,20.582015640259065,72700
9251,2016-11-17,21.443601608276367,21.49146788679993,20.390567217611654,20.72562386362931,163700
9252,2016-11-18,21.587194442749023,21.68292516346622,21.01281377026909,21.44359927462904,172300
9253,2016-11-21,21.443601608276367,21.826522706905763,21.060680509646968,21.49146788679993,65300
9254,2016-11-22,21.395734786987305,21.587194402149994,20.77348784236322,21.587194402149994,118500
9255,2016-11-23,21.395734786987305,21.44359923430007,21.108542625375833,21.395734786987305,107700
9256,2016-11-25,21.539325714111328,21.73078711749016,21.491461276222253,21.491461276222253,41100
9257,2016-11-28,21.491456985473633,21.635052096383497,21.10853425516613,21.443590731229744,103200
9258,2016-11-29,21.252138137817383,21.539328453499444,21.108541154064856,21.539328453499444,82200
9259,2016-11-30,21.156402587890625,21.44359283792495,20.86921051194522,21.44359283792495,76100
9260,2016-12-01,20.869216918945312,21.63506086400826,20.677757302113307,21.204273530790875,68600
9261,2016-12-02,21.10854148864746,21.15640775929418,20.72562045303136,20.86921561314846,52200
9262,2016-12-05,21.491456985473633,21.635052096383497,21.204264937743005,21.491456985473633,107300
9263,2016-12-06,21.778657913208008,21.82652236507012,21.25214163907759,21.49146755021174,130800
9264,2016-12-07,22.161575317382812,22.161575317382812,21.49146397328411,21.778654288481913,73400
9265,2016-12-08,22.54449462890625,22.783820481977063,22.017978482514998,22.25730433558581,148000
9266,2016-12-09,22.640226364135742,22.83168778565734,22.305169789428664,22.68809263247186,129100
9267,2016-12-12,22.783823013305664,22.831689284784677,22.16157609137093,22.640227850691733,117500
9268,2016-12-13,22.7359619140625,23.02315228155961,22.544500451789876,22.97528782894737,97800
9269,2016-12-14,22.783823013305664,22.975284447398607,22.592363405124278,22.735958567738205,65700
9270,2016-12-15,22.975284576416016,23.09973323113718,22.592363531991396,22.735958695411682,134400
9271,2016-12-16,22.975284576416016,23.741126665265256,22.688094249575443,23.071015294000063,1205400
9272,2016-12-19,23.023143768310547,23.406066551262754,22.716807002677704,23.023143768310547,127000
9273,2016-12-20,22.927419662475586,23.214609983452657,22.68809378635752,23.166745538593656,151800
9274,2016-12-21,22.630163192749023,23.013724908768523,22.534272306502515,22.917834022522015,79400
9275,2016-12-22,22.054811477661133,22.77399011280226,22.00686696690473,22.48631939033215,109400
9276,2016-12-23,22.006872177124023,22.102761221338962,21.863034952869054,22.05481669923149,94500
9277,2016-12-27,22.294538497924805,22.4383738643763,22.006867765021816,22.102756790012204,117700
9278,2016-12-28,21.910980224609375,22.419198718192348,21.843857165378882,22.29454186947375,72900
9279,2016-12-29,21.71919822692871,22.08358315689963,21.623307359622356,21.958924480711516,113900
9280,2016-12-30,21.479473114013672,21.67125485881274,21.335637719897502,21.62330850812984,106800
9281,2017-01-03,21.575359344482422,21.815085559421117,21.33563312954373,21.767141048019727,107000
9282,2017-01-04,21.575359344482422,21.719194707652463,21.43152398131238,21.575359344482422,128800
9283,2017-01-05,21.479473114013672,21.604131796822944,21.23974684749797,21.52741946469657,97700
9284,2017-01-06,21.239742279052734,21.527414834375996,21.143851427278314,21.527414834375996,74700
9285,2017-01-09,21.09590721130371,21.383577941689673,20.85618099299344,21.239742576496692,79300
9286,2017-01-10,21.671253204345703,21.71919772240207,21.00001897775984,21.095909842838697,104400
9287,2017-01-11,21.863039016723633,21.91098537670955,21.335641859644902,21.527423641655325,100300
9288,2017-01-12,21.191795349121094,21.719192230242083,21.00001366745946,21.719192230242083,63400
9289,2017-01-13,21.09590721130371,21.431524282731267,20.95207184611073,21.383577941689673,113400
9290,2017-01-17,20.66440200805664,20.952074605292143,20.616457489667127,20.952074605292143,71200
9291,2017-01-18,20.712350845336914,20.856186246762697,20.47262456663849,20.808241722609555,52200
9292,2017-01-19,20.616455078125,20.808236787182302,20.328784343504974,20.808236787182302,66200
9293,2017-01-20,20.616455078125,20.760290445435015,20.47261971081499,20.616455078125,61500
9294,2017-01-23,20.4246768951416,20.712349508390755,20.23289698194174,20.616458637307705,56700
9295,2017-01-24,21.04796028137207,21.14384929450834,20.52056156429415,20.52056156429415,84100
9296,2017-01-25,21.191795349121094,21.38357520181706,21.00001366745946,21.28768618995191,65800
9297,2017-01-26,20.904129028320312,21.14385528703484,20.712349118728415,21.14385528703484,36800
9298,2017-01-27,21.04796028137207,21.095904787940203,20.760287755066198,20.95206943927011,134800
9299,2017-01-30,20.520570755004883,20.904132466235847,20.328790813872654,20.856187938194417,101200
9300,2017-01-31,20.616455078125,20.664399590906363,20.137002634447676,20.4246733690677,75000
9301,2017-02-01,20.232900619506836,20.952079538477697,19.993174313183218,20.952079538477697,78200
9302,2017-02-02,19.99317169189453,20.28084249017996,19.92604862755902,20.23289796678783,63100
9303,2017-02-03,20.56851577758789,20.56851577758789,20.02193831695679,20.184952262274894,69000
9304,2017-02-06,20.232900619506836,20.472626925830458,19.945227954538552,20.472626925830458,64200
9305,2017-02-07,22.102760314941406,22.342486573580537,20.71234911221417,21.095910760243537,204000
9306,2017-02-08,21.575359344482422,22.150702626128464,21.47946849271377,22.150702626128464,84100
9307,2017-02-09,22.054811477661133,22.24659317861844,21.671249904712372,21.671249904712372,53200
9308,2017-02-10,22.150712966918945,22.390439293770953,21.939752628750472,22.294548397236806,68300
9309,2017-02-13,22.438379287719727,22.63016104198587,22.102762132237157,22.19865300937023,69000
9310,2017-02-14,22.198650360107422,22.342485744158044,22.006870457695307,22.246596707435057,66100
9311,2017-02-15,22.4863224029541,22.4863224029541,21.958923569145778,21.958923569145778,38900
9312,2017-02-16,22.294538497924805,22.534264718332597,21.95892142356071,22.486320205837405,78700
9313,2017-02-17,22.34248161315918,22.34248161315918,22.054810898246632,22.34248161315918,86600
9314,2017-02-21,22.294538497924805,22.58220923082779,22.006867765021816,22.342483010419997,69800
9315,2017-02-22,21.958925247192383,22.43837777149338,21.767145334851723,22.342486900839933,72400
9316,2017-02-23,21.671253204345703,22.150705700773855,21.527417821210484,22.102759353751367,82900
9317,2017-02-24,21.76714324951172,21.815087765762136,21.28769077114332,21.33563528739374,58800
9318,2017-02-27,21.76714324951172,21.863032282012554,21.43152614886063,21.623306042828354,89100
9319,2017-02-28,21.000019073486328,21.623306955890897,21.000019073486328,21.623306955890897,98100
9320,2017-03-01,21.815092086791992,21.910982967252494,21.287694987708864,21.431530393916407,85900
9321,2017-03-02,21.383581161499023,21.815089151017713,21.335636642204136,21.815089151017713,42900
9322,2017-03-03,21.335636138916016,21.43152700420999,21.000019024870177,21.43152700420999,52400
9323,2017-03-06,21.04796028137207,21.239740136610294,20.59727387218258,21.095904787940203,36000
9324,2017-03-07,20.808237075805664,21.095907814415863,20.76029073339333,20.952072445110765,39500
9325,2017-03-08,20.56851577758789,20.952077463934497,20.549337236028965,20.952077463934497,52700
9326,2017-03-09,20.4246768951416,20.856184900532213,20.376732374083197,20.472623245166247,55100
9327,2017-03-10,20.56851577758789,20.61646030251882,20.280843141103144,20.56851577758789,88300
9328,2017-03-13,20.904129028320312,21.047966246721995,20.424676510891256,20.472622860013885,76100
9329,2017-03-14,20.808237075805664,20.952072445110765,20.424673652370796,20.808237075805664,46600
9330,2017-03-15,21.327003479003906,21.4518905266911,20.942731693380022,20.942731693380022,64400
9331,2017-03-16,21.423070907592773,21.567173752215762,21.230936835335093,21.375037847614298,60400
9332,2017-03-17,21.711275100708008,21.759308161430305,21.182902271043684,21.423071239342793,265900
9333,2017-03-20,21.18290138244629,21.711274189946007,21.086835265031556,21.6632392988949,55400
9334,2017-03-21,20.51043128967285,21.375039252519464,20.462396394193433,21.32700618938395,72700
9335,2017-03-22,20.606502532958984,20.606502532958984,20.27026554038257,20.366333514310718,91600
9336,2017-03-23,20.942733764648438,21.08683661468122,20.510430711581645,20.654531729270577,83900
9337,2017-03-24,21.08683204650879,21.278966084356213,20.846663124941916,21.03879716278934,75400
9338,2017-03-27,21.038801193237305,21.23093710023607,20.65453121158358,20.942733239737922,45500
9339,2017-03-28,21.230932235717773,21.32700016720568,20.75059441062164,20.990763323169706,102600
9340,2017-03-29,20.46239471435547,21.182901596302404,20.46239471435547,21.182901596302404,64900
9341,2017-03-30,20.702564239501953,20.894700146197614,20.414362211802267,20.55846322565211,106200
9342,2017-03-31,20.46239471435547,20.846666517268837,20.318293704434833,20.70256367500445,189000
9343,2017-04-03,19.64582061767578,20.702562519684093,19.64582061767578,20.55846151780511,142100
9344,2017-04-04,19.213510513305664,19.789916195173465,19.0694095509245,19.597780357103147,135900
9345,2017-04-05,19.06941795349121,19.64582388934103,19.021383056636417,19.309586940733308,120300
9346,2017-04-06,19.64582061767578,19.693853674187558,18.97334683244899,19.165482723183402,95100
9347,2017-04-07,19.5017147064209,19.693850566839608,19.261545797069196,19.549749587697256,65700
9348,2017-04-10,19.357620239257812,19.78992515445729,19.26155227673082,19.5497561643118,43300
9349,2017-04-11,19.74188995361328,19.78992485031053,19.117450955300658,19.213518916351205,91900
9350,2017-04-12,18.925310134887695,19.693849885278308,18.87727525527372,19.645816838007633,52500
9351,2017-04-13,18.637109756469727,19.021379701814162,18.54104181204771,18.877278701352953,74800
9352,2017-04-17,19.213510513305664,19.213510513305664,18.637104831437863,18.781205793819026,88300
9353,2017-04-18,19.357620239257812,19.405655136693298,18.973350221493824,19.069418184020815,60500
9354,2017-04-19,19.5017147064209,19.693850566839608,19.309580678345554,19.5017147064209,95900
9355,2017-04-20,20.030092239379883,20.078125299902577,19.549754304777696,19.645822258166895,56300
9356,2017-04-21,19.885990142822266,19.982056258637567,19.693854246504255,19.934023200729918,65500
9357,2017-04-24,20.174192428588867,20.31829343661004,20.030091420567693,20.31829343661004,64400
9358,2017-04-25,20.414356231689453,20.65452512853286,20.270255260052064,20.462389278120828,54500
9359,2017-04-26,20.51043128967285,20.75060027003824,19.837957411712207,20.318295372442982,97700
9360,2017-04-27,20.894697189331055,21.038798182788767,20.27025832945194,20.462392376614375,74100
9361,2017-04-28,21.230932235717773,21.567169079753743,20.779413507427638,21.08683125465761,167300
9362,2017-05-01,21.08683204650879,21.759303927489956,20.462391384560153,21.375034019451654,119100
9363,2017-05-02,20.702564239501953,21.230937066743117,20.39514825466394,21.038801160047456,121400
9364,2017-05-03,20.798620223999023,20.894688122063265,20.27024953315981,20.510418362149043,81900
9365,2017-05-04,20.894697189331055,20.990765129084046,20.462392376614375,20.894697189331055,53700
9366,2017-05-05,20.65452766418457,20.990764527512088,20.222222863857265,20.990764527512088,57800
9367,2017-05-08,20.46239471435547,20.654530615812153,20.318293704434833,20.55846266508381,44900
9368,2017-05-09,20.702564239501953,20.75059913234777,20.318294258454436,20.462395272304278,75700
9369,2017-05-10,20.750600814819336,20.846668775956417,20.366330802614968,20.654532853682255,83300
9370,2017-05-11,20.65452766418457,20.75059560118436,20.174189811529118,20.558459727184783,60000
9371,2017-05-12,20.270263671875,20.510432668384553,20.174195706802372,20.510432668384553,57100
9372,2017-05-15,20.5584659576416,20.60650085687072,20.318296958528162,20.41436492464235,48400
9373,2017-05-16,20.750600814819336,20.7986338792159,20.174194880340806,20.606499789285692,64600
9374,2017-05-17,19.64582061767578,20.750597408539523,19.501717783453145,20.750597408539523,124300
9375,2017-05-18,19.837961196899414,19.885996101544148,19.453691121462825,19.5017241937633,77000
9376,2017-05-19,19.789918899536133,20.12615574593557,19.722671896724925,19.837951949446023,73900
9377,2017-05-22,19.982057571411133,20.030092464818267,19.549754524809885,19.789923494814076,47700
9378,2017-05-23,20.078125,20.126159892149015,19.59778707257252,19.98205704804575,59900
9379,2017-05-24,19.982057571411133,20.366329389292897,19.789923494814076,20.12616041928871,55400
9380,2017-05-25,19.982057571411133,20.174193480352017,19.885991449284518,20.078125525881575,47900
9381,2017-05-26,20.030092239379883,20.12616019276908,19.741888379212288,19.98205734651338,52900
9382,2017-05-30,19.934022903442383,19.982055960633687,19.6938539527985,19.88598984625108,49100
9383,2017-05-31,20.222227096557617,20.41436301077303,19.501720166765626,20.078126077067992,106200
9384,2017-06-01,20.65452766418457,20.75059560118436,20.174189811529118,20.270257748528905,72800
9385,2017-06-02,21.18290138244629,21.615206240187536,20.654530407290313,20.798631415756148,93700
9386,2017-06-05,20.846664428710938,21.278967415161848,20.70256160088373,21.13486641967821,101200
9387,2017-06-06,20.5584659576416,20.750601889869973,20.36633185775728,20.60650085687072,42500
9388,2017-06-07,20.750600814819336,20.89470184035298,20.31829590587445,20.51043182814861,56700
9389,2017-06-08,21.567167282104492,21.567167282104492,20.65452475755433,20.65452475755433,62900
9390,2017-06-09,21.807342529296875,21.83616163209866,21.23093665279219,21.567173566781904,116100
9391,2017-06-12,21.375038146972656,21.85537608285968,21.038801225382976,21.759308129213515,69300
9392,2017-06-13,21.13486671447754,21.4711035968584,21.03879877203392,21.423068709464793,55900
9393,2017-06-14,20.894697189331055,21.327002002047738,20.654528256120354,21.13486612254176,154700
9394,2017-06-15,20.846664428710938,20.942730537470982,20.606495492123685,20.606495492123685,54000
9395,2017-06-16,20.606502532958984,20.750603577679104,20.174197566454424,20.174197566454424,126400
9396,2017-06-19,20.702564239501953,20.8466670856956,20.462395272304278,20.75059913234777,52100
9397,2017-06-20,20.414356231689453,20.70255817496423,20.17418733484605,20.606492082101486,42000
9398,2017-06-21,20.30849266052246,20.50098911632566,20.21224351472098,20.50098911632566,44400
9399,2017-06-22,20.212242126464844,20.741609638314305,20.01974384808342,20.26036577816038,60200
9400,2017-06-23,20.693479537963867,20.78972864716072,20.241111111277437,20.260359464477556,137600
9401,2017-06-26,20.54911231994629,20.8859833748568,20.164117615391234,20.741608754324037,48200
9402,2017-06-27,20.597230911254883,20.78972913415784,20.40473452415103,20.597230911254883,59900
9403,2017-06-28,21.222854614257812,21.270980104283183,20.40474147762363,20.789736218827905,79200
9404,2017-06-29,21.12660026550293,21.270973015868275,20.404734677877077,21.222847541880412,82600
9405,2017-06-30,20.789730072021484,21.17472469939612,20.404735444646846,21.126601059398986,84500
9406,2017-07-03,21.12660026550293,21.270973015868275,20.452858316065818,20.789729290784376,37400
9407,2017-07-05,20.64536476135254,21.07848318491527,20.404742802995518,21.030359527563807,47100
9408,2017-07-06,20.50098419189453,20.693482437258528,20.2603623030892,20.3566114257712,60900
9409,2017-07-07,21.078474044799805,21.1265995170828,20.40473395502939,20.54910670028026,41000
9410,2017-07-10,20.934104919433594,21.174726815059266,20.69348302380792,20.982228564238977,60600
9411,2017-07-11,21.12660026550293,21.222847541880412,20.308485565700472,20.93410204114972,117500
9412,2017-07-12,21.36722755432129,21.607849477969953,20.982231007843755,21.270978417701905,62300
9413,2017-07-13,20.982223510742188,21.31909445064379,20.885976244312243,21.31909445064379,44100
9414,2017-07-14,21.12660026550293,21.17472390369167,20.741603816796513,20.93410204114972,61400
9415,2017-07-17,21.222854614257812,21.367229248534183,20.83785987305354,21.078481815781178,69600
9416,2017-07-18,21.5115966796875,21.588595608716478,21.07847655652495,21.12660203454261,92400
9417,2017-07-19,21.84847068786621,21.94471798554177,21.559723287440946,21.607848772078256,62000
9418,2017-07-20,21.704097747802734,21.84847237707743,21.415352160852677,21.84847237707743,48400
9419,2017-07-21,21.5115966796875,22.137213207522855,21.415347559451458,22.137213207522855,92200
9420,2017-07-24,21.41534996032715,21.655971869993746,20.934106140993954,21.55972273896721,50100
9421,2017-07-25,21.5115966796875,21.655969442141924,21.415347559451458,21.5115966796875,75800
9422,2017-07-26,20.885986328125,21.65597584611125,20.885986328125,21.65597584611125,36200
9423,2017-07-27,21.174718856811523,21.36721703528383,20.500977067957137,21.12659523009279,49600
9424,2017-07-28,21.222854614257812,21.367229248534183,20.982232671530173,21.17473096003218,50300
9425,2017-07-31,21.174718856811523,21.31909157276641,21.07846976757537,21.270967946047676,149600
9426,2017-08-01,21.31909942626953,21.415348550961816,21.174726657130783,21.415348550961816,70800
9427,2017-08-02,21.41534996032715,21.588598029015014,21.03035527202049,21.319100829300613,113600
9428,2017-08-03,21.41534996032715,21.607848222380216,21.222851698274077,21.36722631271362,91600
9429,2017-08-04,21.46347427368164,21.60784889259931,21.22285235655158,21.511599758587376,57300
9430,2017-08-07,21.5115966796875,21.559720321905882,21.347973726026012,21.367223917233076,40700
9431,2017-08-08,21.46347427368164,21.752221675717436,21.367226975469247,21.46347427368164,52200
9432,2017-08-09,21.5115966796875,21.559720321905882,21.174725676760993,21.319098439215416,91700
9433,2017-08-10,21.36722755432129,21.655973128379852,21.22285293149242,21.415351204731188,80100
9434,2017-08-11,21.31909942626953,21.70409408923931,21.12660301268432,21.415348550961816,97000
9435,2017-08-14,21.75221824645996,21.89659100681759,21.415347248425995,21.559720008783625,126600
9436,2017-08-15,21.5115966796875,21.800342204596348,21.463471201669844,21.800342204596348,50400
9437,2017-08-16,21.655969619750977,21.89659150441488,21.55972049872556,21.55972049872556,61300
9438,2017-08-17,21.174718856811523,21.655962467193604,21.030346140856636,21.55971337795745,70400
9439,2017-08-18,20.934104919433594,21.222850459864652,20.83785579402345,20.982228564238977,73900
9440,2017-08-21,20.885986328125,21.12660828197068,20.741611687177738,20.885986328125,49200
9441,2017-08-22,21.174718856811523,21.222842483530258,20.982220678339218,21.07846976757537,27600
9442,2017-08-23,21.078474044799805,21.222846790050674,20.837852190782,20.98222493603287,40200
9443,2017-08-24,20.934104919433594,21.174726815059266,20.83785579402345,21.174726815059266,52100
9444,2017-08-25,21.174718856811523,21.222842483530258,20.934097051620483,21.030346140856636,32400
9445,2017-08-28,21.31909942626953,21.415348550961816,20.982228407746213,21.174726657130783,73400
9446,2017-08-29,21.607847213745117,21.655970859112276,21.0784779357094,21.0784779357094,54300
9447,2017-08-30,21.55971908569336,21.655968200410573,21.463469970976146,21.55971908569336,42400
9448,2017-08-31,21.655969619750977,21.80034238338946,21.607845977137913,21.70409326236404,58100
9449,2017-09-01,21.800342559814453,21.848468038616275,21.60784615200508,21.655969795007596,50000
9450,2017-09-05,21.84847068786621,21.99284347017908,21.655972420916036,21.800345203228904,68600
9451,2017-09-06,21.800342559814453,21.89659168161879,21.60784615200508,21.848468038616275,74800
9452,2017-09-07,21.800342559814453,21.89659168161879,21.704093438010112,21.89659168161879,47000
9453,2017-09-08,21.46347427368164,21.84847080972937,21.367226975469247,21.74259657873629,45100
9454,2017-09-11,21.800342559814453,21.800342559814453,21.270975143589546,21.655969795007596,54100
9455,2017-09-12,21.655969619750977,22.040964268053358,21.607845977137913,21.89659150441488,30800
9456,2017-09-13,21.84847068786621,21.89659433670399,21.511599638603165,21.704096069753813,61900
9457,2017-09-14,21.655969619750977,21.848467861801815,21.511596856112497,21.752218740776396,54300
9458,2017-09-15,21.75221824645996,21.99284012565576,21.559720008783625,21.559720008783625,240300
9459,2017-09-18,22.233461380004883,22.233461380004883,21.848466751271303,21.848466751271303,52000
9460,2017-09-19,22.185344696044922,22.50296562009754,22.08909737756831,22.32971934535969,95000
9461,2017-09-20,22.137216567993164,22.47408762205732,22.08909291846952,22.185340217516803,89400
9462,2017-09-21,21.896587371826172,22.137209211077007,21.655965532575333,22.137209211077007,68600
9463,2017-09-22,22.28158950805664,22.37783864357602,21.84847115191878,21.84847115191878,53000
9464,2017-09-25,22.089094161987305,22.406715039802823,21.896595881456832,22.185341466452883,70600
9465,2017-09-26,22.377832412719727,22.474081521439622,22.137210558819515,22.329708776259306,50800
9466,2017-09-27,23.484699249267578,23.580948385347277,22.47408790992967,22.52221156006973,160800
9467,2017-09-28,23.764278411865234,23.812482920386135,23.089431841898467,23.52326138570268,75600
9468,2017-09-29,23.234041213989258,23.764277925161796,23.18583670645561,23.66787074890844,95800
9469,2017-10-02,24.101703643798828,24.149906315560802,23.089432826284902,23.33044986272289,86700
9470,2017-10-03,24.39092445373535,24.43912896648878,23.619670637821926,24.00529754577864,92200
9471,2017-10-04,24.583736419677734,24.77655077418118,24.29451672673652,24.342719395955402,74700
9472,2017-10-05,24.631935119628906,24.728342281345277,24.390918134744812,24.728342281345277,46700
9473,2017-10-06,24.487321853637695,24.583729001799593,24.24630490263966,24.487321853637695,77900
9474,2017-10-09,24.583736419677734,24.96936328987067,24.29451672673652,24.583736419677734,67000
9475,2017-10-10,24.583736419677734,24.72834626614834,24.342719395955402,24.631939088896615,108500
9476,2017-10-11,24.72833824157715,24.87294804112056,24.53552578845706,24.53552578845706,57000
9477,2017-10-12,24.776548385620117,24.872953714764012,24.487326881747084,24.728343882234388,50700
9478,2017-10-13,24.72833824157715,24.921152533510604,24.390914150100286,24.87294804112056,50200
9479,2017-10-16,24.824748992919922,25.017563312856403,24.53552935182883,24.77654633234262,39500
9480,2017-10-17,24.631935119628906,24.92115660477802,24.487325296461183,24.776546781610296,41400
9481,2017-10-18,24.776548385620117,25.01756538610742,24.63193671427671,24.872953714764012,52100
9482,2017-10-19,24.631935119628906,24.680139619893925,24.14990114986072,24.631935119628906,30400
9483,2017-10-20,24.53553009033203,24.921156902998472,24.487325589490172,24.872952402156614,36700
9484,2017-10-23,24.34272003173828,24.583737061755492,24.198110181490755,24.583737061755492,39400
9485,2017-10-24,24.53553009033203,24.680139915230235,24.294513102563794,24.34271576459197,50400
9486,2017-10-25,24.439130783081055,24.68014784832088,24.1499092015047,24.390926266744522,65500
9487,2017-10-26,25.30678939819336,25.354992071045228,24.728348129900404,25.065772356305803,55800
9488,2017-10-27,25.837020874023438,25.885225375836953,24.87295290351788,25.403191390584173,59500
9489,2017-10-30,25.258583068847656,25.69241257815458,25.210378564159885,25.69241257815458,67700
9490,2017-10-31,26.2226505279541,26.46366752972275,25.45139501900616,25.499599522648168,99500
9491,2017-11-01,26.126243591308594,26.560073095053355,25.59600507942436,26.560073095053355,72000
9492,2017-11-02,26.1744441986084,26.270851360354083,25.933427213651022,26.222648698888076,51200
9493,2017-11-03,25.692413330078125,26.415464372231245,25.59600615669493,26.174447358180206,43800
9494,2017-11-06,25.933433532714844,25.981638044740258,25.547806630582087,25.692416489030105,40200
9495,2017-11-07,25.017562866210938,26.02983343077104,24.92115570796388,25.788816454560195,88100
9496,2017-11-08,25.354995727539062,25.403200246156704,24.631944497603754,24.728351696024667,137500
9497,2017-11-09,25.258583068847656,25.403192905283298,24.680141884291253,25.113971393598177,61400
9498,2017-11-10,25.258583068847656,25.499600075845002,25.065768727724244,25.113971393598177,40900
9499,2017-11-13,25.017562866210938,25.35498516185524,24.96935836768061,25.162172684174724,54100
9500,2017-11-14,25.162174224853516,25.25858138900358,24.872952732403323,24.872952732403323,87500
9501,2017-11-15,24.921154022216797,25.30678079030639,24.728339718765262,24.82474687049103,56700
9502,2017-11-16,25.7888240814209,25.933433942152018,25.065772938951152,25.065772938951152,73600
9503,2017-11-17,25.644208908081055,25.88522590564044,25.162174912962293,25.596004405280922,59200
9504,2017-11-20,26.608278274536133,26.656480941015612,25.54780306266283,25.69241290091513,89900
9505,2017-11-21,27.042112350463867,27.283129401141135,26.511875574499545,26.656485437143072,123300
9506,2017-11-22,26.560068130493164,27.04210204820675,26.46366281800122,26.993899391960777,55200
9507,2017-11-24,26.608278274536133,26.704685446308954,26.078039749192552,26.560073769242795,35200
9508,2017-11-27,26.560068130493164,26.704679776858015,26.2708485153904,26.608272625552605,58900
9509,2017-11-28,27.234922409057617,27.234922409057617,26.367261531930062,26.6082785443996,66600
9510,2017-11-29,26.94570541381836,27.331332304421096,26.752891049109962,27.186722450296827,74100
9511,2017-11-30,26.270858764648438,27.186724301143506,26.126248900679265,27.090317112225996,86100
9512,2017-12-01,26.078044891357422,26.367266463705654,25.065773985174154,26.367266463705654,79800
9513,2017-12-04,25.837020874023438,26.415462024089518,25.78881821102365,26.415462024089518,59200
9514,2017-12-05,25.451393127441406,26.078036917704534,25.210376143585307,25.837019933848435,61700
9515,2017-12-06,25.258583068847656,25.596005407592877,25.210378564159885,25.258583068847656,74600
9516,2017-12-07,25.354995727539062,25.69242000260508,25.1621831695116,25.258590367932513,71500
9517,2017-12-08,25.210376739501953,25.596003555024332,25.162174077116795,25.547800892639174,36300
9518,2017-12-11,24.872953414916992,25.432112775754234,24.872953414916992,25.30678474608975,74500
9519,2017-12-12,24.776548385620117,25.113970715251313,24.728343882234388,24.969360882721688,48500
9520,2017-12-13,24.872953414916992,25.258582082098894,24.631936417335183,24.72834358413066,81600
9521,2017-12-14,24.53553009033203,25.306783715664917,24.34271576459197,24.872952402156614,88100
9522,2017-12-15,25.258583068847656,25.644209912280648,24.680141884291253,24.680141884291253,555900
9523,2017-12-18,26.270858764648438,26.463673142483458,25.45140041707088,25.45140041707088,71900
9524,2017-12-19,25.933433532714844,26.396185815274148,25.644213815818805,26.3190604348476,93000
9525,2017-12-20,25.837020874023438,26.17444503146313,25.78881821102365,26.12624236846334,39000
9526,2017-12-21,25.933433532714844,26.12624790318828,25.788823674266823,25.837026347478126,72400
9527,2017-12-22,25.644208908081055,25.93342856962681,25.451394574508043,25.93342856962681,34500
9528,2017-12-26,25.547801971435547,25.692411803511106,25.200736903403183,25.59600463585614,52700
9529,2017-12-27,25.451393127441406,25.933427095153608,25.354985966136233,25.54780028874658,36200
9530,2017-12-28,25.538291931152344,25.634843543670726,25.200355762526115,25.490014283289188,72600
9531,2017-12-29,24.8624267578125,25.634850930151284,24.8624267578125,25.586575109981798,95700
9532,2018-01-02,25.586566925048828,26.02105653400254,24.958972255585394,25.00724806031185,117900
9533,2018-01-03,25.345190048217773,25.779679757114664,25.296914232386708,25.63484862641282,62600
9534,2018-01-04,25.82794952392578,26.214161484934735,25.538291013570042,25.5865668180947,55800
9535,2018-01-05,25.924509048461914,26.117614153407256,25.683126286076988,25.827955575187076,39700
9536,2018-01-08,25.779680252075195,25.97278536071133,25.63484911859264,25.82795606883314,40100
9537,2018-01-09,25.683120727539062,26.069332695447123,25.586567275161066,25.827949985304095,53900
9538,2018-01-10,25.924509048461914,25.924509048461914,25.422432460716227,25.538296996966896,134000
9539,2018-01-11,26.745206832885742,26.793482641544202,25.87622754420107,25.924505194463578,73700
9540,2018-01-12,26.745206832885742,27.13141882696557,26.552099915043804,26.745206832885742,46400
9541,2018-01-16,25.82794952392578,27.034863053081192,25.779673719401124,26.89003379790332,105100
9542,2018-01-17,26.214160919189453,26.407267816328307,25.924502415085026,26.117607470620026,54800
9543,2018-01-18,25.683120727539062,26.26243960020312,25.586567275161066,26.16588614782512,64400
9544,2018-01-19,26.31072425842285,26.359000080053367,25.634851705968334,25.634851705968334,61600
9545,2018-01-22,25.634849548339844,26.11761509042989,25.538297913205348,26.11761509042989,62300
9546,2018-01-23,25.924509048461914,26.02106252173675,25.345190050417227,25.683126286076988,44700
9547,2018-01-24,25.49001693725586,26.069335880703434,25.29691185050944,25.876228952352857,53200
9548,2018-01-25,26.600374221801758,26.600374221801758,25.393460657444077,25.68312101785229,132100
9549,2018-01-26,26.841758728027344,26.938312187947687,26.310717460871565,26.745207109711075,82300
9550,2018-01-29,26.552101135253906,26.938313147082226,26.45554767189579,26.69693040948901,50300
9551,2018-01-30,26.696935653686523,26.89004261833561,26.214170083668304,26.214170083668304,178000
9552,2018-01-31,26.552101135253906,26.986590799563352,26.407271861018803,26.793483872847123,170200
9553,2018-02-01,27.469356536865234,27.469356536865234,26.358994460057936,26.455547924337374,172900
9554,2018-02-02,27.083148956298828,27.32453175213609,26.79349033793595,27.131426620429032,208700
9555,2018-02-05,25.779680252075195,27.324528487581727,25.779680252075195,26.841762953584844,86600
9556,2018-02-06,25.972787857055664,26.165894825856412,24.215521439066094,25.49002227665833,256800
9557,2018-02-07,25.924509048461914,26.31072109995693,25.39346586625248,25.827955575187076,118900
9558,2018-02-08,25.29690933227539,25.97277983101315,25.152078229627897,25.97277983101315,90300
9559,2018-02-09,25.055526733398438,25.393461063539718,24.47620784492141,25.393461063539718,156900
9560,2018-02-12,25.10380744934082,25.200360923236076,24.62104192146888,25.152083265486276,169400
9561,2018-02-13,25.007253646850586,25.200360592103674,24.86242435871293,25.007253646850586,103300
9562,2018-02-14,25.055526733398438,25.2003559951167,24.717590561653175,24.717590561653175,98100
9563,2018-02-15,25.248638153076172,25.29691581352908,24.939668492595327,25.29691581352908,64900
9564,2018-02-16,25.29690933227539,25.422427534085383,25.152078229627897,25.24863168419157,65700
9565,2018-02-20,25.345190048217773,25.663815220874053,25.103807285853794,25.103807285853794,53200
9566,2018-02-21,25.49001693725586,25.876228952352857,25.345187661795006,25.441741125970292,53800
9567,2018-02-22,25.538291931152344,25.779674645656225,25.538291931152344,25.586567737411535,51700
9568,2018-02-23,25.779680252075195,25.876231885591082,25.490019826714448,25.876231885591082,42700
9569,2018-02-26,25.683120727539062,25.827949985304095,25.53829146977403,25.77967417991706,49100
9570,2018-02-27,25.49001693725586,25.924506605242577,25.49001693725586,25.586570401431146,67500
9571,2018-02-28,24.814151763916016,25.58657596197534,24.814151763916016,25.58657596197534,94600
9572,2018-03-01,24.765872955322266,25.103809216948232,24.52449017439007,24.814150616471387,60400
9573,2018-03-02,24.8624267578125,25.15208536203842,24.331385369530146,24.524490491812596,67200
9574,2018-03-05,25.055526733398438,25.296909450130197,24.621037106639672,24.814144016666674,49600
9575,2018-03-06,25.49001693725586,25.49001693725586,24.987940396827685,25.20035838633415,63400
9576,2018-03-07,25.49001693725586,25.683123865606436,25.29691185050944,25.345187661795006,110600
9577,2018-03-08,26.021060943603516,26.117612569418334,25.538295448112574,25.63484707392739,67200
9578,2018-03-09,26.31072425842285,26.359000080053367,25.924512160565076,26.262448436792337,118000
9579,2018-03-12,26.696935653686523,26.841764956371087,26.436241803891605,26.455552868677415,99600
9580,2018-03-13,26.890039443969727,26.986592914896143,26.552103216529403,26.793485973043307,70400
9581,2018-03-14,26.890039443969727,27.03486872955721,26.69693250211689,27.03486872955721,100900
9582,2018-03-15,26.977060317993164,27.31548259510167,26.880367975354584,26.880367975354584,135600
9583,2018-03-16,27.702251434326172,27.798943781547397,26.8320239978414,27.073753943767898,381600
9584,2018-03-19,26.8803653717041,27.60555510487151,26.54194497162827,27.60555510487151,102000
9585,2018-03-20,26.783674240112305,27.025404145368725,26.6386348215562,26.977057057765748,56800
9586,2018-03-21,26.977060317993164,27.21879025246309,26.783677476969046,26.880367975354584,46900
9587,2018-03-22,26.445255279541016,26.92871514993755,26.396908185949535,26.68698521473928,56900
9588,2018-03-23,25.81675910949707,26.445256603630234,25.81675910949707,26.445256603630234,81800
9589,2018-03-26,26.445255279541016,26.49360052887945,25.961795409144482,26.155178250751266,47900
9590,2018-03-27,25.9134464263916,26.73532851499886,25.865101180577668,26.493598597423365,93100
9591,2018-03-28,25.9617977142334,26.05849006574841,25.67172065968837,25.9617977142334,101900
9592,2018-03-29,26.30021095275879,26.54194082605895,26.01013399824705,26.058481079458627,110900
9593,2018-04-02,25.67171859741211,26.203525565896616,25.52668100391745,26.203525565896616,68700
9594,2018-04-03,26.590293884277344,26.590293884277344,25.72006645327889,25.86510405106978,105300
9595,2018-04-04,27.073753356933594,27.12209860736974,26.05848834374982,26.106833594185964,89400
9596,2018-04-05,27.31548309326172,27.412175437663702,26.977060809981314,27.267137843187264,70000
9597,2018-04-06,27.21879005432129,27.653904670900914,26.78367728199469,27.02540721470492,116900
9598,2018-04-09,27.557212829589844,27.798942766691507,27.073752955386514,27.460520485898567,124700
9599,2018-04-10,27.847286224365234,28.08901614591095,27.518533383522826,27.943978561834108,82500
9600,2018-04-11,28.040672302246094,28.040672302246094,27.557212434965987,27.557212434965987,75400
9601,2018-04-12,28.330747604370117,28.42743994708445,27.992327171249514,28.330747604370117,104200
9602,2018-04-13,28.330747604370117,28.620824632513116,28.21471826851535,28.475787040568136,91000
9603,2018-04-16,28.524131774902344,28.64983052718483,28.379094185575475,28.620824115871258,84600
9604,2018-04-17,28.66916847229004,28.95924548617207,28.572476134329364,28.814206057104577,89200
9605,2018-04-18,28.765865325927734,28.862557679067216,28.18571305134409,28.717520071484614,99700
9606,2018-04-19,28.330747604370117,28.81420747368874,28.28240235513947,28.620824632513116,56800
9607,2018-04-20,28.475786209106445,28.6498302078067,28.21471744467658,28.23405628150538,62300
9608,2018-04-23,28.28240394592285,28.71751859048446,28.13736634582003,28.47578864222871,70500
9609,2018-04-24,28.28240394592285,28.5241338941786,28.13736634582003,28.37909629407578,88400
9610,2018-04-25,27.943981170654297,28.330748712385056,27.750598321915472,28.2340582101422,114700
9611,2018-04-26,28.91089630126953,29.00758863222752,27.895631436842695,28.13736134211126,135800
9612,2018-04-27,28.717519760131836,29.00759497215207,28.37909744993942,29.00759497215207,110300
9613,2018-04-30,28.95924949645996,29.200979452710033,28.814210047307352,29.007594750008693,171300
9614,2018-05-01,28.91089630126953,29.00758863222752,28.475783578337808,29.00758863222752,136700
9615,2018-05-02,29.781126022338867,29.829473113890714,28.843214577268675,28.959245752740134,89100
9616,2018-05-03,29.68444061279297,30.0228610903637,29.44271064638343,29.732785868373565,120100
9617,2018-05-04,29.587743759155273,29.926166029528964,29.44270617021026,29.5393966666716,82000
9618,2018-05-07,29.68444061279297,29.92617057920251,29.587748257378497,29.68444061279297,84500
9619,2018-05-08,30.071210861206055,30.16790322520901,29.78113376919718,29.78113376919718,93300
9620,2018-05-09,30.554668426513672,30.65136078288858,30.167900845267333,30.216246101328135,113400
9621,2018-05-10,30.748048782348633,30.84474113082206,30.554665929654927,30.554665929654927,115900
9622,2018-05-11,30.264589309692383,30.8930886614785,30.11955170706989,30.748049214602826,91100
9623,2018-05-14,29.636085510253906,30.312929971131958,29.587740267728098,30.312929971131958,111400
9624,2018-05-15,29.636085510253906,29.829470168862716,29.539393180949503,29.587740267728098,94100
9625,2018-05-16,30.65135955810547,30.69970481223447,29.781130229757657,29.781130229757657,313700
9626,2018-05-17,30.989782333374023,31.279857568256848,30.65136184076185,30.65136184076185,301300
9627,2018-05-18,31.279855728149414,31.37654992642659,30.844742901421665,31.13481996349342,105200
9628,2018-05-21,31.424898147583008,31.52158866648052,30.941438176081732,31.473243407031763,235900
9629,2018-05-22,31.183162689208984,31.61827732489919,31.183162689208984,31.424892632536185,58700
9630,2018-05-23,30.941429138183594,31.279849543980163,30.84473680327619,31.086468562671143,73200
9631,2018-05-24,31.038124084472656,31.18316352978114,30.651358377827222,30.989778832205264,188800
9632,2018-05-25,31.086467742919922,31.376542895739945,30.89308307820468,31.086467742919922,58200
9633,2018-05-29,31.279855728149414,31.42489518131192,30.796397646536334,30.893090000560253,82300
9634,2018-05-30,31.47323989868164,31.86000930817188,31.424894644621975,31.52158515274131,80500
9635,2018-05-31,31.424898147583008,31.618282873884894,31.18316816183237,31.56993761443614,131100
9636,2018-06-01,31.714969635009766,31.985709695156302,31.473239677900686,31.618279127568705,156400
9637,2018-06-04,32.19842529296875,32.34346472346424,31.90835012048372,31.90835012048372,128300
9638,2018-06-05,32.391807556152344,32.46916289691841,31.81165725442949,32.391807556152344,81600
9639,2018-06-06,32.778568267822266,32.82691349884171,32.19841443007484,32.39179904265732,85400
9640,2018-06-07,32.29512405395508,32.71089987923852,32.150084602900314,32.633544521740916,87300
9641,2018-06-08,32.15007019042969,32.39180004148555,32.10172495791948,32.24676065545011,75100
9642,2018-06-11,32.15007019042969,32.34345480897534,31.763300953338383,32.10172495791948,130600
9643,2018-06-12,32.343467712402344,32.39181296419989,31.908353069211838,32.19842826850341,65800
9644,2018-06-13,32.05339813232422,32.68189389288519,32.05339813232422,32.343473382468275,157800
9645,2018-06-14,32.48850631713867,32.53685526168285,32.053395324293845,32.10174058033142,54900
9646,2018-06-15,32.923606872558594,32.923606872558594,32.19841727761896,32.5368413016938,290200
9647,2018-06-18,33.11700439453125,33.31038909949988,32.391814517278746,32.68188973047845,78200
9648,2018-06-19,33.600467681884766,33.677823047031374,32.778587213989596,32.923622990879245,166200
9649,2018-06-20,34.422332763671875,34.47068168953089,33.52309733257071,33.79383730106155,136000
9650,2018-06-21,34.3642692565918,34.77083066968792,33.831865823541975,34.50947187135806,166000
9651,2018-06-22,34.993473052978516,35.13867196425617,34.12226481469014,34.65466820801943,329900
9652,2018-06-25,34.703067779541016,34.945069657202126,34.364266627877704,34.89667002020103,248800
9653,2018-06-26,35.09026336669922,35.47746774987639,34.65465935878857,34.7514623009102,356800
9654,2018-06-27,35.0418815612793,35.71948773008474,34.993481911933884,35.13868085997012,269100
9655,2018-06-28,34.848270416259766,35.28387453499413,34.65466817541609,35.09027229415046,276000
9656,2018-06-29,34.848270416259766,35.18707156824449,34.79987077921275,34.896670053306785,109300
9657,2018-07-02,35.42905807495117,35.42905807495117,34.31585213522077,34.84825529706175,193400
9658,2018-07-03,34.751468658447266,35.71947610082568,34.31586457084591,35.57427350740678,122300
9659,2018-07-05,35.47747802734375,35.767879552525685,34.751472368061044,35.04187389324298,316200
9660,2018-07-06,37.607093811035156,37.945898686881854,35.574279326578754,35.6710786095887,262100
9661,2018-07-09,37.510284423828125,37.65548700188557,36.97788112537575,37.65548700188557,119300
9662,2018-07-10,36.73588180541992,37.655489579880985,36.49387995385939,37.55868662366365,141200
9663,2018-07-11,36.10668182373047,36.78428786503867,36.058282183491855,36.49388633095111,93900
9664,2018-07-12,36.30027770996094,36.571318601878986,35.86467363891037,36.20347844646312,193600
9665,2018-07-13,36.15507888793945,36.735885607388255,36.10667925114929,36.54228336757199,150900
9666,2018-07-16,35.76789093017578,36.251894856990994,35.671087929218594,36.203495202840855,123600
9667,2018-07-17,35.96147537231445,36.2809158851199,35.477471685971885,35.671070206384854,76000
9668,2018-07-18,35.71946716308594,35.94210837600495,35.19674238876072,35.81626640604049,192800
9669,2018-07-19,36.44548797607422,36.668129283148666,35.81628155281375,35.86468119475933,160000
9670,2018-07-20,36.30027770996094,36.78428141276042,36.20347844646312,36.54227956136068,104200
9671,2018-07-23,35.8162727355957,36.25187679118126,35.7678731055651,36.20347716115066,290900
9672,2018-07-24,34.848270416259766,36.009880168666214,34.751471142165734,35.81627792782254,260700
9673,2018-07-25,35.38066482543945,35.47746776760947,34.780501354604056,34.945060817311074,180000
9674,2018-07-26,34.55786895751953,36.687486224951904,33.638261081508325,36.687486224951904,239900
9675,2018-07-27,34.219058990478516,35.28386931114354,34.12225973071582,34.557863784958094,221500
9676,2018-07-30,33.73505401611328,34.31586063044096,33.638254760052796,34.26746100241071,116800
9677,2018-07-31,33.783447265625,34.12224825349176,33.44464258510442,33.73504395936933,197800
9678,2018-08-01,33.831851959228516,33.831851959228516,33.25104543083422,33.78345233835925,160000
9679,2018-08-02,34.1706657409668,34.26746871145967,33.251057830891085,33.735061605388225,188500
9680,2018-08-03,34.02546310424805,34.55786645945673,33.68665828354773,34.31586459866593,76100
9681,2018-08-06,34.3642692565918,34.55787151206152,33.68666320877571,34.07386771971515,92500
9682,2018-08-07,34.6546630859375,34.89666492828714,34.461060873526776,34.557863826059666,92100
9683,2018-08-08,34.60626220703125,34.703061463415516,34.02545928341578,34.703061463415516,70400
9684,2018-08-09,34.315853118896484,34.70305375103734,34.26745350146064,34.55785489872981,70500
9685,2018-08-10,34.26746368408203,34.50946553582652,33.88025924422876,34.0738614641554,73100
9686,2018-08-13,33.97706985473633,34.557876708480606,33.928670206755086,34.267475127936684,90300
9687,2018-08-14,34.315853118896484,34.50945528129397,33.88024917666567,34.073851339063154,84300
9688,2018-08-15,33.6866569519043,34.41266250557747,33.52209746554621,34.21906028606692,102100
9689,2018-08-16,33.4930534362793,34.073860072334895,33.31881181472812,33.783458600634624,77700
9690,2018-08-17,33.44466018676758,33.88026432374691,32.81545749349145,33.39626054769338,133700
9691,2018-08-20,33.73505401611328,34.02545916960458,33.4446525552769,33.49305218330714,106400
9692,2018-08-21,34.219058990478516,34.75146599713856,33.977057148416705,33.977057148416705,134000
9693,2018-08-22,34.07386016845703,34.5094642235638,33.88025795589235,34.21905905838924,124800
9694,2018-08-23,33.63825988769531,34.36426549678227,33.58986025228728,34.17066326249465,61400
9695,2018-08-24,33.73505401611328,34.02545916960458,33.473695286218984,33.638254760052796,178200
9696,2018-08-27,35.2354736328125,35.28387326812172,33.73505908963831,33.97706095883989,160400
9697,2018-08-28,35.42905807495117,35.76786277259834,35.138656686006456,35.283859226805816,108000
9698,2018-08-29,35.47747802734375,35.57427730485248,35.13867317075171,35.52587766609812,82500
9699,2018-08-30,35.28387451171875,35.574276026464894,34.70306778957086,35.42907342276402,105400
9700,2018-08-31,35.76789093017578,35.86469023847606,35.04188503995296,35.187084002403374,119700
9701,2018-09-04,35.67106246948242,35.91306426016454,34.90633961734418,35.767865401347834,143800
9702,2018-09-05,35.52587890625,35.71948116068155,35.23547737093061,35.62267818713784,81900
9703,2018-09-06,35.13865280151367,35.57425668310279,34.896651055370114,35.477457461706805,77800
9704,2018-09-07,35.13865280151367,35.477457461706805,34.828890861862206,34.9934539694197,73500
9705,2018-09-10,35.0418815612793,35.28388350066292,34.741797827087254,35.2354838513175,86700
9706,2018-09-11,35.0418815612793,35.33228315000833,34.751479972550264,34.8966789205865,114800
9707,2018-09-12,35.0418815612793,35.18708050931554,34.41267504181927,34.993481911933884,151300
9708,2018-09-13,34.79985809326172,35.28386167260429,34.70305516180065,35.28386167260429,66400
9709,2018-09-14,35.0418815612793,35.33228315000833,34.509478033166644,34.751479972550264,72600
9710,2018-09-17,35.0418815612793,35.2354838513175,34.55787768251206,35.09028121062471,198000
9711,2018-09-18,35.47747802734375,35.91307846878878,34.89667128432414,35.04187389324298,120700
9712,2018-09-19,34.703067779541016,35.38067377552325,34.606268505538814,35.38067377552325,156800
9713,2018-09-20,35.47747802734375,35.57427730485248,34.79987200681541,34.79987200681541,70700
9714,2018-09-21,35.28387451171875,35.62267566347998,34.94506966730191,35.42907342276402,334300
9715,2018-09-24,35.09026336669922,35.38066480775476,34.89666117511064,35.18706261616618,81100
9716,2018-09-25,34.896671295166016,35.42907470694093,34.896671295166016,35.13867318166877,130600
9717,2018-09-26,33.8802604675293,34.7998682758933,33.73505787417775,34.7514686423279,216900
9718,2018-09-27,32.949913024902344,34.16130688611199,32.853002994757844,33.91902811387006,215100
9719,2018-09-28,33.24065017700195,33.48292897376856,32.319990009912644,32.70763756349163,441600
9720,2018-10-01,32.39751434326172,33.405394817991656,32.37813159987688,33.279408834430335,203200
9721,2018-10-02,31.942028045654297,32.45566148594179,31.748204315180537,32.19400000433424,136500
9722,2018-10-03,32.48473358154297,32.55257133232162,31.670676875319,32.08739659974795,180100
9723,2018-10-04,31.912961959838867,32.42659180270904,31.65130042756136,32.29091627416831,146900
9724,2018-10-05,31.244274139404297,32.06802054017613,31.089215862898506,31.86450724542745,259600
9725,2018-10-08,30.71125602722168,31.20550491769736,30.536815024884355,31.098901672171163,291100
9726,2018-10-09,30.36237335205078,30.682181233126776,30.29453559673772,30.56588846643016,191000
9727,2018-10-10,29.868120193481445,30.313913997793076,29.76151696558172,30.14916439487529,305400
9728,2018-10-11,29.693683624267578,30.25577026198616,29.65491998465261,29.8002868679791,186200
9729,2018-10-12,29.29634666442871,30.21700667448464,29.21881753662486,30.21700667448464,182500
9730,2018-10-15,29.141284942626953,29.65491650850898,28.966843963707017,29.150976313504724,216300
9731,2018-10-16,29.78090476989746,29.819670258793458,28.918392974804277,29.296347249338996,171600
9732,2018-10-17,29.596769332885742,29.858428945763634,29.509548845779797,29.683987971551744,145500
9733,2018-10-18,28.869930267333984,29.645221354210726,28.608268832348173,29.432016767429563,117300
9734,2018-10-19,27.988039016723633,28.95715396928725,27.871746257542444,28.879624847019766,170900
9735,2018-10-22,28.12371826171875,28.346614272199282,27.92020314678072,28.055880506219474,122800
9736,2018-10-23,27.988039016723633,28.18186274661239,27.096453186427503,27.619776148063096,336900
9737,2018-10-24,26.708805084228516,27.929890032393175,26.660350080495277,27.910507291523913,172600
9738,2018-10-25,26.127342224121094,27.67792675472148,26.040123565634907,26.825106279533465,218900
9739,2018-10-26,26.631275177001953,27.135215333972724,25.72999808623034,25.826909939253927,297300
9740,2018-10-29,25.923826217651367,27.222440463906125,25.691238839754416,26.766957079912952,231100
9741,2018-10-30,25.96259307861328,26.408385114393926,25.730003839969168,25.768769329223275,209300
9742,2018-10-31,25.865678787231445,26.4568376556012,25.826913301599284,26.14672116430426,174100
9743,2018-11-01,26.582820892333984,26.892937351629417,25.991660236527128,26.107954832982866,196200
9744,2018-11-02,26.960779190063477,27.203057941733263,26.544059441441014,26.640971311796964,201100
9745,2018-11-05,26.301780700683594,27.173985685808844,26.0401210535862,26.980161945016526,208600
9746,2018-11-06,27.096452713012695,27.144909568858314,26.301778761545062,26.301778761545062,125300
9747,2018-11-07,27.32904624938965,27.37750126446389,26.93170921077177,27.222442998097907,121100
9748,2018-11-08,27.958967208862305,27.97834995185651,27.21274823954641,27.21274823954641,148300
9749,2018-11-09,27.096452713012695,27.997729898900637,27.096452713012695,27.716687528756253,126000
9750,2018-11-12,26.47621726989746,27.018921065539374,26.456834529371708,27.018921065539374,113800
9751,2018-11-13,26.534366607666016,26.873557211004247,26.1467209960395,26.456837485340714,194500
9752,2018-11-14,26.13702964782715,26.941394985829124,26.098266010850228,26.79602811239553,198200
9753,2018-11-15,26.931705474853516,27.028615491558813,25.991662785915402,25.991662785915402,248300
9754,2018-11-16,27.2902774810791,27.55193896731189,26.679735861642712,26.718499499358614,213200
9755,2018-11-19,26.7960262298584,27.619774252697,26.776643488511617,27.203054555941005,163700
9756,2018-11-20,27.338733673095703,27.484102404029784,26.292089531323466,26.47622190165049,275200
9757,2018-11-21,28.094648361206055,28.18186887377504,27.435649754436163,27.522870267005146,133000
9758,2018-11-23,27.920202255249023,28.540437103809282,27.852364501915904,27.871747245279696,54500
9759,2018-11-26,28.026811599731445,28.472603703554157,27.98804610456049,28.26909039922828,132700
9760,2018-11-27,27.590702056884766,28.25939189227036,27.513172934553108,27.77483441558748,65200
9761,2018-11-28,28.491975784301758,28.501667154466237,27.222435867792584,27.745756917595507,151600
9762,2018-11-29,28.104333877563477,28.714875489865868,28.065568391860417,28.317538503610006,92400
9763,2018-11-30,28.11402702331543,28.404760790676704,27.842674151588753,27.997732407306792,159800
9764,2018-12-03,28.889318466186523,28.889318466186523,28.03649805488768,28.482290080502022,165700
9765,2018-12-04,27.367801666259766,28.802091123283912,27.280581186588318,28.773018862353286,113700
9766,2018-12-06,27.183671951293945,27.3678042981344,26.29208617769801,26.970467340727076,292600
9767,2018-12-07,26.69912338256836,27.503488935535056,26.524684196893652,27.173991463633556,117200
9768,2018-12-10,26.582820892333984,27.135216066508963,26.39868855146236,26.863863240405507,155300
9769,2018-12-11,26.553747177124023,27.05768735521465,26.388997574611313,27.018921873004636,90500
9770,2018-12-12,26.834794998168945,27.55193987984649,26.602207618849757,26.989853251048405,124100
9771,2018-12-13,26.524677276611328,27.17398437394716,26.379308553814873,26.98985201392772,143500
9772,2018-12-14,25.885061264038086,26.57313388855217,25.749385752911454,26.224251890294877,125000
9773,2018-12-17,25.80753517150879,26.514990623222513,25.55556686362439,25.739697407967572,128300
9774,2018-12-18,25.788148880004883,26.45683685085928,25.778457508891627,26.107956732982213,136500
9775,2018-12-19,25.148530960083008,26.02073395065077,24.915941770721055,25.923822096489936,161900
9776,2018-12-20,24.644594192504883,25.332664939807128,24.276329465645546,25.100077566841293,114400
9777,2018-12-21,23.704551696777344,24.722123542277654,23.646405315115658,24.55737392053609,625200
9778,2018-12-24,23.394433975219727,24.16972703347085,23.394433975219727,23.73362457267709,108100
9779,2018-12-26,24.47015380859375,24.518608819333707,23.32659781010508,23.607642048029323,162600
9780,2018-12-27,24.343965530395508,24.441031154276327,23.606269380823186,23.96541163377038,152100
9781,2018-12-28,25.013717651367188,25.469923701493347,24.23719446970022,24.450739224060758,166900
9782,2018-12-31,25.130191802978516,25.46992053703815,24.85841029682894,25.2175506732045,140900
9783,2019-01-02,25.081666946411133,25.295209882688702,24.61575407560197,24.61575407560197,240800
9784,2019-01-03,24.363384246826172,25.217557847017403,24.256611852537326,24.858417368474672,124900
9785,2019-01-04,24.819591522216797,25.071961469559277,24.411917276720985,24.664287224063465,195600
9786,2019-01-07,25.295204162597656,25.431096774383683,24.518682886846467,24.877823282616607,246400
9787,2019-01-08,26.04261016845703,26.062023665520435,25.266088799650667,25.547577101578106,183100
9788,2019-01-09,26.47941017150879,26.751191782135848,26.178506457781165,26.178506457781165,106100
9789,2019-01-10,26.712360382080078,26.76089227223176,26.265859216918287,26.265859216918287,101600
9790,2019-01-11,26.760892868041992,26.916197141632622,26.547349954698124,26.566763451740197,150000
9791,2019-01-14,26.741485595703125,26.906496656224956,26.401758575252366,26.63471503986435,90900
9792,2019-01-15,26.751184463500977,26.7997182031017,26.129967407594624,26.76089121142112,141900
9793,2019-01-16,26.97443962097168,27.110330407536374,26.692949447232674,26.692949447232674,75600
9794,2019-01-17,26.770599365234375,27.110328154789286,26.625001841531684,26.828838004440858,181000
9795,2019-01-18,27.003559112548828,27.14915665425533,26.82884132195175,26.82884132195175,126100
9796,2019-01-22,26.61529541015625,26.984142598021815,26.450284387628056,26.68324079860204,178700
9797,2019-01-23,26.401756286621094,27.032680221675363,26.401756286621094,26.70265812923961,152700
9798,2019-01-24,27.120033264160156,27.304455919063525,26.38233709042814,26.38233709042814,226800
9799,2019-01-25,27.527713775634766,27.731549973310962,27.178278178048974,27.35299597684187,79400
9800,2019-01-28,27.061798095703125,27.780082766289866,26.95502755118878,27.246222638225298,114900
9801,2019-01-29,26.692947387695312,27.304457731427497,26.673533890720204,27.255925840362696,102100
9802,2019-01-30,27.15886116027832,27.285047043673348,26.557057543907234,26.819132356779527,263400
9803,2019-01-31,27.537416458129883,27.75095937434888,27.10062202566716,27.168567414856252,222000
9804,2019-02-01,27.178272247314453,27.702425529314496,27.110326862915826,27.59565315304644,108200
9805,2019-02-04,27.537416458129883,27.71213237974197,27.081208528363707,27.139447168901068,144100
9806,2019-02-05,28.508068084716797,28.896328760000436,27.799490269529603,27.82861051444073,260700
9807,2019-02-06,28.275110244750977,29.236057975873415,28.24599185078379,28.53718689869346,169100
9808,2019-02-07,27.945093154907227,28.440124421002295,27.85773426056735,28.042156947397604,127300
9809,2019-02-08,28.022737503051758,28.245987125862708,27.750954146125824,27.750954146125824,143200
9810,2019-02-11,28.72161102294922,28.81867665471363,28.042153451971263,28.23628471550009,162600
9811,2019-02-12,29.401065826416016,29.420477469843338,28.702194824595054,28.876912575050294,144500
9812,2019-02-13,29.43018341064453,29.67284653487659,29.12928165498114,29.323411043543157,172100
9813,2019-02-14,29.86698341369629,30.03199444338307,29.430188967062726,29.430188967062726,191300
9814,2019-02-15,30.51732063293457,30.536732279399033,29.964048904176728,30.090232937374477,564100
9815,2019-02-19,29.43989372253418,30.439666581922825,29.284589452330323,30.33289420189282,189500
9816,2019-02-20,30.09023666381836,30.57556306162188,29.43989921670671,29.43989921670671,207600
9817,2019-02-21,30.061113357543945,30.119353852348596,29.73109129247662,30.080526855812163,91100
9818,2019-02-22,30.711448669433594,30.721155417913735,30.158176965676418,30.197003959596977,128600
9819,2019-02-25,30.992944717407227,31.352085222631256,30.915292566166354,30.915292566166354,120900
9820,2019-02-26,31.08029556274414,31.216186329348496,30.88616430927549,31.03176182369056,118900
9821,2019-02-27,31.041471481323242,31.148243865877113,30.662917538083917,30.82792856358852,97200
9822,2019-02-28,31.177364349365234,31.206486448851138,30.740571735912642,30.99294166543716,192400
9823,2019-03-01,31.187068939208984,31.410318591909096,30.95411068701342,31.342373206424096,128100
9824,2019-03-04,30.6143856048584,31.187070818997334,30.575558610027887,31.187070818997334,214200
9825,2019-03-05,30.02228355407715,30.808511598216672,30.012576806449154,30.66291408654236,53300
9826,2019-03-06,29.352535247802734,30.148470106522655,29.31371010539767,30.061111221895057,102700
9827,2019-03-07,29.255468368530273,29.37194749352971,28.944859837028957,29.34282724943663,111400
9828,2019-03-08,29.323413848876953,29.517545107383977,29.1001641975549,29.1001641975549,73300
9829,2019-03-11,30.051408767700195,30.070822267363337,29.34283269235463,29.39136644151248,85500
9830,2019-03-12,30.041698455810547,30.284361603752885,29.71167642649914,30.099937092932297,81300
9831,2019-03-13,30.119354248046875,30.546440107320013,29.9737548604955,30.187299641505188,77500
9832,2019-03-14,30.03188133239746,30.206824629212022,29.827782055288964,30.09019514674807,71800
9833,2019-03-15,29.944408416748047,30.68305683105965,29.750028425884565,30.031880061453542,299900
9834,2019-03-18,30.09019660949707,30.255420636324637,29.740311852622032,29.886097322466867,225300
9835,2019-03-19,30.0124454498291,30.38177063239501,29.91525636850819,30.274860418426528,55400
9836,2019-03-20,29.80834197998047,30.381766377529594,29.613960137035374,30.022160524209962,93800
9837,2019-03-21,30.31373405456543,30.615024250356655,29.82778128868675,29.82778128868675,103800
9838,2019-03-22,28.505992889404297,30.2748608912567,28.486554331331362,30.022165197597367,136300
9839,2019-03-25,28.603178024291992,29.91525076787432,28.097786739484164,28.204696933437276,195800
9840,2019-03-26,28.758686065673828,29.264077408753096,28.6614951375797,28.79756132465382,183900
9841,2019-03-27,28.233854293823242,28.85587508011713,28.214417592503626,28.700370346984318,194500
9842,2019-03-28,28.476831436157227,28.80727946638333,28.243574330191038,28.28245144140008,168700
9843,2019-03-29,28.544862747192383,28.80727579939914,28.457391111869313,28.797556522834082,138200
9844,2019-04-01,28.92391014099121,29.30295272212283,28.729528284442154,28.8655963255316,180200
9845,2019-04-02,28.90447235107422,29.03082111731046,28.642057393903087,29.00166328192606,176200
9846,2019-04-03,29.439016342163086,29.555643955567575,28.991938880745902,29.234915238061493,249800
9847,2019-04-04,29.39042091369629,29.866654367061994,29.254354742381103,29.44873472229386,102000
9848,2019-04-05,29.798622131347656,29.83749924069663,29.35154649641012,29.4390181386827,108700
9849,2019-04-08,29.86665916442871,29.94441153963539,29.68199843191463,29.76946823197965,63000
9850,2019-04-09,29.448732376098633,29.876371263856583,29.40013784843263,29.808338183619217,110600
9851,2019-04-10,30.002723693847656,30.138789871066255,29.42929929876552,29.4487359999663,119700
9852,2019-04-11,29.672277450561523,30.0124429139687,29.613961782180798,29.769466523670577,50800
9853,2019-04-12,29.750032424926758,29.905537180025778,29.57508911199963,29.856940785455517,58800
9854,2019-04-15,29.672277450561523,29.87637672860583,29.3321101333916,29.79862435786094,45700
9855,2019-04-16,29.81805992126465,30.09991154176549,29.81805992126465,29.905531561293802,87200
9856,2019-04-17,30.440078735351562,30.546988929242517,29.95412600495639,30.10963073038184,112500
9857,2019-04-18,30.848278045654297,30.88715515255935,30.352606055189757,30.352606055189757,92700
9858,2019-04-22,30.129074096679688,30.809408769400175,29.788906760319442,30.809408769400175,132300
9859,2019-04-23,30.741371154785156,30.994066815501444,30.167948596492163,30.31373405550776,216000
9860,2019-04-24,30.265134811401367,31.10097408308837,30.187382450344145,30.692773724097336,181200
9861,2019-04-25,29.040536880493164,30.129071906981643,27.31054619611332,30.129071906981643,304300
9862,2019-04-26,29.166885375976562,29.856937417160232,28.564303127625692,28.904470436190085,238400
9863,2019-04-29,29.147443771362305,29.497330321144265,29.09884924112037,29.20575757840513,99800
9864,2019-04-30,29.108570098876953,29.2057591646394,28.739244975434293,29.14744535442941,180900
9865,2019-05-01,29.07941246032715,29.58480376220918,29.001660094942423,29.322388833874747,267000
9866,2019-05-02,28.972503662109375,29.390423341398424,28.642055629823272,29.050256031249475,88500
9867,2019-05-03,29.439016342163086,29.507049425609452,29.14744360112688,29.196039984847495,80700
9868,2019-05-06,29.613964080810547,29.66256047489986,28.826721034192552,28.92391196860829,112100
9869,2019-05-07,28.593463897705078,29.361268386522276,28.36992604623096,29.293235288574753,149700
9870,2019-05-08,27.806217193603516,28.67121250303336,27.73818410460512,28.583740858960383,219200
9871,2019-05-09,27.767337799072266,27.864528712686766,27.17447489441005,27.436889805040458,140600
9872,2019-05-10,27.650718688964844,27.835379442481006,27.21336037008328,27.650718688964844,98500
9873,2019-05-13,26.474702835083008,27.164756632036884,26.426108306658588,27.06756572142561,185200
9874,2019-05-14,26.416393280029297,26.688525649005978,26.153978335290873,26.494145650274454,251400
9875,2019-05-15,26.892620086669922,27.018966961713026,26.270601279511997,26.416386705719354,156200
9876,2019-05-16,26.68852996826172,27.096730441552392,26.43583611439119,26.892631131788573,142900
9877,2019-05-17,26.260889053344727,26.659370190367948,26.124821012431426,26.319202868728844,676100
9878,2019-05-20,26.79543685913086,26.912066345758127,25.79437528636586,26.04706910882647,122200
9879,2019-05-21,27.13559913635254,27.417450741451887,26.980094418967564,26.980094418967564,181400
9880,2019-05-22,27.592397689819336,27.961722833158888,27.359140582650376,27.359140582650376,111600
9881,2019-05-23,26.717683792114258,27.13560348217804,26.367797195081742,27.13560348217804,165700
9882,2019-05-24,26.649646759033203,27.096722363576085,26.63992748235673,26.95093692095395,71100
9883,2019-05-28,26.61076545715332,26.795427977369393,26.523295688379587,26.69823707968924,131100
9884,2019-05-29,26.367794036865234,26.620489676259435,26.309480228931967,26.338638059779864,135100
9885,2019-05-30,26.435834884643555,26.698248005881045,26.212295172367472,26.377519209912606,76100
9886,2019-05-31,25.71662139892578,26.066508009663654,25.590274486027564,26.056788731169508,105500
9887,2019-06-03,25.697181701660156,26.066504972592753,25.580552227082038,25.63886603748979,112600
9888,2019-06-04,26.92177963256836,26.931497055008744,25.881839324020305,26.076221140550988,143100
9889,2019-06-05,26.503862380981445,27.106442729026547,26.309480547169287,27.106442729026547,71300
9890,2019-06-06,26.494142532348633,26.591333447157986,25.89156034354066,26.367793786967724,87100
9891,2019-06-07,26.78571319580078,26.989814300545355,26.610769921380427,26.62048919815517,62300
9892,2019-06-10,27.359142303466797,27.51464705136027,26.921785895177464,26.980099712196814,357100
9893,2019-06-11,27.329984664916992,27.70902723320695,27.213355184186316,27.582678474601828,83500
9894,2019-06-12,26.91206932067871,27.417458875229627,26.853753644037333,27.27167339115219,54900
9895,2019-06-13,27.271669387817383,27.271669387817383,26.67880825909624,27.106445369113487,95000
9896,2019-06-14,26.727401733398438,27.1939159369329,26.659368643769994,27.106444292049858,86800
9897,2019-06-17,26.678802490234375,26.9898119043644,26.552453757142594,26.75655484376688,75400
9898,2019-06-18,27.14532470703125,27.524367311824527,26.688527871754342,26.921786855679468,57400
9899,2019-06-19,27.1841983795166,27.310547142904174,26.989818375958244,27.145323120310042,104600
9900,2019-06-20,27.592981338500977,27.66111185867719,27.203662754338716,27.55404855187603,82200
9901,2019-06-21,27.262062072753906,27.78764173572777,27.213396085911597,27.35939219002094,219100
9902,2019-06-24,26.979801177978516,27.40805252073233,26.960336642357635,27.271791489299567,119800
9903,2019-06-25,26.72674560546875,27.135530586081988,26.707281068424276,26.94087222071506,220400
9904,2019-06-26,26.707286834716797,27.164736041333928,26.658620840554637,26.921411639776714,142800
9905,2019-06-27,26.872743606567383,27.06740198574482,26.67808337097236,26.785146686191382,154600
9906,2019-06-28,26.84354591369629,27.018739766844647,26.72674939279148,26.8532791118065,398100
9907,2019-07-01,27.262062072753906,27.563783765505892,27.116067825062142,27.505386437712705,280200
9908,2019-07-02,27.11606788635254,27.398323185005584,26.892208059207093,27.300993067518554,102300
9909,2019-07-03,27.223129272460938,27.641647477050554,26.931140777193455,27.300992994960104,190000
9910,2019-07-05,27.184202194213867,27.23286633151996,26.863014061307254,27.086872063183836,59300
9911,2019-07-08,26.551557540893555,27.125803237604334,26.51262474824034,27.05767085046121,191200
9912,2019-07-09,26.551557540893555,26.65861900785443,26.308233156064162,26.405561424861734,177100
9913,2019-07-10,26.561288833618164,26.970071988645465,26.473691912850143,26.71701628022407,164400
9914,2019-07-11,26.405559539794922,26.678083499659007,26.240098895666296,26.609952973797384,75600
9915,2019-07-12,26.863008499145508,26.97006995033471,26.40555753494793,26.454223518595256,79000
9916,2019-07-15,27.252330780029297,27.291263572224125,26.775415214148907,26.96034226423892,113000
9917,2019-07-16,27.11606788635254,27.573517025198722,27.05766870200977,27.213396147421985,122600
9918,2019-07-17,27.02846908569336,27.320457561421154,26.872741651116208,27.18419652027051,116400
9919,2019-07-18,27.408056259155273,27.446989048542058,26.853277005316635,27.1160677644247,92500
9920,2019-07-19,27.631914138793945,27.846040766888034,27.37885657785757,27.37885657785757,144200
9921,2019-07-22,28.00176429748535,28.19642264732593,27.651376668788078,27.797370895272838,83300
9922,2019-07-23,28.186691284179688,28.468948415965354,27.904436008811455,28.128293961072025,123300
9923,2019-07-24,29.734230041503906,29.821826941917976,28.118556766071045,28.118556766071045,144200
9924,2019-07-25,30.74646759033203,30.84379770976946,29.646640396599036,30.259818849562507,152300
9925,2019-07-26,31.456968307495117,31.583497995559945,30.960586463799732,30.960586463799732,140000
9926,2019-07-29,30.834060668945312,31.49590317092489,30.357145185205294,31.398571207201552,255700
9927,2019-07-30,31.680828094482422,31.91442109282685,30.59073609882284,30.59073609882284,175500
9928,2019-07-31,30.6783390045166,31.83656174420236,30.522611546131664,31.680834285817422,183800
9929,2019-08-01,31.077390670776367,31.573770781275723,30.69780522518825,30.736736161352756,247300
9930,2019-08-02,28.868000030517578,30.79512838991608,28.605209293394847,30.746464263671463,180000
9931,2019-08-05,28.41055679321289,28.52735146286215,27.953105743902842,28.147766001875347,134800
9932,2019-08-06,28.59547996520996,28.955600859955876,28.138030804808416,28.66361235015364,144500
9933,2019-08-07,28.176963806152344,28.546816045085468,28.030967693745733,28.1964283455779,109300
9934,2019-08-08,28.809608459472656,28.91666992986872,28.322959674199193,28.420289802537443,82500
9935,2019-08-09,28.303491592407227,28.877737273359834,28.2742919987186,28.71227662195963,110600
9936,2019-08-12,28.25482177734375,28.36188321983681,28.069894767339658,28.069894767339658,41500
9937,2019-08-13,28.741474151611328,28.90693479112916,28.089364790737232,28.089364790737232,138700
9938,2019-08-14,27.612445831298828,28.264555111043656,27.39831923243445,28.147758615625147,79100
9939,2019-08-15,26.940874099731445,27.748710920570293,26.93114090232163,27.670847197709353,92900
9940,2019-08-16,27.57352066040039,27.68058398939276,27.14526920084875,27.14526920084875,254800
9941,2019-08-19,28.32295036315918,28.94586000947683,27.96282956362105,28.021228735276214,116300
9942,2019-08-20,27.914165496826172,28.284017635927427,27.894699106237372,28.196420734695018,103200
9943,2019-08-21,28.449480056762695,28.585742943153914,28.15749160498508,28.342418614533464,77000
9944,2019-08-22,28.459213256835938,28.73173717324089,28.186689340430988,28.62467387457871,64000
9945,2019-08-23,27.417789459228516,28.507883428738385,27.369125328907774,28.361887324941,103400
9946,2019-08-26,27.476186752319336,27.738977511122823,27.330192505123257,27.738977511122823,65800
9947,2019-08-27,27.096601486206055,27.787641793033725,27.0284709609039,27.738977662508635,110500
9948,2019-08-28,27.44698715209961,27.7487088233295,26.89220608017585,27.009002583848602,65700
9949,2019-08-29,28.050434112548828,28.29375849153543,27.719512808613633,27.748712402402393,62200
9950,2019-08-30,27.768177032470703,28.28402349501207,27.661113718471142,28.28402349501207,54500
9951,2019-09-03,27.369125366210938,27.6221810719248,27.125801001440426,27.49565321906787,100900
9952,2019-09-04,27.719512939453125,27.904439988152774,27.515121351220113,27.729246137428653,47100
9953,2019-09-05,28.605207443237305,29.11132249168291,28.15749157020894,28.225622085111752,61900
9954,2019-09-06,28.235361099243164,28.751209449888265,28.206161505517624,28.751209449888265,56300
9955,2019-09-09,29.393583297729492,29.413047835564196,28.245092026693026,28.35215348224526,114700
9956,2019-09-10,30.59073829650879,30.74646573564786,29.033462048700592,29.393582911970633,134900
9957,2019-09-11,31.89496421813965,31.914430616546966,30.60047842674006,30.873000578770757,131800
9958,2019-09-12,32.381614685058594,32.56653991006997,31.320720051391113,32.15775666125449,154900
9959,2019-09-13,32.51786804199219,33.101845033790276,32.29401007137508,32.585998567274125,169100
9960,2019-09-16,32.245338439941406,32.63465510629875,32.11880875977898,32.29400255913179,305700
9961,2019-09-17,32.021480560302734,32.14800652778459,31.622428841921902,32.04094323773509,76000
9962,2019-09-18,31.42777442932129,32.12854604356945,31.096853159624803,32.12854604356945,71500
9963,2019-09-19,31.52510643005371,32.0214902499731,31.340181235813695,31.661367490318508,183700
9964,2019-09-20,31.369373321533203,31.787891481415755,30.941123821743158,31.583499927845605,377000
9965,2019-09-23,31.52510643005371,31.612703356343285,30.85353247039061,31.213651517209772,114100
9966,2019-09-24,31.398576736450195,31.933893349110164,31.203920200394315,31.651636173859533,125000
9967,2019-09-25,32.021480560302734,32.206405698584575,31.310970310489598,31.310970310489598,90800
9968,2019-09-26,31.61220359802246,31.98250790262358,31.38807312131398,31.768120613009007,79700
9969,2019-09-27,31.855825424194336,32.08970281458692,31.54399138190756,31.729145400196902,133500
9970,2019-09-30,31.53424835205078,32.089702974985194,31.436797890002186,31.768122026257362,129200
9971,2019-10-01,30.83261489868164,32.03122750749651,30.637719582197334,31.56347651752152,104800
9972,2019-10-02,30.69618797302246,30.705933017642465,30.10175326194278,30.481802567414036,84100
9973,2019-10-03,30.413585662841797,30.803379992526285,30.199200268457016,30.58899273946439,119900
9974,2019-10-04,30.83261489868164,30.86185003255903,30.4915476301648,30.559761083868167,98500
9975,2019-10-07,30.783891677856445,31.19317240198621,30.59873954645687,30.70593317916355,99900
9976,2019-10-08,30.277162551879883,30.511038063754096,30.08226722132338,30.462314695784308,67500
9977,2019-10-09,30.49155044555664,30.647467456611334,30.374611757926928,30.56950895108399,54900
9978,2019-10-10,30.54027557373047,30.803386242045352,30.42333687936469,30.64746922200931,71600
9979,2019-10-11,31.037260055541992,31.378329215011608,30.6864458505244,30.6864458505244,87100
9980,2019-10-14,30.861852645874023,30.891087782226982,30.579251903827522,30.852107600423036,32700
9981,2019-10-15,31.524490356445312,31.787600935378283,30.978782830380236,30.998271057256233,172000
9982,2019-10-16,32.177398681640625,32.411272298787665,31.378323674572332,31.475770395491246,102600
9983,2019-10-17,33.08366775512695,33.14213430151953,32.459999811245005,32.459999811245005,175200
9984,2019-10-18,32.74260330200195,33.06418424050944,32.313832434680215,32.8887771317517,122500
9985,2019-10-21,32.84005355834961,33.414998251874025,32.80107337500951,33.034950757695235,88100
9986,2019-10-22,32.98622131347656,33.20060858917751,32.567193665890855,32.840051212425145,66400
9987,2019-10-23,32.90826416015625,32.98622080270564,32.606173341560286,32.92775425013224,61800
9988,2019-10-24,27.256271362304688,30.19920858117654,26.983417486831552,29.760692627590018,434600
9989,2019-10-25,27.178308486938477,27.646061364546632,26.3987234553871,27.285502125780788,354000
9990,2019-10-28,26.281780242919922,27.55835306781094,26.242801927397046,27.217283978270004,127700
9991,2019-10-29,26.486425399780273,26.59361903213105,25.999184319898156,26.096632907610022,164500
9992,2019-10-30,26.924945831298828,26.944435923888218,26.06740220281861,26.56438841178281,121800
9993,2019-10-31,25.99918556213379,26.92494254293596,25.726329875239017,26.915199356508737,168700
9994,2019-11-01,26.164844512939453,26.427955123570374,25.960202307334153,26.301271410891598,201400
9995,2019-11-04,25.97969627380371,26.632599446540663,25.882247678427962,26.554640941975535,216000
9996,2019-11-05,26.78851890563965,26.895712556224204,26.086892300385596,26.096637346682147,323900
9997,2019-11-06,26.038164138793945,26.817751026692488,25.999185816671545,26.79826093629263,146100
9998,2019-11-07,27.10034942626953,27.56810229425498,26.36948777722155,26.53514982535285,190800
9999,2019-11-08,26.749534606933594,27.509629461587924,26.691064342208556,26.95417495743988,108900
10000,2019-11-11,26.5351505279541,26.788516129373992,26.408468656582826,26.52540548266749,83400
10001,2019-11-12,26.515661239624023,26.915200673753997,26.44744777923125,26.67158011024987,59600
10002,2019-11-13,26.369491577148438,26.564388788450785,26.14536108522503,26.281788017930136,86900
10003,2019-11-14,26.1940860748291,26.593625568517375,26.1940860748291,26.28178963945852,51600
10004,2019-11-15,26.1356143951416,26.447448426672285,25.85301550107096,26.447448426672285,88000
10005,2019-11-18,25.93097496032715,26.116125261668014,25.85301644958428,26.086891981812883,57300
10006,2019-11-19,26.08688735961914,26.301272761506862,25.84326682437879,26.057652226266512,64500
10007,2019-11-20,25.765310287475586,26.24280634982964,25.69709682980748,25.891992157619594,143900
10008,2019-11-21,25.823780059814453,26.1551041790874,25.79454492269834,25.921228658190746,115600
10009,2019-11-22,26.203824996948242,26.3597419956946,25.804287455326048,26.038162953445582,202000
10010,2019-11-25,27.188051223754883,27.373203350031915,26.252549265322408,26.457189621725572,134200
10011,2019-11-26,26.642343521118164,27.129584621564835,26.60336334091733,27.129584621564835,122400
10012,2019-11-27,26.856725692749023,26.963919316678428,26.603360128074016,26.905450912115604,62800
10013,2019-11-29,26.681318283081055,27.012642335876958,26.574126519183825,26.817747036905693,57200
10014,2019-12-02,26.486425399780273,26.963921435023483,26.330508402912173,26.778769304238658,99000
10015,2019-12-03,26.008930206298828,26.281784030310128,25.9114816154331,26.125867028395877,154700
10016,2019-12-04,26.457195281982422,26.681325775139406,26.252554881798453,26.252554881798453,123700
10017,2019-12-05,26.476680755615234,26.681321120095955,26.408467300788327,26.58387438958737,142700
10018,2019-12-06,27.06136703491211,27.17830384031368,26.72029794491634,26.72029794491634,122500
10019,2019-12-09,26.8177547454834,27.139333846964863,26.7592844661758,27.002905053924717,89700
10020,2019-12-10,27.080862045288086,27.119840367949124,26.75928112527843,26.905454946620036,80100
10021,2019-12-11,27.34396743774414,27.392692658364123,27.119836998923585,27.15881717541957,82600
10022,2019-12-12,27.967639923095703,28.09432179145718,27.37320518547677,27.392695275586934,99700
10023,2019-12-13,27.9091739654541,28.006622572385957,27.382954461906223,27.792237124077943,81500
10024,2019-12-16,28.065092086791992,28.367182965921206,27.99687861688464,28.172285744462208,154100
10025,2019-12-17,28.09432029724121,28.25998233701216,27.948148346543828,28.25998233701216,86300
10026,2019-12-18,27.977384567260742,28.1917718522888,27.831212601172677,28.1917718522888,68800
10027,2019-12-19,28.14304542541504,28.182025606005677,27.89942487275547,27.957895143641434,81300
10028,2019-12-20,28.347688674926758,28.532840822031712,28.14304643682604,28.14304643682604,558200
10029,2019-12-23,28.630285263061523,28.83492748474675,28.055342494225005,28.28921799138153,137000
10030,2019-12-24,28.844675064086914,28.844675064086914,28.620544591951894,28.756971512611926,40500
10031,2019-12-26,29.10814094543457,29.10814094543457,28.825159650573962,28.86419071898567,47900
10032,2019-12-27,28.844676971435547,29.195965926196003,28.688548960695947,29.166691226235063,142700
10033,2019-12-30,29.127655029296875,29.234991854549595,28.77636613634376,28.893463054392257,71400
10034,2019-12-31,29.283782958984375,29.410636247211794,29.078863818072552,29.078863818072552,119200
10035,2020-01-02,29.68386459350586,29.713139291660493,29.234995194431058,29.459430824564752,80100
10036,2020-01-03,29.469188690185547,29.566767293766958,29.2252384588469,29.31306069102422,136600
10037,2020-01-06,29.27402687072754,29.47894416545023,28.981287346497265,29.088624179412363,167300
10038,2020-01-07,29.332576751708984,29.381367917115266,29.03007897096065,29.176448744794186,129300
10039,2020-01-08,29.517974853515625,29.732650364239216,29.35208863939528,29.35208863939528,114800
10040,2020-01-09,29.430152893066406,29.62531380360411,29.332572437797552,29.62531380360411,128000
10041,2020-01-10,29.195959091186523,29.517973270599924,29.020314654926075,29.332570603303644,107900
10042,2020-01-13,29.17644691467285,29.25451091323361,28.98128784886723,29.156930449734528,124500
10043,2020-01-14,29.069108963012695,29.439912476631257,28.893464507701417,29.108140030197166,126200
10044,2020-01-15,29.039836883544922,29.2252395876573,28.932498182028393,29.049595116518482,99000
10045,2020-01-16,29.99612045288086,30.005878685552606,29.108141752870484,29.283786218576726,135800
10046,2020-01-17,30.60111427307129,30.630387106472103,30.2107924565984,30.2107924565984,84100
10047,2020-01-21,29.800962448120117,30.337652235899483,29.60580151009527,30.337652235899483,158600
10048,2020-01-22,29.849746704101562,30.240066652951114,29.820472009990723,29.95708538798231,113100
10049,2020-01-23,30.04490852355957,30.054664894034467,29.478942254011745,29.869264075933334,114600
10050,2020-01-24,29.62531852722168,30.23031409620598,29.26427134351736,30.23031409620598,65500
10051,2020-01-27,29.478944778442383,29.635074637296633,28.9324967866264,29.010560785457255,72300
10052,2020-01-28,29.966842651367188,29.996117346350605,29.498458698786834,29.771683601721566,62700
10053,2020-01-29,29.664348602294922,30.12297624141973,29.615559299116484,29.918057073446544,104000
10054,2020-01-30,29.752168655395508,29.771685119712885,29.26426821461593,29.469187367563443,75800
10055,2020-01-31,28.600723266601562,29.64482991022588,28.542175734945825,29.64482991022588,88800
10056,2020-02-03,28.981285095214844,29.361846819390454,28.678785500990394,28.756849492133913,96300
10057,2020-02-04,29.839990615844727,30.484019042998806,28.94225373841897,28.952011970490087,227500
10058,2020-02-05,29.839990615844727,30.386438583480093,29.693620857162884,30.122973762329757,133600
10059,2020-02-06,29.4008846282959,30.00588209432583,29.225242003828615,29.908301617715484,68200
10060,2020-02-07,28.6202449798584,29.27403176369531,28.415327650885082,29.27403176369531,58300
10061,2020-02-10,28.307985305786133,28.639757772090384,28.190888374834746,28.45435507358093,71700
10062,2020-02-11,28.873950958251953,29.059353664373315,28.366534005284358,28.56169494448502,72800
10063,2020-02-12,29.449668884277344,29.498458180533483,29.04959069916148,29.19596044912225,62500
10064,2020-02-13,29.449668884277344,29.586280402748415,29.127654689886715,29.18620221763255,40000
10065,2020-02-14,29.25450897216797,29.59603964115758,29.2252361378953,29.40087872710854,85800
10066,2020-02-18,29.05934715270996,29.26426441787909,28.991039536461347,29.07886175330304,59400
10067,2020-02-19,28.873950958251953,29.264270975460622,28.815403420968817,29.195965205098187,57300
10068,2020-02-20,29.00079917907715,29.0983796315616,28.610479230331677,28.620237461699357,56700
10069,2020-02-21,28.58120346069336,29.000796199236248,28.52265407850326,29.000796199236248,50300
10070,2020-02-24,27.712743759155273,27.937177507899396,27.43952071240327,27.60540693129945,59900
10071,2020-02-25,26.844284057617188,27.917665462851033,26.815009359415257,27.78105206576794,72100
10072,2020-02-26,26.775981903076172,27.52734731306289,26.64912672160802,27.11751265008441,63200
10073,2020-02-27,25.86847496032715,27.058951060540224,25.84895850101415,26.219763783193173,143500
10074,2020-02-28,25.43912696838379,25.70259363531802,24.902437264207258,25.009774088327152,181500
10075,2020-03-02,26.492996215820312,26.56130198658065,25.37082546186114,25.6538086392313,78100
10076,2020-03-03,25.927024841308594,26.66863361210049,25.82944439703742,26.375894140479133,135000
10077,2020-03-04,26.70766830444336,26.746699368023467,25.839204340180363,26.27831543790841,87200
10078,2020-03-05,24.180343627929688,25.741623363053396,23.760749001168097,25.731866993252098,174600
10079,2020-03-06,24.26816749572754,24.35598785825613,23.214302672268232,23.214302672268232,130000
10080,2020-03-09,22.248258590698242,23.126480842882774,21.613988411714626,21.71156886875651,113600
10081,2020-03-10,23.165512084960938,23.165512084960938,22.072616169128423,22.941078334894385,135200
10082,2020-03-11,22.61906623840332,23.194788945752627,22.140923997945738,22.882532940653192,153800
10083,2020-03-12,20.752058029174805,21.41674979069794,20.204665581500777,21.10395410631278,184700
10084,2020-03-13,21.328779220581055,22.286716625025072,20.732511185540965,21.670900254856672,288500
10085,2020-03-16,19.412900924682617,21.534048718892194,19.178304165595158,20.35128796103245,173200
10086,2020-03-17,21.0159854888916,21.37765675718029,19.246733279070824,19.725702026948944,273500
10087,2020-03-18,18.3083438873291,20.72273966180738,18.239920047704338,20.038497536740138,211700
10088,2020-03-19,18.503843307495117,19.53997979495537,17.790277701244655,18.181272426285325,172200
10089,2020-03-20,17.82937240600586,19.579075987722078,17.71207494593219,18.562488056899568,259000
10090,2020-03-23,18.51361656188965,18.68956463670914,17.516578714185695,17.614327851797604,171600
10091,2020-03-24,19.67682647705078,19.67682647705078,18.445193622216628,19.00236130997727,244700
10092,2020-03-25,20.233991622924805,20.918231741671075,18.81663402827778,19.60839836665379,200400
10093,2020-03-26,23.371723175048828,23.381498272606542,20.595658858571436,20.595658858571436,179100
10094,2020-03-27,23.04916000366211,23.37173087165648,22.2769456863949,22.570191252058937,182100
10095,2020-03-30,24.251474380493164,24.31012499711889,22.80479272977582,23.7334069845041,156800
10096,2020-03-31,24.329666137695312,24.378541637084997,23.44015255730936,24.016870399239988,269400
10097,2020-04-01,21.20170783996582,23.31308103367755,20.937785724649416,23.117582756166932,150200
10098,2020-04-02,22.013023376464844,22.169421258779245,20.840037394697017,20.840037394697017,110000
10099,2020-04-03,21.143051147460938,21.88594177782568,20.673857653886117,21.40697318675023,144000
10100,2020-04-06,23.04916000366211,23.088260406769226,21.661127388326655,22.149871240706606,158900
10101,2020-04-07,23.186002731323242,24.17326532590127,22.970956153414843,23.704071775332338,161600
10102,2020-04-08,21.93482208251953,23.645425368207967,21.729548718743917,23.645425368207967,254500
10103,2020-04-09,21.690448760986328,22.374688911708187,21.553599239314355,22.179192524820298,408200
10104,2020-04-13,21.48517417907715,22.071667034939974,20.68363475064202,21.387425059031777,186400
10105,2020-04-14,21.045312881469727,22.022800675723424,20.830264373511508,21.99347537070821,299900
10106,2020-04-15,19.764801025390625,20.40994277137837,19.012136898011498,20.36106913114682,167700
10107,2020-04-16,20.84004020690918,20.879140614969007,19.236960764657727,19.657280829250507,248400
10108,2020-04-17,22.110767364501953,22.218289718271112,21.02575567752757,21.524274510342575,137000
10109,2020-04-20,21.397205352783203,21.74910152462423,21.133285088312277,21.51450469820016,92900
10110,2020-04-21,20.918237686157227,21.17238472742615,20.3415197587412,20.683640847542055,106300
10111,2020-04-22,21.2896785736084,21.631797709530204,21.123505622842327,21.32877710439541,142200
10112,2020-04-23,22.228069305419922,23.254432473564748,21.534053957342067,22.276944807375255,159900
10113,2020-04-24,21.52428436279297,22.09122727962864,21.387434786722125,22.09122727962864,98800
10114,2020-04-27,22.374691009521484,22.57018927914846,21.32877955515941,21.37765505477099,105700
10115,2020-04-28,23.176223754882812,23.537894888188905,22.76568086513246,22.76568086513246,113400
10116,2020-04-29,24.016870498657227,24.378541737999363,23.57700218878723,24.036420698494027,278800
10117,2020-04-30,22.638612747192383,23.352178250266537,22.570188913255084,23.352178250266537,141800
10118,2020-05-01,21.885948181152344,22.501766453001665,21.27013177371278,22.384467113084256,108200
10119,2020-05-04,21.299453735351562,21.79797072471354,20.820483214826663,21.524275415167274,134400
10120,2020-05-05,21.152830123901367,21.797971761973105,21.064856094672535,21.77842342779635,140900
10121,2020-05-06,20.634767532348633,21.2799093148674,20.59566712642145,21.055087574016003,76500
10122,2020-05-07,20.810707092285156,21.04530383837139,20.644534164089592,21.04530383837139,122400
10123,2020-05-08,21.700227737426758,21.934824562256097,21.2212571226058,21.289682827872962,285300
10124,2020-05-11,21.172382354736328,21.5242785054287,20.703188730086318,21.5242785054287,213100
10125,2020-05-12,19.989622116088867,21.123507580118346,19.93097151785968,21.113732480413482,202500
10126,2020-05-13,19.03168487548828,19.833226356758136,18.79708805087631,19.833226356758136,91200
10127,2020-05-14,18.601587295532227,18.621135628054912,17.839146394865654,18.572262000134106,163200
10128,2020-05-15,18.41586685180664,18.60159002105495,17.907572843553204,18.582039821258356,240100
10129,2020-05-18,20.155797958374023,20.273095442750844,19.227183862409674,19.227183862409674,420800
10130,2020-05-19,19.29560661315918,19.950523434478995,19.276056412066698,19.950523434478995,262800
10131,2020-05-20,20.742286682128906,20.928009852473235,19.579077753512053,19.647501588794256,230100
10132,2020-05-21,20.17534065246582,20.673859482640157,19.98961937675314,20.527236735979322,256400
10133,2020-05-22,20.40016746520996,20.449041100483154,19.970072390049104,20.321968530127048,128200
10134,2020-05-26,21.915271759033203,22.00324579095141,21.074631838219055,21.22125460327953,386000
10135,2020-05-27,22.697263717651367,22.804787961238063,22.188971530718415,22.46266689343389,245300
10136,2020-05-28,21.25058364868164,22.853662976208167,21.1430593986222,22.853662976208167,117700
10137,2020-05-29,20.859588623046875,21.113735660422382,20.585891383317115,20.879138825401125,181200
10138,2020-06-01,20.43927001953125,21.113737132498247,20.429494917672592,21.113737132498247,161500
10139,2020-06-02,20.712961196899414,21.03553200588629,20.4979127479685,20.70318609791078,198100
10140,2020-06-03,21.582931518554688,22.00325158973378,21.143061243039334,21.143061243039334,119600
10141,2020-06-04,21.837074279785156,22.149870029904054,21.23103111562249,21.27990661683465,251100
10142,2020-06-05,22.68748664855957,23.24465615519714,22.53108877931699,22.77546068305973,171000
10143,2020-06-08,22.521316528320312,23.17623146914583,22.374691888137544,22.970959955945546,504300
10144,2020-06-09,22.16942024230957,22.609288566997144,21.73932515345995,22.052120903747042,125800
10145,2020-06-10,20.869359970092773,21.973920102672853,20.810711237990095,21.973920102672853,121700
10146,2020-06-11,19.940750122070312,20.185122064410415,19.67682797688461,19.84300097225228,224300
10147,2020-06-12,19.7257022857666,20.791164038801078,19.266281868852193,20.791164038801078,146100
10148,2020-06-15,20.14602279663086,20.2535451795843,18.77753847734809,19.012137174215344,214000
10149,2020-06-16,20.233991622924805,21.182153809266218,20.06781867641039,20.888908310433447,128800
10150,2020-06-17,19.42268180847168,20.273095080440115,19.412906707546657,20.273095080440115,97700
10151,2020-06-18,19.667537689208984,19.67733250390926,19.12883595788308,19.12883595788308,388900
10152,2020-06-19,19.696929931640625,19.931999973005563,19.491242477839666,19.628368069763845,329500
10153,2020-06-22,20.039737701416016,20.274809592891526,19.21699355393365,19.54021506949938,166500
10154,2020-06-23,19.83405303955078,20.29439828940883,19.598983005484722,20.245426066209028,341300
10155,2020-06-24,19.23657989501953,19.66754250654139,19.15822322639468,19.579391020817138,210200
10156,2020-06-25,19.256168365478516,19.256168365478516,18.38445024618772,19.05048282333269,166900
10157,2020-06-26,19.20720100402832,19.363914371402515,18.688086806994605,19.070075406447874,293600
10158,2020-06-29,19.491241455078125,20.01035560345959,19.305143648198655,19.48144663701389,152100
10159,2020-06-30,19.62837028503418,19.88302812412574,19.28555906878977,19.28555906878977,105000
10160,2020-07-01,19.01130485534668,19.88302303415619,18.864386334044116,19.69692711231911,134800
10161,2020-07-02,19.265966415405273,19.765490932099517,19.158225283911257,19.491241628374087,95200
10162,2020-07-06,19.363910675048828,19.84384550453946,19.158223252026932,19.608775498350393,123900
10163,2020-07-07,18.717472076416016,19.187612198946113,18.629320569920274,19.187612198946113,381600
10164,2020-07-08,18.50198745727539,18.707674902602786,18.119998889315212,18.61952340720112,154200
10165,2020-07-09,18.071027755737305,18.511783391139033,17.79677843482886,18.41383707165954,213000
10166,2020-07-10,18.541166305541992,18.59993334507433,18.139588110425098,18.257122189489774,97700
10167,2020-07-13,18.629316329956055,19.285554135527704,18.61952151277793,18.874181154898157,126300
10168,2020-07-14,18.942747116088867,19.030898621643725,18.384455493021935,18.66849778012144,129100
10169,2020-07-15,19.73610496520996,20.000559430518148,19.471650499901777,19.471650499901777,152900
10170,2020-07-16,19.667537689208984,19.80466135867306,19.314931832678642,19.65774287450871,80900
10171,2020-07-17,19.47164535522461,19.912402680950755,19.41287833451776,19.62836052405939,82500
10172,2020-07-20,19.19740867614746,19.44227357796523,18.952543774329687,19.354122063857158,66400
10173,2020-07-21,19.43247413635254,19.785080108929378,19.305143371512905,19.51083081157289,97300
10174,2020-07-22,19.35411834716797,19.765491377950195,19.2561720316159,19.3737079839125,78400
10175,2020-07-23,20.441320419311523,20.48049782754136,19.344324966315238,19.344324966315238,222500
10176,2020-07-24,19.363910675048828,20.49028848860197,19.32473140659881,20.49028848860197,127000
10177,2020-07-27,20.049537658691406,20.28460774225373,19.344327408004435,19.45206856353461,112700
10178,2020-07-28,19.667537689208984,20.108295009871913,19.55979659567585,19.88301800810537,153100
10179,2020-07-29,20.274808883666992,20.323781102911866,19.608776240182372,19.638158824461133,198700
10180,2020-07-30,20.245426177978516,20.58823734678138,19.84384796737734,19.8928201908475,155700
10181,2020-07-31,19.452064514160156,20.55885282738517,19.148430751450604,20.049533484940664,175200
10182,2020-08-03,20.206249237060547,20.49029339685214,19.207201938487565,19.295353445445592,198000
10183,2020-08-04,20.48049545288086,20.823306608954802,20.235630608280974,20.274809880138797,149100
10184,2020-08-05,20.431520462036133,20.69597303855176,20.16706601735026,20.69597303855176,157800
10185,2020-08-06,20.82330322265625,20.931044334573834,20.51967138781693,20.51967138781693,99500
10186,2020-08-07,21.293445587158203,21.303240404628134,20.59803036032662,20.647002579505877,79200
10187,2020-08-10,21.254270553588867,21.50892836349934,21.2150912793438,21.31303759678585,96000
10188,2020-08-11,21.753793716430664,21.959481174541366,21.45995662561042,21.577492582840918,125500
10189,2020-08-12,21.959476470947266,22.46879572956837,21.841940538892295,21.861530172263166,93800
10190,2020-08-13,21.567697525024414,21.802767568709477,21.342422300014224,21.802767568709477,119000
10191,2020-08-14,21.52851676940918,21.792971250927426,21.264062287890937,21.352213781730352,105600
10192,2020-08-17,21.63625717163086,21.675434574147236,21.15632231473993,21.54810568075595,81500
10193,2020-08-18,21.195505142211914,21.626467889218986,21.087765856588344,21.538316375781836,143600
10194,2020-08-19,21.322832107543945,21.52851768984955,21.107349838647874,21.293447652284318,110800
10195,2020-08-20,21.00940704345703,21.14653077578069,20.68618548285788,21.038789632857394,97200
10196,2020-08-21,20.6763858795166,21.05837439870181,20.451108826604777,20.95063328070791,110800
10197,2020-08-24,21.068166732788086,21.15631820654549,20.79391749574615,20.989810074800403,105900
10198,2020-08-25,21.40119171142578,21.43057430253025,21.03879085304695,21.2542731513909,52800
10199,2020-08-26,21.224885940551758,21.71461565596073,21.205296303574453,21.362009663051676,81400
10200,2020-08-27,20.8428955078125,21.44036443715187,20.793921419722096,21.44036443715187,88600
10201,2020-08-28,20.931047439575195,20.999609296177074,20.637208509347964,20.980019660527827,129800
10202,2020-08-31,20.470699310302734,20.999608237135806,20.441316726481155,20.862482662677017,214600
10203,2020-09-01,20.82330322265625,20.842892855399484,20.196449920234375,20.470697305958844,109300
10204,2020-09-02,21.36200523376465,21.420774132511173,20.862480803440498,20.999606365678837,97700
10205,2020-09-03,20.353166580200195,21.39139299946656,20.265015086584413,21.37180336351405,119800
10206,2020-09-04,20.59803009033203,20.950634173775725,20.47069933306233,20.744948614114435,107100
10207,2020-09-08,20.167070388793945,20.568648617102777,20.13768593251379,20.44131970956342,81600
10208,2020-09-09,19.95158576965332,20.47069797717894,19.863434287588543,20.37275167842138,113500
10209,2020-09-10,19.8536434173584,20.14748050386909,19.706724874103053,20.14748050386909,113600
10210,2020-09-11,20.225841522216797,20.35317232366912,19.853647674942156,19.92220955195293,136700
10211,2020-09-14,20.63720703125,20.68618111686544,20.32378035599255,20.4609040593751,406000
10212,2020-09-15,21.00940704345703,21.332628604056183,20.705773253067875,20.862486623772266,104000
10213,2020-09-16,21.489334106445312,21.724404076431078,20.960425272849797,21.15631784858963,277700
10214,2020-09-17,21.76358413696289,21.802763404178783,21.185703022720453,21.38159562245935,157900
10215,2020-09-18,22.468799591064453,22.60592331188617,22.086809147364477,22.096603965733255,629700
10216,2020-09-21,21.27385711669922,22.19454945939498,20.245425512277617,22.06722056165698,307500
10217,2020-09-22,20.862478256225586,21.273851156373386,20.265009470612586,21.273851156373386,216500
10218,2020-09-23,20.81351089477539,21.773380595914716,20.73515422260423,20.94083978648962,199200
10219,2020-09-24,20.911643981933594,21.137345931703056,20.636879320517714,20.980335147287565,202100
10220,2020-09-25,21.19622230529785,21.35323120690279,20.646691149680567,20.71538231017101,108300
10221,2020-09-28,21.69668960571289,21.932202965986388,21.412109792240454,21.412109792240454,123400
10222,2020-09-29,21.539684295654297,21.853702161788362,21.176599968127956,21.559309008517086,403300
10223,2020-09-30,21.61818504333496,21.951829436630998,21.490614137354466,21.539680590306116,288000
10224,2020-10-01,22.079397201538086,22.167714940079733,21.657435088882146,21.785005987528386,96200
10225,2020-10-02,21.961639404296875,22.138274879863108,21.61818361479995,21.686874772699333,108200
10226,2020-10-05,22.687808990478516,22.746686861301146,22.20696711839677,22.20696711839677,95900
10227,2020-10-06,23.149024963378906,23.835940394953926,22.835007122096833,23.09996037756382,140600
10228,2020-10-07,24.0125732421875,24.08126628045533,23.315846413573276,23.46304203790223,240500
10229,2020-10-08,24.414905548095703,24.660232179643543,24.08126305114881,24.356027680598448,134800
10230,2020-10-09,24.395280838012695,24.670045467439284,24.159767496349765,24.54247644259032,81900
10231,2020-10-12,24.601354598999023,24.70929891708068,24.29715009640689,24.375654544549818,77400
10232,2020-10-13,24.30696678161621,24.758366953566803,24.159771154749453,24.43453582578235,170300
10233,2020-10-14,24.30696678161621,24.846684704025648,24.267713616214973,24.287340198915594,99000
10234,2020-10-15,24.866308212280273,25.013503820947914,24.012570687298027,24.051823847846045,84300
10235,2020-10-16,25.268644332885742,25.680793169687938,25.04294426960433,25.04294426960433,117300
10236,2020-10-19,25.22939109802246,25.87705515827894,25.170513227705964,25.474717741317246,118100
10237,2020-10-20,25.376590728759766,25.582664228152634,25.19995523116936,25.35696414642885,180300
10238,2020-10-21,25.759296417236328,25.926118602234748,25.249016572336025,25.307896311766292,138700
10239,2020-10-22,26.613037109375,26.65228840200248,25.61210387950673,26.004626164250986,192100
10240,2020-10-23,26.63265609741211,27.06443145370426,26.367704781947225,26.6228428084403,78800
10241,2020-10-26,26.014434814453125,26.24994814328498,25.582659442414617,26.24994814328498,119500
10242,2020-10-27,26.053691864013672,26.20088936483038,25.926122817892356,26.053691864013672,212900
10243,2020-10-28,25.05275535583496,25.84761308841726,24.92518446402563,25.484528863683305,290300
10244,2020-10-29,25.965368270874023,26.730787990490345,25.23920170842992,25.23920170842992,185500
10245,2020-10-30,27.12331199645996,27.35882533997888,25.788736383186095,26.024249726705012,179100
10246,2020-11-02,27.623779296875,27.810228067397933,26.809294926730054,27.368639366605127,209400
10247,2020-11-03,28.065364837646484,28.889662405185412,28.026111681242956,28.310691450087987,153100
10248,2020-11-04,26.779857635498047,27.672846479194106,26.426586665528166,27.43733125141834,129600
10249,2020-11-05,28.683591842651367,28.75228300607567,26.81910965268873,26.81910965268873,195200
10250,2020-11-06,28.791536331176758,29.15461873180576,28.408827348974885,28.850414204201545,170200
10251,2020-11-09,28.987796783447266,30.862092169947903,28.9485436224953,29.77284128554931,165500
10252,2020-11-10,31.00928497314453,31.342929324259572,29.390129664317747,29.429380950022928,233200
10253,2020-11-11,30.9798526763916,31.39200157133736,30.322377102827993,31.22517935500946,160200
10254,2020-11-12,29.53732681274414,31.12704233702814,29.046673549647707,30.62657578406654,222800
10255,2020-11-13,30.695268630981445,30.862090814312083,29.89059571205543,29.92003558147624,140200
10256,2020-11-16,31.146669387817383,31.490127051518037,30.499007220470407,31.333118154688083,221700
10257,2020-11-17,31.431245803833008,31.607881272217785,30.5676969126885,30.5676969126885,239600
10258,2020-11-18,30.46957015991211,31.813959196941255,30.46957015991211,31.598074283511263,152400
10259,2020-11-19,30.37143325805664,30.59713327660975,29.645264888609734,30.302740239124777,177400
10260,2020-11-20,30.16536521911621,30.77377614595057,29.79246952774239,30.077047473741967,605300
10261,2020-11-23,30.587326049804688,30.646203920292393,29.723777086441228,30.42050385701139,144200
10262,2020-11-24,31.56863021850586,32.39292787812258,30.901343330348556,30.98966107042847,310200
10263,2020-11-25,31.077978134155273,31.686389011276695,30.979847106013924,31.382182636869143,107000
10264,2020-11-27,30.714895248413086,31.362557442386205,30.273308409809832,30.989661765008318,49000
10265,2020-11-30,29.890592575073242,30.852274286595605,29.65507925950454,30.47937679984173,242900
10266,2020-12-01,30.587326049804688,30.73452166187083,30.15555063227608,30.518634888953404,94300
10267,2020-12-02,30.46957015991211,30.734523399628113,30.253683374788253,30.626579071219254,83500
10268,2020-12-03,30.48919105529785,30.724704378333655,30.263491021350227,30.665826515498082,57500
10269,2020-12-04,31.706012725830078,31.774703877812993,30.43031321867055,30.48919108155683,68100
10270,2020-12-07,31.5882568359375,31.69620115653812,31.077978846947577,31.578445417422646,71800
10271,2020-12-08,31.813955307006836,32.235917406436116,31.3723684998341,31.401808368989734,117000
10272,2020-12-09,32.000404357910156,32.28498413059784,31.66676001074906,31.912086626503186,120400
10273,2020-12-10,31.89232635498047,32.27550528793555,31.78424947686813,31.78424947686813,72500
10274,2020-12-11,32.373756408691406,32.86501218500544,31.587747916185787,31.587747916185787,143400
10275,2020-12-14,32.020057678222656,32.84536768772397,31.931631471919484,32.60956322158724,135400
10276,2020-12-15,33.03204345703125,33.04187067324554,32.314810340765604,32.44253791565765,162300
10277,2020-12-16,32.599727630615234,33.267835663574104,32.344272574963256,33.23836152176174,98300
10278,2020-12-17,32.98291015625,33.17941320227864,32.45235305636783,32.77658364451267,107900
10279,2020-12-18,34.12263107299805,34.73178728080704,33.120468683901805,33.120468683901805,401000
10280,2020-12-21,32.87483596801758,33.375918963554646,32.29515399646507,33.375918963554646,80200
10281,2020-12-22,33.10081481933594,33.18924101422934,32.481835203066495,32.776587936716375,74200
10282,2020-12-23,33.44469451904297,33.709973090930106,33.21871730920967,33.23836799023659,74000
10283,2020-12-24,33.11064910888672,33.87700712971681,32.943620150406865,33.47417743312854,39000
10284,2020-12-28,34.21105194091797,34.32895227772281,33.6608441225218,33.67067133691295,129900
10285,2020-12-29,33.02222442626953,34.299489102872094,32.51131780603144,34.289665633322564,79500
10286,2020-12-30,33.37593078613281,33.5822573877415,33.130302808602806,33.130302808602806,64600
10287,2020-12-31,33.7296257019043,33.985077073902346,32.94361340779009,33.552773310527044,58800
10288,2021-01-04,33.090999603271484,34.309312205594985,32.49166677155423,34.20123904976434,142100
10289,2021-01-05,33.8671760559082,34.37808253773501,33.120465140936595,33.14011582269736,111900
10290,2021-01-06,35.773258209228516,35.861684430346045,34.42721795264872,34.66301871030516,215700
10291,2021-01-07,36.352935791015625,36.49048684027701,35.10514538302527,35.74377953800738,133000
10292,2021-01-08,36.04835510253906,36.608386505549376,35.46867301458287,36.235034735532444,93300
10293,2021-01-11,35.67500305175781,36.27433207195821,35.06584306718447,35.45884926703921,127200
10294,2021-01-12,36.2252082824707,36.293983807238185,35.65535339897089,35.65535339897089,98000
10295,2021-01-13,35.69464111328125,36.45117159628257,35.49813808284639,36.402046775669746,65100
10296,2021-01-14,35.86167526245117,36.569084850544975,35.792899746718106,35.96975214374156,110200
10297,2021-01-15,34.66300582885742,35.52761703092411,34.584406854842676,35.164088811639736,179200
10298,2021-01-19,34.78091812133789,35.35077299839824,34.55493711624409,35.114972272712905,165700
10299,2021-01-20,34.85951232910156,35.37041882860623,34.53528543879125,34.81038749699206,91300
10300,2021-01-21,34.22088623046875,35.07567040800252,33.768927974637016,35.07567040800252,108900
10301,2021-01-22,34.132450103759766,34.466504153350385,33.63136715538192,33.63136715538192,153600
10302,2021-01-25,33.3661003112793,34.407564183623535,33.100821671682596,33.8180548463025,120300
10303,2021-01-26,31.617231369018555,33.76893095328966,31.430553594358294,33.59207852192653,93700
10304,2021-01-27,29.5343017578125,30.791917433169612,29.347625880417663,30.772266749025192,185000
10305,2021-01-28,30.595409393310547,31.076839833061047,29.524471642480552,29.97642793477193,166400
10306,2021-01-29,29.96660614013672,30.84104093274514,29.897830622604683,30.38908646096758,118400
10307,2021-02-01,30.929466247558594,31.09649330277698,29.66202719536561,30.281008709414788,100100
10308,2021-02-02,31.381420135498047,31.70564887930973,30.801738158078354,31.489495134107205,93900
10309,2021-02-03,31.037548065185547,31.65653155167796,30.644543718043362,31.19474980404242,128900
10310,2021-02-04,31.9316349029541,32.37376598197667,31.076848774841345,31.194751020578238,167100
10311,2021-02-05,32.0102424621582,32.521145399192356,31.577934787456652,32.422895699297904,203300
10312,2021-02-08,32.80607223510742,33.110652277966615,32.04953761096208,32.19691589737455,175900
10313,2021-02-09,32.14778518676758,33.13029692232419,31.921807937347737,32.639041054545885,228900
10314,2021-02-10,31.882503509521484,32.825713785645505,31.754775946717874,32.629210707790214,134400
10315,2021-02-11,32.1969108581543,32.295160535061626,31.617228769237226,32.177260173175846,124400
10316,2021-02-12,32.12813949584961,32.47201715754805,31.78425808616575,32.09866159057159,83800
10317,2021-02-16,31.75477409362793,32.42288227055693,31.74495062690144,32.42288227055693,113700
10318,2021-02-17,31.68599510192871,32.24602634342642,31.371591729438205,31.469841377847548,111000
10319,2021-02-18,30.988420486450195,31.784252579351122,30.988420486450195,31.49932702958838,110500
10320,2021-02-19,31.577922821044922,31.93162760340631,31.194743889481547,31.194743889481547,385100
10321,2021-02-22,30.988420486450195,31.73512774304615,30.949119118212312,31.29299859432426,174900
10322,2021-02-23,30.69366455078125,31.096494188250492,30.349785089187616,30.742791259004512,144300
10323,2021-02-24,31.75477409362793,31.784248241791655,30.732963020789313,30.919638872466674,164800
10324,2021-02-25,30.77226448059082,31.970929889145225,30.654364132400314,31.568100263841867,131100
10325,2021-02-26,31.607398986816406,31.88250480619627,30.546288320017187,30.85086641648719,263000
10326,2021-03-01,32.462181091308594,32.540780062918174,32.02987362951204,32.18707532071516,93200
10327,2021-03-02,31.518980026245117,32.42288907412736,31.46985143835083,32.403238388566656,148200
10328,2021-03-03,31.89232635498047,32.462184894851184,31.676176346740196,31.676176346740196,105300
10329,2021-03-04,31.46002769470215,32.147786691377874,31.184923721233357,31.72530632547643,122900
10330,2021-03-05,32.14778518676758,32.21656070841775,31.56810311286978,32.079009665117404,208600
10331,2021-03-08,32.12813949584961,32.747123034892226,31.970937743646687,32.4228923127319,388200
10332,2021-03-09,32.088829040527344,32.63903689153625,31.931627332808276,32.50148586578011,148200
10333,2021-03-10,32.38359832763672,32.560450807721,31.941467127426023,32.22639653956028,165300
10334,2021-03-11,32.85519027709961,33.30714851277292,32.42288647339551,33.01239200099062,177000
10335,2021-03-12,32.70780944824219,33.032036301365586,32.38357884713478,32.71763291434362,143600
10336,2021-03-15,32.42288589477539,32.59973829949475,31.862854529158952,32.59973829949475,146400
10337,2021-03-16,32.66851043701172,33.40539413107965,32.42288253898907,32.491658050596676,274900
10338,2021-03-17,33.05169677734375,33.06152399434176,32.226386704811446,32.63904361507016,174600
10339,2021-03-18,32.74674987792969,33.071362740791734,32.589361027235256,32.69756656567134,213500
10340,2021-03-19,32.304100036621094,32.74675745425227,32.03850558604239,32.74675745425227,368900
10341,2021-03-22,31.50731086730957,32.146705213878505,31.418781276353155,32.146705213878505,81900
10342,2021-03-23,29.697343826293945,31.29090674207256,29.60881234472586,31.222049340013715,325100
10343,2021-03-24,29.687509536743164,31.074500374833864,29.638324333413625,30.071144741595244,155800
10344,2021-03-25,29.864566802978516,30.051464911204835,28.831700245336876,29.313703888413652,332300
10345,2021-03-26,30.208852767944336,30.376078669227404,29.63831767113562,30.218689806399016,173600
10346,2021-03-29,29.58913230895996,30.700691310347654,29.569458233411087,30.149830328541025,361600
10347,2021-03-30,30.415430068969727,30.671187467416,29.687506031648834,29.953100469599597,161900
10348,2021-03-31,30.553142547607422,30.936779554232906,29.95309819322357,30.523633307560054,226600
10349,2021-04-01,31.143352508544922,31.251558061319546,30.5236340613433,30.720369212669578,140400
10350,2021-04-05,31.615514755249023,31.89094430429759,31.04497970564731,31.47779998072474,123000
10351,2021-04-06,30.936779022216797,31.88111221195899,30.926941983629074,31.526986327694033,241000
10352,2021-04-07,30.385915756225586,31.15318787090717,30.336732440096856,31.15318787090717,95900
10353,2021-04-08,30.769550323486328,30.858081786510137,30.061298619295837,30.641670709686114,153900
10354,2021-04-09,30.464609146118164,30.907266481034345,30.277711050240825,30.907266481034345,94900
10355,2021-04-12,30.562978744506836,30.59248985996462,30.159669547700027,30.42526395815034,79000
10356,2021-04-13,29.84488868713379,30.48428111179272,29.59896837947858,30.376075576033053,125900
10357,2021-04-14,30.080976486206055,30.307222753018035,29.825219102592076,29.825219102592076,77100
10358,2021-04-15,30.31705665588379,30.376077007159246,29.96293079578477,30.218688152942605,54000
10359,2021-04-16,30.17934226989746,30.53346813460089,29.864564557371377,30.53346813460089,105300
10360,2021-04-19,30.346567153930664,30.385913428574955,29.805541336842595,30.071135726528205,156400
10361,2021-04-20,30.06130027770996,30.346568757907214,29.91374845660454,30.297383566723276,265400
10362,2021-04-21,30.543310165405273,30.740047218090485,29.510445329366867,30.140000896001812,90300
10363,2021-04-22,30.366243362426758,30.799061795032618,30.287548931387217,30.799061795032618,126500
10364,2021-04-23,30.68102264404297,31.035146663585657,30.28755046887147,30.52363377397437,105700
10365,2021-04-26,30.9859619140625,31.52698589540604,30.818736012810692,30.838410089716373,111700
10366,2021-04-27,30.9171085357666,30.99580297738472,30.5137992879458,30.81874001468808,92400
10367,2021-04-28,31.24172019958496,31.32041463328776,30.523633257518984,30.749879519886626,144300
10368,2021-04-29,29.402233123779297,32.707402854756644,29.313701657683605,31.792578955916614,182600
10369,2021-04-30,31.98931121826172,32.10735190472808,29.707171266868013,29.923580442871593,320500
10370,2021-05-03,31.12367820739746,33.140224282317966,31.084331927903644,32.13686882621069,259700
10371,2021-05-04,31.29090118408203,31.487636315559232,30.612162447584428,31.084329014597497,194500
10372,2021-05-05,31.625356674194336,31.91062141176678,30.94661414604943,31.271230790370304,121600
10373,2021-05-06,32.02866744995117,32.07785076902428,31.2220471330993,31.654867470591437,111200
10374,2021-05-07,32.56968688964844,32.91397382724562,31.822087035942864,31.871274100553478,107400
10375,2021-05-10,31.75322914123535,32.75658445363727,31.75322914123535,32.4811549079589,189000
10376,2021-05-11,32.146697998046875,32.2352294453542,31.182690989836843,31.182690989836843,120200
10377,2021-05-12,31.163022994995117,32.107356115462544,31.09416560615559,31.95980617614053,150700
10378,2021-05-13,33.258262634277344,33.29760703031358,31.408940932519236,31.428615006760342,248000
10379,2021-05-14,33.937007904052734,35.333833674581356,33.7009227197306,33.7009227197306,268600
10380,2021-05-17,36.24864959716797,36.888043858357854,35.42235726464292,36.32734589190648,602700
10381,2021-05-18,36.27817153930664,37.37989367048857,36.24865854527138,36.307680780895105,250900
10382,2021-05-19,36.39621353149414,36.44539685334461,35.176446886389044,35.54041172346577,199800
10383,2021-05-20,36.62245559692383,36.75033522096738,35.92404275070668,36.602781519959706,156600
10384,2021-05-21,37.37006378173828,37.56679709002344,36.91756741631937,37.08479523129855,524300
10385,2021-05-24,37.80287170410156,38.15699756354595,37.62580877437937,37.911077244759156,183000
10386,2021-05-25,36.71098709106445,38.11765169912464,36.67163893711045,37.8914054425589,197400
10387,2021-05-26,37.350379943847656,37.41923733425018,36.4945745160798,37.01592815370129,144500
10388,2021-05-27,37.71434783935547,38.52096634732849,37.57663303347427,37.57663303347427,185300
10389,2021-05-28,37.62581253051758,38.23569393130757,37.18315516202216,37.793036562812155,113300
10390,2021-06-01,38.48160934448242,38.84557410775215,37.645481785238694,37.87172802182881,197300
10391,2021-06-02,37.64548873901367,38.42259796852929,37.30119798738742,38.412759052868815,351800
10392,2021-06-03,37.989776611328125,38.23569697423603,37.58646736625704,37.63565068834923,120300
10393,2021-06-04,37.97010040283203,38.314391143065194,37.734018969048975,38.07830595683541,130300
10394,2021-06-07,37.9012451171875,38.1668395593278,37.458591466067276,38.15700439589161,305900
10395,2021-06-08,37.783203125,37.92091792316393,37.330710573190856,37.77336796189407,81900
10396,2021-06-09,36.9077262878418,37.63564841674311,36.80935589714789,37.63564841674311,105300
10397,2021-06-10,36.4847412109375,36.95690780591765,36.30767826876412,36.888050412010955,113000
10398,2021-06-11,36.50440216064453,36.54375030085439,36.081419034501494,36.54375030085439,88500
10399,2021-06-14,36.16996383666992,36.85854153495536,36.091267527176015,36.59294711908327,112400
10400,2021-06-15,36.219146728515625,36.56343369739168,35.825672690560246,36.20931156616768,93100
10401,2021-06-16,37.035614013671875,37.379901075227856,36.24866572591957,36.33719722066933,240300
10402,2021-06-17,36.31675720214844,37.252249231712284,36.14935154637234,37.252249231712284,139700
10403,2021-06-18,34.99721145629883,36.11980005145407,34.829805850889,36.00163381944741,328400
10404,2021-06-21,35.332027435302734,35.71607059931075,35.0759961550056,35.0759961550056,123400
10405,2021-06-22,34.90858840942383,35.17446526831184,34.504850310320634,35.03660402809666,107700
10406,2021-06-23,34.93812942504883,35.253241908081286,34.652557563414064,34.72148818430009,104900
10407,2021-06-24,35.09568786621094,35.22370349435294,34.68210411497311,35.14492349043868,73300
10408,2021-06-25,35.0366096496582,35.56835969631551,34.938134636249316,35.0366096496582,575800
10409,2021-06-28,35.22370147705078,35.29263209830935,34.85935337090733,34.928283992165895,121100
10410,2021-06-29,35.41079330444336,35.755450118152254,35.33201707268252,35.51911390999654,80500
10411,2021-06-30,36.59247970581055,36.86820224862929,35.46989077411947,35.67668268123353,232200
10412,2021-07-01,36.91743087768555,37.301473952240954,36.592469041408314,36.93712211948706,158600
10413,2021-07-02,36.356136322021484,37.17346192369861,36.27736007791462,37.17346192369861,73200
10414,2021-07-06,35.41079330444336,36.41521561534111,35.02675025307234,36.41521561534111,107000
10415,2021-07-07,35.479736328125,36.05088017305553,35.11538814633981,35.40096006880508,152400
10416,2021-07-08,34.731346130371094,35.38126625651094,34.514704836178474,34.72149674985069,88800
10417,2021-07-09,35.381263732910156,35.73576627759904,34.819969289298676,34.819969289298676,93900
10418,2021-07-12,35.558509826660156,35.77515107384991,35.37140920174638,35.48957920372473,81400
10419,2021-07-13,35.440345764160156,35.66683264724722,35.34187075644571,35.34187075644571,105800
10420,2021-07-14,35.144927978515625,35.84408745500802,34.977526083476285,35.66683618000294,90700
10421,2021-07-15,34.751033782958984,34.9578256528818,34.4556162892925,34.829810028266,70300
10422,2021-07-16,34.110965728759766,35.519126590810586,34.042035092696125,35.05630338600791,131000
10423,2021-07-19,33.106544494628906,33.687533992667355,32.820976314171915,33.510282704693715,203200
10424,2021-07-20,33.65798568725586,34.36699067745075,33.28378819171553,33.28378819171553,201100
10425,2021-07-21,34.110965728759766,34.32760701721003,33.69738191237793,34.06173009677687,228300
10426,2021-07-22,32.92928695678711,33.923863856809376,32.889900710831306,33.91401447799239,116500
10427,2021-07-23,33.52012252807617,33.58905314747476,32.62402071945752,32.92928381781211,92700
10428,2021-07-26,33.44135284423828,33.96326109606222,33.155780900694374,33.74661979317537,113700
10429,2021-07-27,32.9785270690918,34.25867212375047,32.712650181699715,33.49058208580529,149600
10430,2021-07-28,33.776153564453125,34.20943608224438,33.08684354141583,33.490581678897506,101100
10431,2021-07-29,34.24882125854492,34.42607250911479,34.01248876207663,34.06172438580442,87400
10432,2021-07-30,34.45561599731445,34.544241620307105,34.06172350480551,34.248820372706795,113300
10433,2021-08-02,34.307899475097656,35.0858349480151,34.2783588579913,34.59347129524759,121200
10434,2021-08-03,34.4359245300293,34.78057767900671,33.69737884813119,34.307908893364434,261300
10435,2021-08-04,33.88447570800781,34.38668511846255,33.825390701185896,34.00264196521406,99500
10436,2021-08-05,34.416221618652344,34.426067239315856,33.95339856229612,34.1208041650696,73000
10437,2021-08-06,35.450191497802734,35.50927650261656,34.71164584159851,35.17446898821314,110400
10438,2021-08-09,35.10554122924805,35.52897440725169,34.85935932373141,35.52897440725169,63600
10439,2021-08-10,35.696372985839844,35.696372985839844,34.78057608182606,35.00706296310166,77000
10440,2021-08-11,35.75545883178711,35.7948450790477,35.282790056722504,35.76530445449288,62700
10441,2021-08-12,35.51912307739258,35.834235598638884,35.31233118965673,35.74560996726101,102300
10442,2021-08-13,35.184303283691406,35.71605688651264,34.90858086286688,35.44033446568811,108200
10443,2021-08-16,36.47431182861328,36.513701834831195,35.0267610298256,35.18431729825953,215200
10444,2021-08-17,35.597900390625,36.237971007502125,35.45018976403328,36.22812538540007,131600
10445,2021-08-18,35.00707244873047,36.01149525292133,34.9775318168667,35.450200708879144,81700
10446,2021-08-19,34.0223388671875,34.91844086028201,33.78600633957895,34.86920523006671,151100
10447,2021-08-20,34.51469802856445,35.01691115578487,33.94355803348633,33.94355803348633,86100
10448,2021-08-23,34.77072525024414,34.84950148754648,34.317747799117456,34.71164025493974,66800
10449,2021-08-24,34.6427116394043,35.25324160039644,34.43591977855105,34.7904222579778,102600
10450,2021-08-25,34.38668441772461,34.928287578128,34.288213164799004,34.65256130834877,105700
10451,2021-08-26,33.9632568359375,34.52455127170459,33.9632568359375,34.238979363980924,78400
10452,2021-08-27,35.174476623535156,35.391114175336426,33.96326193521441,33.96326193521441,124600
10453,2021-08-30,35.41079330444336,35.47972391589782,34.95781964161788,35.17446085272424,85800
10454,2021-08-31,34.54424285888672,35.204008487592226,34.4654628549854,35.204008487592226,142100
10455,2021-09-01,33.92386245727539,34.56393306579019,33.65798558674627,34.55408744381676,105900
10456,2021-09-02,33.76630783081055,34.24882221584194,33.62844657794444,33.95340470878064,119100
10457,2021-09-03,33.776153564453125,34.07157107248699,33.72691793918705,33.76630794197488,120400
10458,2021-09-07,33.31332778930664,33.776147085758005,33.244393419431724,33.74660646755211,82800
10459,2021-09-08,32.15135192871094,33.05729935661796,32.13165692943856,33.037604357345586,142500
10460,2021-09-09,31.46204376220703,32.02333812573663,31.442348761818966,31.974102502985076,122700
10461,2021-09-10,31.402956008911133,32.04303031789736,31.294637272706968,31.70822285351696,110700
10462,2021-09-13,31.1370849609375,31.678682466598534,30.940138705952865,31.5605162161827,126800
10463,2021-09-14,30.290220260620117,31.16662719637028,30.083426494369004,31.16662719637028,113400
10464,2021-09-15,31.09769630432129,31.16662693308309,29.916022479717125,30.16220436999143,374900
10465,2021-09-16,31.48173713684082,31.727920887228667,30.871207145663593,31.1666246409792,262000
10466,2021-09-17,31.60974884033203,31.76730507807658,30.634870793174212,31.5605132203688,606000
10467,2021-09-20,31.530977249145508,31.570367253499235,30.546249678927737,30.999223459682895,244300
10468,2021-09-21,30.62502098083496,31.708221442192794,30.477312253881248,31.67867706729634,169100
10469,2021-09-22,30.70380401611328,30.85151276674728,30.54624776500786,30.85151276674728,171700
10470,2021-09-23,30.989377975463867,31.294644894416464,30.86136420942035,31.058310487569198,124200
10471,2021-09-24,31.09769630432129,31.46204632834352,30.77273628428796,30.77273628428796,73100
10472,2021-09-27,31.176471710205078,31.59990482499671,30.959832341850138,30.999220464178944,102400
10473,2021-09-28,30.881057739257812,31.048461504230275,30.477319578715786,31.048461504230275,165500
10474,2021-09-29,30.989377975463867,31.156781748424713,30.703807938188838,31.058310487569198,86300
10475,2021-09-30,30.47666358947754,31.53166264806639,30.47666358947754,31.226009154598817,149800
10476,2021-10-01,31.2457275390625,31.40348429369422,30.476661949776233,30.525960230370323,127600
10477,2021-10-04,31.078113555908203,31.285168609813525,30.851338435742655,31.08797358903832,99100
10478,2021-10-05,31.49222755432129,31.590826011306458,30.979517082485728,31.18657214960635,78200
10479,2021-10-06,30.821760177612305,31.166853835345734,30.644283331886015,31.078115412482592,93500
10480,2021-10-07,31.34433364868164,31.659847235129746,31.12741664754158,31.12741664754158,89000
10481,2021-10-08,31.413347244262695,31.827457353185512,31.127411924548525,31.245730441818637,65600
10482,2021-10-11,31.10769271850586,31.600683106314886,31.10769271850586,31.521804719489804,53500
10483,2021-10-12,30.949935913085938,31.314749627158136,30.81189920643601,31.12741275341246,64400
10484,2021-10-13,30.861194610595703,31.21614825809733,30.55554112558536,31.078111564339547,71000
10485,2021-10-14,29.865358352661133,30.33862866975289,28.31736696785044,29.569562994021982,254600
10486,2021-10-15,29.796340942382812,30.525966553849265,29.76676272014275,30.28933137288252,149300
10487,2021-10-18,30.4273681640625,30.52596473981585,29.53012578432123,29.579424072197902,171900
10488,2021-10-19,30.871057510375977,30.910497644032176,30.032973476272538,30.56540399697675,117000
10489,2021-10-20,31.90634536743164,32.26129912483945,30.74288750091449,30.90064430851585,168600
10490,2021-10-21,31.935916900634766,32.626104199704606,31.502086710953986,31.541524964284466,149700
10491,2021-10-22,31.837322235107422,32.48806943923886,31.807740252270712,32.044377308872335,129900
10492,2021-10-25,31.47250747680664,32.06409633792062,31.383769053609086,32.034518117260866,168600
10493,2021-10-26,31.27530860900879,31.837319214352025,31.166852005683488,31.41334719236404,98400
10494,2021-10-27,33.76983642578125,33.80927655349628,31.551380018248175,32.26128727224839,236400
10495,2021-10-28,34.755821228027344,34.89385793040051,34.25297270349395,34.25297270349395,174200
10496,2021-10-29,35.120635986328125,35.26853461478853,34.39101228100998,34.60792550520865,170500
10497,2021-11-01,35.781253814697266,36.224946046974246,34.80513090368791,35.11078638841634,117700
10498,2021-11-02,36.017887115478516,36.25452422611104,35.68265340279368,36.02774903241531,131100
10499,2021-11-03,36.639041900634766,36.69820209544457,35.662919372970926,36.057313149267344,102800
10500,2021-11-04,36.17563247680664,36.98413639344239,36.096755972392906,36.83624153720985,114400
10501,2021-11-05,37.0728759765625,37.22077459866035,36.28409210154976,36.52072914466268,174800
10502,2021-11-08,37.102455139160156,37.832078757662984,37.0531568559453,37.12217520468968,87700
10503,2021-11-09,36.29395294189453,37.10245686001479,36.09675603867098,37.09259494618367,77600
10504,2021-11-10,36.43199920654297,36.64891247191659,35.9784488429574,36.28410055000811,85700
10505,2021-11-11,37.0235710144043,37.12217133176503,36.372823964693545,36.372823964693545,61500
10506,2021-11-12,36.816524505615234,37.27007478673044,36.64890580793973,37.27007478673044,82200
10507,2021-11-15,37.398250579833984,37.44754886565909,36.84609999942572,37.122177170238906,82200
10508,2021-11-16,37.64474868774414,38.03914252734776,37.29965689900478,37.29965689900478,72300
10509,2021-11-17,37.556007385253906,37.64474580430679,36.95455851847525,37.64474580430679,101200
10510,2021-11-18,37.16161346435547,37.84194259545896,37.00385669331459,37.634883777478095,111000
10511,2021-11-19,36.984134674072266,37.41796859244244,36.91511632546209,36.97427652193563,63700
10512,2021-11-22,37.57572555541992,37.999697562695175,36.688341409676845,37.220771897122695,89200
10513,2021-11-23,37.516563415527344,37.97997552999356,37.309508379317315,37.763058580887204,86500
10514,2021-11-24,37.546146392822266,37.733481369445954,36.90525744133318,37.11231248305691,76700
10515,2021-11-26,35.07133483886719,36.639044375659054,34.53890433326586,36.39254918912712,102200
10516,2021-11-29,34.913578033447266,35.79110029478899,34.83470152967287,35.76152207602585,144200
10517,2021-11-30,34.35157012939453,34.71638196064524,33.967038231425114,34.55862518811373,203400
10518,2021-12-01,34.72624588012695,35.63334643426554,34.71638396558898,35.3769930745537,270900
10519,2021-12-02,35.74180221557617,36.00801746963146,34.321991288499376,34.903720081905064,184300
10520,2021-12-03,34.775543212890625,36.0178773640092,34.59806636827108,36.0178773640092,116800
10521,2021-12-06,35.426292419433594,35.593907359391096,34.65722855615854,35.258673718257626,150200
10522,2021-12-07,35.446006774902344,35.97843725345655,35.31782823127607,35.63334175311162,124400
10523,2021-12-08,35.65306091308594,35.810817669998,35.34740555103605,35.65306091308594,64700
10524,2021-12-09,34.82392501831055,35.505007617896204,34.78444497045199,35.455650968651575,66800
10525,2021-12-10,34.62650680541992,35.179265022681456,34.53767012544819,35.179265022681456,95300
10526,2021-12-13,34.11323547363281,34.55741519723854,33.88620919379015,34.55741519723854,96500
10527,2021-12-14,34.06387710571289,34.73508684068705,33.90594562485918,34.034266129735165,139400
10528,2021-12-15,35.011474609375,35.060827497973484,33.84672836460739,34.2810390558117,196200
10529,2021-12-16,34.66599655151367,35.40630117008901,34.271169680837225,35.33720637358603,116000
10530,2021-12-17,33.708534240722656,34.66599220010174,33.580213735302706,34.53767546006532,504900
10531,2021-12-20,33.73814392089844,33.856591586145214,32.88926082829917,33.372928089913884,187100
10532,2021-12-21,35.1397819519043,35.45564487276855,34.07374553533319,34.07374553533319,111200
10533,2021-12-22,35.396427154541016,35.396427154541016,34.72521742622126,34.981854668045415,69600
10534,2021-12-23,35.8504753112793,36.08737438398952,35.52474332235863,35.53461239125434,68000
10535,2021-12-27,36.679622650146484,36.7585902762621,35.445781732467466,35.63332419641656,100500
10536,2021-12-28,36.65000534057617,37.025090203666366,36.40323719967751,36.442717240530214,98700
10537,2021-12-29,37.1435432434082,37.173154216685774,36.679617913349325,36.679617913349325,61300
10538,2021-12-30,36.2058219909668,37.143541680936785,36.116985309487895,37.0250902620429,93800
10539,2021-12-31,36.24531936645508,36.70924108529432,35.88009966954586,36.01829304332429,80700
10540,2022-01-03,37.064579010009766,37.587730099749805,36.42298401635023,36.42298401635023,116300
10541,2022-01-04,37.01523208618164,37.67656909207037,36.88691156064199,37.07445781305781,86500
10542,2022-01-05,36.78820037841797,37.67656355878844,36.71910558990194,37.252125757354364,98200
10543,2022-01-06,36.62039566040039,37.301478233181754,36.60065751993975,36.748716165695704,137300
10544,2022-01-07,35.82086944580078,36.84742596491838,35.712290845554016,36.52169016417809,84500
10545,2022-01-10,35.455650329589844,35.74190232236104,35.169402102202255,35.74190232236104,105000
10546,2022-01-11,35.12004852294922,35.732032543505525,34.72521793623858,35.59384296777186,124800
10547,2022-01-12,35.33720016479492,35.53461544813903,35.03121005272573,35.2187525009418,120400
10548,2022-01-13,35.02133560180664,35.919571522465944,34.932498916669644,35.53461380866669,82000
10549,2022-01-14,35.376686096191406,35.47539186109148,34.320518597149594,34.65612346934685,91600
10550,2022-01-18,34.82392501831055,35.23849752658665,34.76470306383087,35.041082225759155,86200
10551,2022-01-19,33.708534240722656,35.307590961817965,33.63943945289273,34.8041817757616,93800
10552,2022-01-20,33.16563415527344,34.17244854684124,33.16563415527344,33.826974681521136,102300
10553,2022-01-21,33.175514221191406,34.32051840850308,33.04719371521978,33.22486710337017,135800
10554,2022-01-24,33.60982131958008,33.78749468903623,32.356238664143085,32.632621552954404,110700
10555,2022-01-25,32.40559768676758,33.08667647612064,31.862704703895467,33.08667647612064,69900
10556,2022-01-26,32.15882873535156,33.442022426914484,32.089730185718295,32.928744197212644,126700
10557,2022-01-27,31.55671501159668,32.80042689746968,31.467878313842046,32.178570013187255,82700
10558,2022-01-28,31.704771041870117,31.71464387654203,30.668345558926006,31.43826286916753,89300
10559,2022-01-31,33.11628723144531,33.11628723144531,31.39878101644229,31.39878101644229,141100
10560,2022-02-01,32.879398345947266,33.24461425010417,32.42534196832652,33.24461425010417,118900
10561,2022-02-02,32.78068542480469,33.06693742862519,32.37598574420403,33.00771170754323,145000
10562,2022-02-03,32.29701614379883,32.83003247730918,32.198306626198324,32.51416955175375,105500
10563,2022-02-04,32.0305061340332,32.237790473176425,31.349425523278338,32.01076423048865,114200
10564,2022-02-07,31.69490623474121,32.18844260397634,31.635680514894872,31.77387009581932,78800
10565,2022-02-08,32.22792434692383,32.41546679964755,31.566583696632982,31.566583696632982,125800
10566,2022-02-09,33.2939567565918,33.353182465302105,32.84977335472193,32.899129994672,120000
10567,2022-02-10,33.1557731628418,33.56047283166714,32.721462517028925,32.82016828390978,199200
10568,2022-02-11,32.958351135253906,33.619691687570736,32.55365154904792,33.01757684252169,150200
10569,2022-02-14,33.27421951293945,33.56047149704749,32.948487482879294,33.06693515150267,148100
10570,2022-02-15,34.12309265136719,34.251413117992385,33.580203583097735,33.580203583097735,61400
10571,2022-02-16,34.63637924194336,34.754826904961746,33.86646378424887,33.96516954253364,85100
10572,2022-02-17,34.981849670410156,35.09042825291811,34.004649958604496,34.36986574627247,107000
10573,2022-02-18,35.07069778442383,35.48527034685719,34.78444951448308,34.78444951448308,85200
10574,2022-02-22,35.38655090332031,35.81099241894632,34.883145538364154,35.12991368626843,204300
10575,2022-02-23,35.55435562133789,36.07750289614406,35.50500274425143,35.68267611406922,148200
10576,2022-02-24,36.018280029296875,36.02814909830868,34.596893107080085,34.68572978971863,155500
10577,2022-02-25,36.76845169067383,37.015219822826,35.77151009354751,35.959052518445326,99900
10578,2022-02-28,37.44953155517578,37.67655779203473,36.561168510777684,36.561168510777684,167300
10579,2022-03-01,35.07069778442383,37.59760568127166,34.79431858639103,37.262000755638624,286700
10580,2022-03-02,35.129920959472656,35.8603564852653,34.97198946273153,35.40630013742365,198600
10581,2022-03-03,34.82392501831055,35.475392875272696,34.478451065900195,35.475392875272696,84400
10582,2022-03-04,34.22180938720703,34.735087653335945,33.817109722714726,34.60677091084142,90100
10583,2022-03-07,33.876338958740234,34.310649644996495,33.59008693659261,34.310649644996495,105700
10584,2022-03-08,33.88621139526367,34.893022348537244,33.84672757914755,34.07375387373935,110400
10585,2022-03-09,34.498191833496094,34.7647019160063,34.350129421418124,34.52780280975826,92300
10586,2022-03-10,34.27117156982422,34.36000827956519,33.728278473971464,34.0638834035058,72200
10587,2022-03-11,34.37973403930664,34.77456074627784,34.08360930235018,34.35999213915071,71800
10588,2022-03-14,34.981849670410156,35.100301086991344,34.53767003707101,34.57715007721513,87600
10589,2022-03-15,34.725215911865234,35.41616751563673,34.508058725295626,34.95224216810468,91500
10590,2022-03-16,35.56422424316406,35.86034903272356,34.84366170369437,34.9028874146829,81400
10591,2022-03-17,35.77174377441406,36.05831389115313,35.238131233500276,35.27765892606461,54800
10592,2022-03-18,35.702571868896484,35.94961429079945,35.3468301782253,35.86067886813166,182400
10593,2022-03-21,35.21836853027344,35.91996813300456,35.0108537919279,35.75198108850627,62000
10594,2022-03-22,35.22825241088867,35.672925774094494,34.99109001688631,35.54446642317957,51500
10595,2022-03-23,34.47724533081055,35.16896497706478,34.358666004745736,35.16896497706478,63400
10596,2022-03-24,35.050384521484375,35.050384521484375,34.30925716071706,34.41795644342726,44000
10597,2022-03-25,35.73221206665039,35.86067516826506,34.941677152036675,34.941677152036675,94200
10598,2022-03-28,35.22825241088867,35.77174500891564,35.00097005558424,35.52470257621535,78700
10599,2022-03-29,36.18677520751953,36.47334533985849,35.583991056588765,35.583991056588765,108000
10600,2022-03-30,35.20848846435547,36.127486612967104,35.06026149732713,36.05831503357211,86300
10601,2022-03-31,34.921913146972656,35.208483230188875,34.783570008749045,35.000964753285665,84400
10602,2022-04-01,35.93973159790039,35.959495444613935,34.93179803291961,35.2677758879132,123000
10603,2022-04-04,35.6136474609375,35.910097704994556,35.257905660241285,35.74210684596829,67100
10604,2022-04-05,34.70452117919922,35.86068176735245,34.61558574934128,35.64328321224004,81900
10605,2022-04-06,34.230194091796875,34.783570420814726,33.88433624214062,34.51676417840797,94200
10606,2022-04-07,34.55629348754883,34.84285981803239,34.299367270410166,34.33889496067273,90300
10607,2022-04-08,33.92387390136719,34.66500131380472,33.83493846109192,34.57606587352946,83700
10608,2022-04-11,33.42978286743164,34.38830491619432,33.271672096139866,33.82504848695629,139300
10609,2022-04-12,33.91399002075195,34.44760266128916,33.82505458066242,33.82505458066242,101200
10610,2022-04-13,34.25984573364258,35.04050079348755,34.151150220249484,34.18079410848681,82700
10611,2022-04-14,33.89421844482422,34.46735865466203,33.80528302500691,34.46735865466203,107500
10612,2022-04-18,33.50883102416992,34.13137892837261,33.350724038768846,33.785517306229835,97200
10613,2022-04-19,34.417945861816406,34.635340590831284,33.7756341721325,33.7756341721325,78400
10614,2022-04-20,35.67292404174805,36.03854953847822,34.75392593516583,34.75392593516583,98000
10615,2022-04-21,34.832984924316406,35.890326292794,34.80334103702574,35.890326292794,83800
10616,2022-04-22,34.141258239746094,34.83297769975406,33.99303506446654,34.78356997466087,101100
10617,2022-04-25,33.98316192626953,34.06221732689126,33.17286291774175,33.93375418566544,75600
10618,2022-04-26,32.79735565185547,33.8151731509612,32.71830402478472,33.528602992496054,103000
10619,2022-04-27,32.22421646118164,33.3606094228922,31.99693786883953,32.629365911803404,143000
10620,2022-04-28,34.249961853027344,34.4871242410348,32.67877186998673,32.67877186998673,184100
10621,2022-04-29,34.95155334472656,35.23812339774221,33.94362002587552,33.94362002587552,137700
10622,2022-05-02,35.16896057128906,35.42588304050511,34.52664874389642,34.981209681076116,120300
10623,2022-05-03,35.999019622802734,36.196654301071185,34.862623049935124,34.991086156244805,148200
10624,2022-05-04,37.26388168334961,37.36270092357934,35.59387610393718,36.20654031508722,160300
10625,2022-05-05,35.42588424682617,37.12553743350661,34.921919329847086,36.67098025041669,102300
10626,2022-05-06,36.17688751220703,36.275702958515666,34.98120327186142,35.4159965130141,106000
10627,2022-05-09,35.6037483215332,36.10771691206859,35.04049196945324,35.692683733417816,185500
10628,2022-05-10,35.52470016479492,36.05831268790228,34.95155995044225,36.038548842279624,160000
10629,2022-05-11,34.931800842285156,36.00890607260462,34.8428654097058,35.51482117373456,155900
10630,2022-05-12,35.08002471923828,35.33694718533251,34.427832861156304,34.91203767786288,163200
10631,2022-05-13,35.72233963012695,36.10772524740252,34.93180077774067,35.30730635566729,259800
10632,2022-05-16,36.48322296142578,37.174942494851145,35.11955151019176,35.583988698843264,160400
10633,2022-05-17,39.04258346557617,39.1611665445072,37.184827130476016,37.184827130476016,149100
10634,2022-05-18,38.63743209838867,39.55643018138073,38.50897275700946,38.538616640471105,349200
10635,2022-05-19,37.451637268066406,38.85483658742118,37.06624787612758,38.25205240081406,206800
10636,2022-05-20,37.10577392578125,37.95560052690256,36.285594980919676,37.74808578092694,114700
10637,2022-05-23,37.145301818847656,37.51092357840396,36.72038851602471,37.51092357840396,91100
10638,2022-05-24,36.3942985534668,36.98719897467653,35.84092206265382,36.74015650424432,143700
10639,2022-05-25,36.809322357177734,36.97730940149553,36.29547364642061,36.30535745465598,95900
10640,2022-05-26,38.86471939086914,39.329156625764746,36.937787559307864,36.937787559307864,196900
10641,2022-05-27,40.060401916503906,40.1196896880134,38.736254322311645,38.74613436104044,139400
10642,2022-05-31,40.18885803222656,40.37661267907291,39.33903529593957,40.02087100038306,324700
10643,2022-06-01,40.70271301269531,41.27585331042158,39.902297881167556,40.38649897587001,174700
10644,2022-06-02,40.68294906616211,40.90034762954387,38.28169990779658,39.81336235177234,208500
10645,2022-06-03,40.10980224609375,40.60388702184284,39.981339148920036,40.514951611425296,112700
10646,2022-06-06,40.47542953491211,40.69282807263668,39.94181699844356,40.61377268816658,132500
10647,2022-06-07,40.2481575012207,40.2481575012207,39.48726626507063,40.02087888827751,140200
10648,2022-06-08,39.319278717041016,40.09993379293009,39.29951486795371,40.09993379293009,99400
10649,2022-06-09,38.90424346923828,39.34892062742233,38.90424346923828,39.131522067961555,104300
10650,2022-06-10,37.985252380371094,38.44969347364122,37.985252380371094,38.23229487346043,94100
10651,2022-06-13,36.206539154052734,37.23423660207534,36.048432144323755,37.04648570601231,115700
10652,2022-06-14,36.15713119506836,36.46346517369617,35.85079721644054,36.46346517369617,96800
10653,2022-06-15,36.246063232421875,36.88837501574138,35.88044151569764,36.61168494914611,138700
10654,2022-06-16,33.30799865722656,35.771229339530514,33.04090485521365,35.771229339530514,160700
10655,2022-06-17,33.59488296508789,34.2477869176361,33.41681790769437,33.87187515085785,370600
10656,2022-06-21,33.525630950927734,34.14885856050902,33.357460517849034,34.14885856050902,184400
10657,2022-06-22,32.56605911254883,33.60477306618928,32.1209003023413,33.32778091749949,224300
10658,2022-06-23,32.328643798828125,32.684773890343855,31.55702922949135,32.62541761719662,279800
10659,2022-06-24,33.031005859375,33.693804297590965,32.55616704590019,32.55616704590019,907900
10660,2022-06-27,34.208213806152344,34.4159550785743,33.120038228053836,33.515739124395736,124500
10661,2022-06-28,33.842201232910156,34.77209753904411,33.82241580366425,34.247793098239406,242800
10662,2022-06-29,33.2882080078125,34.19831466534431,33.2189609262039,34.19831466534431,160500
10663,2022-06-30,33.68390655517578,33.93121864996222,32.7639052606756,32.813366924896265,144900
10664,2022-07-01,33.77294158935547,33.990577456643926,32.76390771422267,33.56520031986196,147900
10665,2022-07-05,33.48606872558594,33.51574875423355,32.10112273782962,33.110156917104874,185000
10666,2022-07-06,32.57595443725586,33.46627962488982,32.219824362202274,33.27831998878728,168400
10667,2022-07-07,32.991432189941406,33.41680929815534,32.803476354977406,32.803476354977406,112100
10668,2022-07-08,33.0211181640625,33.18928860878365,32.50670845730001,32.7738060227546,145400
10669,2022-07-11,33.416812896728516,33.525630834782945,32.76390904208549,32.9320832482651,98100
10670,2022-07-12,33.16950225830078,33.82240614217242,33.120040586157295,33.48606148843953,76400
10671,2022-07-13,34.277462005615234,34.38627617062944,33.258533485368254,33.505845610160044,114700
10672,2022-07-14,33.93122100830078,34.04992976541768,33.05079049345737,33.7828360053255,134900
10673,2022-07-15,34.950157165527344,35.019404270221656,33.92133764766297,34.40606738052318,127800
10674,2022-07-18,34.218109130859375,35.43488445267159,34.00047323187894,35.22714315292695,92500
10675,2022-07-19,35.978965759277344,36.14713996131515,34.70283810232426,34.70283810232426,135900
10676,2022-07-20,36.64176559448242,36.750583534010666,35.52391372526079,35.71186958301094,109900
10677,2022-07-21,37.195743560791016,37.235314408039216,35.94929206194234,36.46370175511783,105300
10678,2022-07-22,37.057247161865234,37.57165682440094,36.62197918911201,36.9880000701473,110400
10679,2022-07-25,37.44306182861328,37.45295642888788,36.63187819557457,36.92865582486353,118400
10680,2022-07-26,37.44306182861328,37.96736620632195,36.72091072962439,37.11661171955347,218400
10681,2022-07-27,38.07618713378906,38.26414304312282,36.98801121354544,37.096829182938265,219100
10682,2022-07-28,39.22370529174805,39.3226286341845,37.818970432312014,37.94757379642629,176200
10683,2022-07-29,40.24263381958008,40.64822559936652,39.01596388084227,39.04564390529375,178600
10684,2022-08-01,39.748008728027344,40.18327674997646,39.540267429393715,39.88650292711643,133200
10685,2022-08-02,39.827144622802734,40.29209264491493,39.5501562387446,39.926071741169004,98600
10686,2022-08-03,40.40091323852539,40.46026951343885,39.70843845927086,39.856827259712524,103800
10687,2022-08-04,40.3118782043457,40.450372396841175,39.91617727691545,40.232736509386164,172500
10688,2022-08-05,40.39101791381836,40.578973769582404,39.76779030454079,39.955746160304834,130100
10689,2022-08-08,41.1131706237793,41.19230854455377,40.40091046839055,40.50972841142868,149200
10690,2022-08-09,40.56907272338867,41.10326773215127,40.23272813716959,41.10326773215127,193300
10691,2022-08-10,41.30113220214844,41.85511281895507,41.17252881770178,41.30113220214844,177200
10692,2022-08-11,41.15273666381836,41.77596428413183,40.92520995849075,41.77596428413183,168600
10693,2022-08-12,41.845211029052734,41.96391979308457,41.00435130882827,41.23187801225743,82300
10694,2022-08-15,42.20134735107422,42.37941241036145,41.40994918406661,41.419840010167405,148800
10695,2022-08-16,42.32005310058594,42.418980222926606,41.43962246701522,42.01338845553951,82600
10696,2022-08-17,42.43876647949219,42.58715150538679,41.686935429697385,41.95403300472839,195300
10697,2022-08-18,42.93339157104492,43.26973625242855,42.221131357836285,42.270593034045994,60400
10698,2022-08-19,42.963069915771484,43.06199327301178,42.399198477396595,42.616834391746266,87200
10699,2022-08-22,42.141990661621094,42.6465095825663,41.97382020376209,42.478335351023205,82700
10700,2022-08-23,42.41897964477539,42.78500055823751,41.69682864310847,41.89467533772552,159500
10701,2022-08-24,42.527793884277344,42.676178892306815,42.32994343322124,42.39919052503836,107300
10702,2022-08-25,43.3785514831543,43.51704946305961,42.58715332354443,42.58715332354443,191400
10703,2022-08-26,42.04305648803711,43.32907863764044,41.75617354984655,43.32907863764044,169900
10704,2022-08-29,42.25080490112305,42.597044159769794,41.24177092163751,41.54843933237884,135200
10705,2022-08-30,41.79574966430664,42.49811520268548,41.46929584372618,42.320050168493154,182300
10706,2022-08-31,41.86500549316406,42.112317672955285,41.16263980824123,41.84522006593863,298000
10707,2022-09-01,41.07360076904297,41.706719245272076,40.68779443344609,41.4890833539369,255400
10708,2022-09-02,40.86585235595703,41.81552990482486,40.51961315519182,41.419829039288366,101000
10709,2022-09-06,40.65811538696289,40.84607503351529,40.19317111751257,40.76693333524399,132100
10710,2022-09-07,41.19231414794922,41.2022087479443,40.34155968521413,40.53941017458949,117400
10711,2022-09-08,41.39015579223633,41.47918830474475,40.55918693338548,40.96477865177201,84900
10712,2022-09-09,42.112308502197266,42.399191473965104,41.60779342571207,41.60779342571207,91600
10713,2022-09-12,42.844356536865234,42.883923611306884,42.2409143108457,42.25080513603517,93000
10714,2022-09-13,42.04305648803711,42.71574569374035,41.80563521450762,42.08262732923921,138500
10715,2022-09-14,42.25080490112305,42.32994659693388,41.57811558146602,42.04306361014525,140700
10716,2022-09-15,42.32005310058594,42.39919479845847,41.96392300752725,42.09252637972819,152000
10717,2022-09-16,42.16177749633789,42.35962798618956,41.54844437411351,42.35962798618956,392700
10718,2022-09-19,42.46843719482422,42.577255130507865,41.7363916652964,41.7363916652964,131400
10719,2022-09-20,42.3299560546875,42.418988595525285,41.884793350498576,42.25081434119409,88900
10720,2022-09-21,42.25080490112305,42.99274131777267,41.973816513152656,42.71575292980228,120000
10721,2022-09-22,41.538551330566406,42.062851893056035,41.15274119779122,42.062851893056035,140300
10722,2022-09-23,40.64822769165039,40.984572387835996,40.44048637821686,40.984572387835996,219800
10723,2022-09-26,40.70758056640625,41.28134278034875,40.391021322779245,40.391021322779245,193100
10724,2022-09-27,41.06370162963867,41.390155430544624,40.50972491103469,40.90542202808277,156500
10725,2022-09-28,41.973812103271484,42.38929464157536,40.895531140080436,41.15273407707569,116700
10726,2022-09-29,41.67676544189453,41.69656953749741,40.71628758000244,41.617353155085894,100200
10727,2022-09-30,41.24108123779297,42.08273441519915,40.92422330437574,41.31039367465021,304100
10728,2022-10-03,42.09262466430664,42.617423562000404,41.23116759669666,41.597533787732964,176700
10729,2022-10-04,43.69673538208008,43.73633979378913,42.42929977627063,42.42929977627063,168700
10730,2022-10-05,43.77594757080078,43.89477213654415,43.300660639561606,43.35016898666563,108300
10731,2022-10-06,44.043296813964844,44.77603318768259,43.409580910881786,43.409580910881786,137700
10732,2022-10-07,42.161956787109375,43.597717849680315,41.94411551041804,43.597717849680315,258500
10733,2022-10-10,41.4985237121582,42.44909743956657,41.4391114377286,42.35008075942812,124000
10734,2022-10-11,41.81538772583008,42.21146205869436,40.993538584417145,41.419317170210576,159400
10735,2022-10-12,40.815303802490234,41.7757777869954,40.795499708952185,41.7757777869954,121700
10736,2022-10-13,42.05303192138672,42.44910246608459,39.33003134545458,40.06276393063021,192800
10737,2022-10-14,41.41931915283203,42.290676683251135,41.19157394532447,42.20156014295316,104500
10738,2022-10-17,41.98371124267578,42.73624777399391,41.77577018697809,41.80547821050287,188200
10739,2022-10-18,42.73625183105469,43.00360140469423,42.09263206741383,42.66693939832343,174500
10740,2022-10-19,41.99361801147461,42.46890491302797,41.379706235790415,42.26096760183172,133700
10741,2022-10-20,41.83518600463867,42.42929364410271,41.55793627652136,41.904498436668,104300
10742,2022-10-21,43.47889709472656,43.52840544568363,41.77578262563912,42.16195682849236,227400
10743,2022-10-24,43.86505889892578,44.142312408833966,43.10261835685582,43.667021756775455,128000
10744,2022-10-25,43.56800842285156,43.91457061531732,43.280854733525885,43.56800842285156,182400
10745,2022-10-26,35.814884185791016,43.142233122501175,35.60694685457025,41.95401386556914,643700
10746,2022-10-27,37.676422119140625,37.9437716966186,35.80497885403916,35.80497885403916,520100
10747,2022-10-28,37.755638122558594,38.904249012520985,37.40907218003248,37.40907218003248,333200
10748,2022-10-31,39.131996154785156,39.57757884509451,37.310060981155154,37.76554383025144,290600
10749,2022-11-01,40.745994567871094,40.745994567871094,39.25081749475174,39.557775302862744,297800
10750,2022-11-02,40.08256530761719,41.22127607308559,39.96374452998608,40.59746038034454,245000
10751,2022-11-03,39.98354721069336,40.57765485511607,39.08248180954715,39.547864746022036,133200
10752,2022-11-04,40.805397033691406,41.191567387757196,39.835019181175106,40.70638035012123,115200
10753,2022-11-07,41.161869049072266,41.528235363586184,40.627169815622835,41.09255660517085,101900
10754,2022-11-08,41.53813552856445,42.35008446390467,41.270785936111764,41.33019821573833,178600
10755,2022-11-09,40.033058166503906,41.6173478399474,39.85482510608595,41.06284834286444,155500
10756,2022-11-10,42.12234115600586,42.2510620901847,41.02323858462963,41.142059361273326,104000
10757,2022-11-11,41.06285095214844,42.518416001727665,40.666776619997286,42.082737258157216,134200
10758,2022-11-14,40.94401931762695,41.53813071328696,40.4885365583585,40.696473847079645,125300
10759,2022-11-15,42.310482025146484,42.64714410094168,40.953933562638674,41.359908085458315,135700
10760,2022-11-16,42.08273696899414,42.577827992158774,41.488629252094476,42.37979082744397,156600
10761,2022-11-17,42.20155334472656,42.24116152897741,41.538133256124404,41.64705387419207,89100
10762,2022-11-18,41.805484771728516,42.83527116927305,41.75597265049778,42.66694204427103,102400
10763,2022-11-21,41.805484771728516,42.07283436194747,41.587643525495764,41.587643525495764,131300
10764,2022-11-22,41.79558181762695,42.26096857195901,41.53813615650908,41.80548575300338,134800
10765,2022-11-23,41.825286865234375,42.11243675752445,41.45891682731349,41.87479520685374,92700
10766,2022-11-25,41.597537994384766,41.96390799971475,41.132155091868206,41.21136767596387,59700
10767,2022-11-28,40.60736083984375,41.49852612181317,40.50834415395579,41.33019700035475,93500
10768,2022-11-29,40.349910736083984,40.85490182195926,40.23108997068581,40.46873150148216,78400
10769,2022-11-30,42.08273696899414,42.15204941005761,39.973648152684255,40.37962264058947,207400
10770,2022-12-01,42.39958953857422,42.77585972603649,42.24116058236552,42.488706062519384,94600
10771,2022-12-02,42.558021545410156,42.65704201091621,41.954009926179126,42.053030391685176,76700
10772,2022-12-05,40.389530181884766,42.08274072572206,39.79541863470399,42.08274072572206,174200
10773,2022-12-06,40.10236740112305,40.66677078829265,39.864722080462265,40.38952106189193,141500
10774,2022-12-07,39.617183685302734,40.240999458472245,39.518166987384674,39.96374968250576,97600
10775,2022-12-08,39.726219177246094,40.21189187293466,39.40904031058026,39.864982804585686,112500
10776,2022-12-09,39.15133285522461,39.73612506683478,39.06212713545272,39.438773927936786,83700
10777,2022-12-12,39.4189453125,39.56761897370221,38.655741752383854,39.309915692337064,132300
10778,2022-12-13,39.468505859375,40.74711984941247,39.38921399092851,40.717385871373125,159300
10779,2022-12-14,38.98284149169922,39.79560316569777,38.75486834172541,39.64692568198016,120700
10780,2022-12-15,38.40795135498047,38.9530957147817,38.18989209865009,38.913447889808054,121800
10781,2022-12-16,38.0610466003418,38.32865999631421,37.41678260597457,38.0907805818887,892200
10782,2022-12-19,38.34847640991211,39.22070958125211,37.95200953641166,38.35839025583864,147700
10783,2022-12-20,38.74494552612305,39.072030589248854,38.34847488733953,38.52688629668969,109400
10784,2022-12-21,38.824241638183594,39.38921368369724,38.774683748163,39.00265306707745,112400
10785,2022-12-22,37.97183609008789,38.5268905078253,37.32757217690024,38.5268905078253,128500
10786,2022-12-23,38.56653594970703,38.81432916546743,37.8925381003568,37.8925381003568,79900
10787,2022-12-27,39.1215934753418,39.19097527213978,38.25927037623938,38.626007051913696,68800
10788,2022-12-28,38.40795135498047,39.379300380686686,38.40795135498047,39.101773167920534,122500
10789,2022-12-29,39.2603645324707,39.537891772421546,38.754864167103015,38.754864167103015,138400
10790,2022-12-30,39.07203674316406,39.46850744439242,38.92336306597205,39.022478850766724,90300
10791,2023-01-03,39.76585388183594,39.80550170347971,38.794504937709604,39.51806066809888,191500
10792,2023-01-04,39.83523941040039,40.638090859276964,39.61718393298401,40.003740777657086,145800
10793,2023-01-05,40.48941421508789,40.509238128163375,39.31982981080793,39.43877328926084,105800
10794,2023-01-06,42.164493560791016,42.51140254270829,40.93543757438178,40.93543757438178,88600
10795,2023-01-09,42.89796447753906,43.790021653505356,42.21405649664809,42.3825540848724,163600
10796,2023-01-10,43.809837341308594,44.11709848121296,42.62042925700141,42.62042925700141,186700
10797,2023-01-11,44.216224670410156,44.573047527415355,43.73054827481427,43.91887354991403,141800
10798,2023-01-12,45.05872344970703,45.05872344970703,44.05764038830906,44.08737436823403,87000
10799,2023-01-13,45.901222229003906,45.901222229003906,44.60278425939479,44.60278425939479,336700
10800,2023-01-17,45.584041595458984,45.89130276288018,44.90012990069692,45.712891345205236,112300
10801,2023-01-18,45.09837341308594,46.139104351029054,44.92987581083019,45.87148717595367,135800
10802,2023-01-19,45.286685943603516,45.34615767549424,44.60277804146974,44.939776960135156,111200
10803,2023-01-20,45.4551887512207,45.84174556834663,45.05871808794954,45.465098816341474,217100
10804,2023-01-23,46.58512878417969,46.624776609739826,45.63360365688494,45.712895526980454,253700
10805,2023-01-24,45.821922302246094,46.585125882122966,45.7327165908053,46.03998154821792,151600
10806,2023-01-25,46.30760192871094,46.34724597355572,44.88031044560492,45.27678114225098,155800
10807,2023-01-26,44.53339385986328,46.33732803934071,43.908953942036746,46.28777015593127,189300
10808,2023-01-27,43.83957290649414,44.335159311199284,43.492663935610224,44.335159311199284,190500
10809,2023-01-30,42.84840774536133,43.56205350544753,42.4519408194439,43.46293393819951,291100
10810,2023-01-31,44.11709976196289,44.26577719470152,42.650164468440046,43.036721256331475,254200
10811,2023-02-01,45.75254440307617,46.26795480411815,44.41446239840794,44.41446239840794,135500
10812,2023-02-02,46.565303802490234,46.59503778046542,45.237131924911964,45.871481995213585,143200
10813,2023-02-03,46.79327392578125,47.75471289440924,46.049894215446145,46.049894215446145,266300
10814,2023-02-06,46.24812698364258,46.71397945275164,45.86157016077529,46.32742262988434,140400
10815,2023-02-07,42.412288665771484,44.64242765750396,40.16232576261178,41.688732913287886,438000
10816,2023-02-08,42.967350006103516,43.1854092860217,41.94644297925949,42.154588411349515,142000
10817,2023-02-09,43.41337203979492,43.79992886383648,43.08628695061535,43.26469837417677,167200
10818,2023-02-10,45.25695037841797,45.9805060763957,44.35498327205951,44.711806088820964,175000
10819,2023-02-13,45.306514739990234,45.59395580358924,44.85057608940028,44.97942963187997,139500
10820,2023-02-14,44.33517074584961,45.207404101778415,44.226141103730356,45.00916873256389,212400
10821,2023-02-15,44.57304763793945,44.7316351546656,43.88913589997543,43.98825546106968,121900
10822,2023-02-16,44.29551315307617,44.73163162543271,43.97833814464833,43.97833814464833,81200
10823,2023-02-17,44.503665924072266,44.79110319925483,44.2856066702565,44.434284121680825,127700
10824,2023-02-21,43.50258255004883,44.21622832301188,43.44311458965187,43.95852122454191,123700
10825,2023-02-22,43.57196044921875,43.93869715021811,43.22505144127298,43.48275473560061,133600
10826,2023-02-23,43.383636474609375,44.12701611855877,42.95743184292977,43.760283219563895,112100
10827,2023-02-24,43.04663848876953,43.05654855392058,42.55105204867872,42.86822706785488,90500
10828,2023-02-27,42.81867599487305,43.46293620091389,42.769118099181455,43.353910342802415,83500
10829,2023-02-28,42.92770767211914,43.27461673945581,42.62044265460291,42.719558450691885,155400
10830,2023-03-01,44.037811279296875,44.186488723431225,42.937608779571214,43.02681448984693,83500
10831,2023-03-02,43.968441009521484,43.98826492600583,43.26470898894154,43.83958744288592,88000
10832,2023-03-03,44.38471984863281,44.50366331520951,43.64134019713838,44.18648829972051,76100
10833,2023-03-06,43.32416915893555,44.493753553806684,43.20522946246426,44.493753553806684,141200
10834,2023-03-07,43.631431579589844,43.71072344558041,43.10611115170058,43.413372331322805,80600
10835,2023-03-08,43.95851516723633,44.364895891726015,43.562048288796674,43.770193683554325,87400
10836,2023-03-09,43.829673767089844,44.374818191944044,43.6413484665042,43.91887949341327,122100
10837,2023-03-10,43.64134216308594,44.34507780511432,42.86822850063246,43.61160818561453,162700
10838,2023-03-13,43.44310760498047,44.03780979948502,42.75919592217346,42.8880494506917,169100
10839,2023-03-14,44.92986297607422,45.33624365598448,44.19639347083364,44.34507089707906,152100
10840,2023-03-15,44.48383712768555,44.72171648661678,43.5323083488879,43.97833687316426,320500
10841,2023-03-16,44.88030242919922,45.108271715692744,42.11493323667409,43.938691309646366,191300
10842,2023-03-17,44.592872619628906,45.25695668027616,44.275693797545074,44.56313486007511,514500
10843,2023-03-20,45.69306945800781,45.96068659637312,44.9496897784457,44.9496897784457,125600
10844,2023-03-21,46.208473205566406,46.67432561464036,45.61377105949142,46.24812102357781,159200
10845,2023-03-22,45.64351272583008,46.73380521877145,45.623688813483,46.07963123541649,178900
10846,2023-03-23,45.118186950683594,46.059801880265255,44.85056983715886,45.91112444574343,191500
10847,2023-03-24,44.57304763793945,45.18757379262518,44.41446012121331,44.8307509347352,197700
10848,2023-03-27,44.58295440673828,45.02898294611807,44.384719080233445,44.791099798107396,154500
10849,2023-03-28,44.216224670410156,44.771279087063014,43.73054827481427,44.34507820900084,147800
10850,2023-03-29,44.00807189941406,44.46401045994177,43.96842408170974,44.39462866947121,188100
10851,2023-03-30,46.53784942626953,46.617216579958715,44.2957803166288,44.444588053144734,351300
10852,2023-03-31,49.06761932373047,49.19658905765752,46.64697787646106,46.64697787646106,575000
10853,2023-04-03,46.865230560302734,48.99817160303304,46.3195908711905,48.769996725965186,264300
10854,2023-04-04,45.53586196899414,46.87515046860936,45.28784529984806,46.87515046860936,147800
10855,2023-04-05,44.9207763671875,45.55569841296014,44.49418740810265,45.21839938752309,115100
10856,2023-04-06,44.375144958496094,45.456497859700534,44.27593979797375,45.05966964874258,84900
10857,2023-04-10,45.21839904785156,45.25807883708885,43.99815375628324,44.32553756241958,135300
10858,2023-04-11,44.95054244995117,45.684669670875365,44.83149172404398,45.13903375598651,117600
10859,2023-04-12,45.20848083496094,45.59538625630485,44.96046415108056,45.30768599473938,83100
10860,2023-04-13,45.426734924316406,45.58546544432075,44.63308232429469,45.29776519417722,119600
10861,2023-04-14,45.66482925415039,45.96245229341943,45.03982995432737,45.11919332288073,124200
10862,2023-04-17,44.94062042236328,45.67475144011131,44.69260374918861,45.59538428816705,128100
10863,2023-04-18,44.94062042236328,45.53586270864295,44.643001171440496,44.94062042236328,81100
10864,2023-04-19,44.444583892822266,44.64299797403809,43.879106221239155,44.51402825358273,166500
10865,2023-04-20,44.613243103027344,44.65292289698579,43.87911204049829,44.01800078043868,108200
10866,2023-04-21,44.02792739868164,44.514038030775644,43.56165477307606,44.514038030775644,141900
10867,2023-04-24,43.720375061035156,44.50410858870915,43.601328127854856,43.85926378048447,117500
10868,2023-04-25,42.37117004394531,43.54180911334972,42.35132825478523,43.2243480556571,116800
10869,2023-04-26,41.58742904663086,42.57949562256499,41.52790747411235,42.02394076207942,134800
10870,2023-04-27,40.30766677856445,41.875130029361806,39.91083862714466,41.766002098499676,265200
10871,2023-04-28,38.89893341064453,39.94060266229774,37.718375430028765,39.69258599359774,313300
10872,2023-05-01,39.603302001953125,40.46640278090607,39.11719142406556,39.11719142406556,193900
10873,2023-05-02,40.02988052368164,40.11916665729865,38.90884813813098,39.42472315631443,170700
10874,2023-05-03,40.41680145263672,41.02195899708855,40.089417605429034,40.19854555449827,150700
10875,2023-05-04,40.248146057128906,40.83346556646366,40.06957374686175,40.11917632539503,150700
10876,2023-05-05,41.081478118896484,41.33941377203278,40.71441453328314,40.883064040250375,135000
10877,2023-05-08,41.418785095214844,41.56759661531862,40.5656071200794,41.12116583944145,128400
10878,2023-05-09,40.98228073120117,41.62712187835028,40.902913570942175,41.27990001330341,238400
10879,2023-05-10,41.39894104003906,41.69656027951583,40.51600232300327,41.557671553388936,166300
10880,2023-05-11,42.212440490722656,42.43069639209359,40.96243802022191,40.96243802022191,154500
10881,2023-05-12,42.17274856567383,42.658862854045154,41.894971134852305,42.14298777935257,170100
10882,2023-05-15,42.34141159057617,42.47038133502142,41.67672486252869,42.17275826561938,122400
10883,2023-05-16,42.817596435546875,42.936643373830094,41.9247349373379,42.271960535278694,128700
10884,2023-05-17,43.97831344604492,44.02791601831397,42.83743536168845,42.9564822920209,137700
10885,2023-05-18,43.87911605834961,44.23626072771838,43.43268522163865,44.00808580771826,171500
10886,2023-05-19,43.90886688232422,44.28585325710442,43.4525171459467,44.28585325710442,157900
10887,2023-05-22,44.583473205566406,44.80172907624149,43.77990165341517,44.02791831211546,191200
10888,2023-05-23,44.35530090332031,45.39697017332152,43.988237286820365,44.31561732736515,247600
10889,2023-05-24,43.641014099121094,44.1866500059916,43.22434413343713,44.11720564244993,160300
10890,2023-05-25,44.315616607666016,44.434667333598064,43.45251965904587,43.77990347870794,168000
10891,2023-05-26,45.51602554321289,45.84340561714607,44.26601926418024,44.26601926418024,137700
10892,2023-05-30,45.08943176269531,45.61522589673864,44.84141509049615,45.58546510709365,128600
10893,2023-05-31,45.30768585205078,45.605308899317336,44.603319380313,45.01998937582563,533100
10894,2023-06-01,44.83149337768555,45.24816336486183,44.24617386590437,45.03983026349078,206300
10895,2023-06-02,46.14102554321289,46.26999528780591,44.85133945058629,45.36721464452384,167200
10896,2023-06-05,44.34537887573242,45.59538115755571,43.59140612176664,45.57553937093199,229100
10897,2023-06-06,45.605308532714844,45.97237216110953,43.839427189827774,44.355302340659506,170900
10898,2023-06-07,46.885074615478516,47.520000537095015,45.843405247637065,45.843405247637065,203300
10899,2023-06-08,46.637054443359375,46.89499390763746,46.11126029727321,46.6469772297577,128400
10900,2023-06-09,46.30967330932617,46.66681792259838,46.071575639,46.66681792259838,90800
10901,2023-06-12,46.48824691772461,46.736263596727035,46.240230238722184,46.45848612726326,142000
10902,2023-06-13,46.74618148803711,47.38110356568797,46.4188014474383,46.428720449211674,153300
10903,2023-06-14,46.002132415771484,46.91483575951034,45.64498779363168,46.65689629488307,242800
10904,2023-06-15,45.158878326416016,45.7144370615821,44.88110085105011,45.53586474615137,267100
10905,2023-06-16,44.008079528808594,45.59538473904934,43.90887058789721,45.59538473904934,1189300
10906,2023-06-20,43.670780181884766,44.166813572704314,43.174746791065225,43.91879687729454,413000
10907,2023-06-21,43.343387603759766,43.81957910897208,43.25410146000535,43.39299396040508,233300
10908,2023-06-22,42.10330581665039,43.472358806242,42.08346403020021,43.472358806242,181400
10909,2023-06-23,41.00212097167969,42.22236263128664,40.922753814420204,41.6668038837733,352800
10910,2023-06-26,40.96243667602539,41.75608931255604,40.92275309809028,41.30965852187183,163200
10911,2023-06-27,40.248146057128906,41.30965713236469,40.20846248052861,41.021956878663815,829000
10912,2023-06-28,40.853309631347656,40.88307042323924,40.049734190365555,40.44656240961374,302200
10913,2023-06-29,42.20383071899414,42.29320368851186,40.823517802753486,40.823517802753486,248400
10914,2023-06-30,42.332916259765625,42.690408056848305,42.13430928492936,42.50172972610302,213400
10915,2023-07-03,42.1839714050293,42.740070326221556,42.05487626851585,42.05487626851585,138600
10916,2023-07-05,42.213748931884766,42.40242725874101,41.62786045165627,41.727165831084,169600
10917,2023-07-06,41.3597526550293,42.31306173613876,41.2207250994348,41.687450994360994,199900
10918,2023-07-07,40.71427917480469,41.71723901941413,40.674557017682055,41.39946933865985,188000
10919,2023-07-10,40.81358337402344,41.03205146397258,40.614980152011825,40.65469852354597,188900
10920,2023-07-11,41.32002639770508,41.558351750285894,40.84337190443028,41.05190753496678,190900
10921,2023-07-12,43.15713882446289,43.20678963119082,41.508707039544895,42.104528084621286,238900
10922,2023-07-13,43.29616165161133,44.44807776782884,43.286233005728384,43.51462974217257,202100
10923,2023-07-14,42.46200942993164,43.06775902501449,41.61793448511618,43.06775902501449,133000
10924,2023-07-17,42.76985549926758,43.23658139748874,42.48187552853054,42.48187552853054,94200
10925,2023-07-18,42.51166915893555,43.196859357436054,42.23361783313136,42.85922858104879,108500
10926,2023-07-19,41.83640670776367,42.42229528396859,41.598077546208486,42.28327151810869,132900
10927,2023-07-20,41.82646942138672,42.412357929616235,41.677517027295664,41.88605265189098,187400
10928,2023-07-21,41.63779830932617,42.17403606377245,41.32995727515589,42.0648020262245,166200
10929,2023-07-24,41.905921936035156,42.193901924370614,41.6179419476997,41.85627112828065,117800
10930,2023-07-25,41.32002639770508,42.16410135260799,40.46601901004528,41.22072101070209,408000
10931,2023-07-26,42.31306457519531,42.66062401721766,41.28031110730918,41.28031110730918,181600
10932,2023-07-27,42.134315490722656,42.660620831660125,41.886057682640676,42.581180302892925,144900
10933,2023-07-28,42.31306457519531,42.60104456322172,42.0648067485754,42.3925051098945,135700
10934,2023-07-31,44.31898498535156,44.38849686860603,41.98535931514987,42.12438308165881,221000
10935,2023-08-01,45.4510383605957,45.6297842791808,43.991281288188524,44.04093209043696,201500
10936,2023-08-02,45.699302673339844,45.95748915469834,44.62682700897242,44.87508484371148,145000
10937,2023-08-03,45.073692321777344,45.79860475192165,44.65662097352198,45.37160096883317,203700
10938,2023-08-04,44.974388122558594,45.679439430711405,44.71619786530218,45.27229675252744,121000
10939,2023-08-07,44.64668273925781,45.23257131054567,44.55730977793887,45.172991861742034,105100
10940,2023-08-08,44.438148498535156,45.02403708836441,43.683446414268566,44.16010096034961,179100
10941,2023-08-09,44.46793746948242,44.59703259064145,43.81253700622563,44.34877478201215,87100
10942,2023-08-10,44.42822265625,45.292158838779905,44.36863941368752,44.636758323047935,88300
10943,2023-08-11,44.24946975708008,44.50765619134871,44.02107304535042,44.23953732415826,86000
10944,2023-08-14,43.852256774902344,44.070724846786426,43.613927624836684,44.070724846786426,92100
10945,2023-08-15,43.633792877197266,43.842332323996914,43.425257218511305,43.69337611744198,85800
10946,2023-08-16,43.25644302368164,44.02107754800206,43.24651058974389,43.633792174816165,131300
10947,2023-08-17,43.176998138427734,43.89198184802429,43.07769652903425,43.464978109027854,100800
10948,2023-08-18,43.44512176513672,43.72316933223712,42.779792575828196,42.779792575828196,92800
10949,2023-08-21,43.24651336669922,43.79267983682333,43.12735066858996,43.355747418346816,108100
10950,2023-08-22,44.26933670043945,44.48780100819353,43.45504755805406,43.53449187950191,106600
10951,2023-08-23,44.686405181884766,44.85521867205518,43.99128256587719,44.39842521712093,80200
10952,2023-08-24,44.20975112915039,44.8750802396961,44.14023924560423,44.39842570047375,123200
10953,2023-08-25,44.53744888305664,45.04389692866182,44.02107598009446,44.31898458968448,111000
10954,2023-08-28,44.64668273925781,45.31201562643517,44.49773032913522,44.71619462160439,99100
10955,2023-08-29,44.636756896972656,45.073689297463375,44.48780068938229,44.48780068938229,83900
10956,2023-08-30,44.686405181884766,45.07368675402961,44.21967929334431,44.41828629621983,100300
10957,2023-08-31,44.338844299316406,45.27229225736551,44.31898322087536,44.66654262331029,216400
10958,2023-09-01,44.507659912109375,44.94459229436506,44.209751297475336,44.64668367973102,125600
10959,2023-09-05,42.87908935546875,44.1998189382138,41.37961005790575,44.0111443658541,216200
10960,2023-09-06,42.99825668334961,43.42526046675942,42.650697226208585,42.78972100906499,171600
10961,2023-09-07,41.3597526550293,42.74006547232367,41.260447258176086,42.74006547232367,222700
10962,2023-09-08,40.79372787475586,41.439195950882215,40.744073278957536,41.39947378948908,135700
10963,2023-09-11,41.32002639770508,41.608006337843975,40.96253458072068,41.18100264401408,171400
10964,2023-09-12,41.22071838378906,41.915840896058505,41.20086109576711,41.40939671301406,134500
10965,2023-09-13,41.041988372802734,41.31010350937408,40.734147284138594,40.9526153979076,182200
10966,2023-09-14,42.11445236206055,42.124381007130715,41.32002817248048,41.39946869738181,149400
10967,2023-09-15,41.38954544067383,42.43222756199794,40.8135854606752,41.826477854797254,1074100
10968,2023-09-18,42.03501892089844,42.1541816223884,41.29024540738668,41.29024540738668,106900
10969,2023-09-19,41.87612533569336,42.53152958697602,41.846335610858155,42.04494261535773,96100
10970,2023-09-20,41.39946746826172,42.521593733542204,41.36967774582232,41.97542735617827,78300
10971,2023-09-21,40.883094787597656,41.121423954620596,40.744071018548276,41.121423954620596,120200
10972,2023-09-22,40.555397033691406,41.06184131231574,40.46602406827374,40.873166735595625,81300
10973,2023-09-25,41.13134765625,41.429260026247114,40.27734406501279,40.27734406501279,87700
10974,2023-09-26,40.495811462402344,41.32995782890145,40.44616065960988,40.98239842124075,120400
10975,2023-09-27,40.396514892578125,40.942681367606305,40.12839597833944,40.62491164438577,84600
10976,2023-09-28,41.53961944580078,41.7284797108357,40.53566865711174,40.53566865711174,134500
10977,2023-09-29,41.489925384521484,41.967049112148544,41.42034128605703,41.70860472311577,145800
10978,2023-10-02,41.67877960205078,41.91733953518244,41.320935910511515,41.320935910511515,160900
10979,2023-10-03,41.46010208129883,41.768246144211865,41.231480534689396,41.430283033606116,109200
10980,2023-10-04,41.52968215942383,41.837826220647216,41.06250065014985,41.35076029056409,105200
10981,2023-10-05,41.65890121459961,41.748362142292486,41.122135648442345,41.58932091437648,137600
10982,2023-10-06,41.78812026977539,42.63302601887538,41.42033437687341,41.42033437687341,129900
10983,2023-10-09,41.89746856689453,42.25530851669496,41.311003277389446,41.46010230851239,99100
10984,2023-10-10,41.63902282714844,42.36464870554121,41.61914219860919,42.09626590802462,114900
10985,2023-10-11,41.191715240478516,41.84776076833325,41.07243526955272,41.74836142453541,143000
10986,2023-10-12,40.426334381103516,41.211602210224605,40.167893772349004,41.211602210224605,112600
10987,2023-10-13,39.24346160888672,40.35675025111157,39.12418163089459,40.35675025111157,120000
10988,2023-10-16,40.05854797363281,40.376630439373294,39.4025024140628,39.6808236236252,104600
10989,2023-10-17,40.54561996459961,40.89352152874254,39.829932413399675,39.829932413399675,136700
10990,2023-10-18,40.008846282958984,40.46608933043646,39.69076383324927,40.11818783601706,77300
10991,2023-10-19,39.3726806640625,40.207648027253185,39.352800037338696,39.790162449736926,127700
10992,2023-10-20,38.93531799316406,39.58142514887493,38.85579927089443,39.58142514887493,168100
10993,2023-10-23,38.52777099609375,39.34286152238217,38.44825228123745,38.66693538281546,152400
10994,2023-10-24,38.289215087890625,39.00490255610013,37.961190401013866,38.64705882199538,180900
10995,2023-10-25,38.07052993774414,38.38861239739302,37.682867177037195,37.96118838126946,138400
10996,2023-10-26,37.87171936035156,38.865727782322374,36.47016763704636,36.509928883967085,235200
10997,2023-10-27,36.470176696777344,37.52382725087162,36.01293361912672,37.52382725087162,208700
10998,2023-10-30,35.61532974243164,37.52382442279151,35.40658505589577,37.08646200650284,158500
10999,2023-10-31,37.18586349487305,37.21568254102371,35.28730712249155,35.58550895952447,259900
11000,2023-11-01,38.23950958251953,38.53771138486706,37.24550104680001,37.325019757899916,259800
11001,2023-11-02,39.223575592041016,39.32297871991356,38.61722978346418,38.86573191538311,182500
11002,2023-11-03,40.48596954345703,40.84381324368112,39.90944653119522,40.287167066461215,163900
11003,2023-11-06,40.43627166748047,40.67483161699367,40.048608905639995,40.257349809424554,145600
11004,2023-11-07,39.4422721862793,40.29712041946915,39.402510921516296,40.13807915226008,187800
11005,2023-11-08,38.37867736816406,39.77028730404174,38.199755494833134,39.4422663974966,148600
11006,2023-11-09,37.583465576171875,38.67687349165467,37.37472089367566,38.5277706887062,140500
11007,2023-11-10,38.249454498291016,38.706697592368506,37.39460640563345,37.79221140421353,139100
11008,2023-11-13,37.90155029296875,38.41843523789935,37.81208936419534,37.93136933861255,120300
11009,2023-11-14,40.04861068725586,40.24741318192221,38.7961576251474,39.12418231012321,200500
11010,2023-11-15,40.108245849609375,40.91339418782588,39.88956653411898,39.88956653411898,238000
11011,2023-11-16,39.084415435791016,40.27722644052165,38.77627142375109,40.20764614616452,128500
11012,2023-11-17,39.49196243286133,39.58142336127574,39.0546000005253,39.382620876816816,301900
11013,2023-11-20,39.06454086303711,39.87962768766817,38.95519930015012,39.7603477062652,121900
11014,2023-11-21,38.98501968383789,39.41244369810551,38.468134741192344,38.88561654572798,128800
11015,2023-11-22,39.30310821533203,39.60131009205676,38.89556476571163,39.263346953944044,102600
11016,2023-11-24,39.5317268371582,39.770286804038626,39.004903434441815,39.14406404709578,37500
11017,2023-11-27,39.05459976196289,39.75040655739783,38.93531599691097,39.243460035532124,95400
11018,2023-11-28,38.93531799316406,39.47208358789228,38.78621896696768,38.865737689237314,124000
11019,2023-11-29,38.54766082763672,39.81999469573685,38.28922020283795,39.342870917140324,170600
11020,2023-11-30,38.51783752441406,38.93531936265889,38.25939692814474,38.91544252527397,254800
11021,2023-12-01,39.63112258911133,39.770283189116284,38.50789557944736,38.60729492463891,170800
11022,2023-12-04,39.998905181884766,40.06848547610063,39.332917490593616,39.42237841056282,154000
11023,2023-12-05,39.163944244384766,39.93926981595883,38.91544206971695,39.93926981595883,159000
11024,2023-12-06,39.6708869934082,40.356751630101606,39.57148764032531,39.57148764032531,156000
11025,2023-12-07,40.37663269042969,40.406455530146964,39.28322462746794,39.70070646508676,141400
11026,2023-12-08,40.605247497558594,40.67482779227737,39.97902484508959,40.22752698103999,121400
11027,2023-12-11,41.062496185302734,41.082376812107945,40.28716690726696,40.73447153077955,205100
11028,2023-12-12,40.247413635253906,41.07243887842506,39.869689270317515,41.07243887842506,170700
11029,2023-12-13,41.01279830932617,41.0724401978665,39.19376431503335,40.09831210276199,244600
11030,2023-12-14,42.35470962524414,42.503808649195015,41.17183689261975,41.17183689261975,323600
11031,2023-12-15,42.51375198364258,42.99087569822026,42.13602762099442,42.6827316402912,1810500
11032,2023-12-18,41.3905143737793,42.51374506873067,41.12213161701172,42.51374506873067,236900
11033,2023-12-19,41.718544006347656,42.155906444689364,41.15195938255692,41.63902149473532,190500
11034,2023-12-20,41.25136184692383,42.354712131933915,41.052559344714766,41.60920559253168,349400
11035,2023-12-21,41.87759017944336,42.01675079934438,41.400466428993084,41.49986578839595,206100
11036,2023-12-22,42.275184631347656,42.65290896183837,41.84776062912335,41.90740251030879,208100
11037,2023-12-26,43.13997268676758,43.22943360814868,42.45410435889853,42.65290682772785,135300
11038,2023-12-27,43.59721755981445,43.69661690252394,42.96105266605323,43.01075233740798,166300
11039,2023-12-28,43.746456146240234,43.83599873480144,43.368387017281464,43.368387017281464,155400
11040,2023-12-29,43.51763153076172,44.02503706771017,43.42808893067626,43.74646177646817,196200
11041,2024-01-02,43.42808532714844,43.885745780586106,43.04006489543906,43.12960748809455,227200
11042,2024-01-03,42.88087844848633,43.96533704956998,42.74159081454403,43.069914919096625,308000
11043,2024-01-04,42.03520584106445,42.84108926018475,41.99540828560829,42.63215399169179,261000
11044,2024-01-05,42.383419036865234,42.70179184539111,41.497944425946194,41.77652347988377,249000
11045,2024-01-08,43.447975158691406,43.577315287267155,42.60229816906421,42.60229816906421,219600
11046,2024-01-09,42.17448806762695,42.970420097901055,42.14464180252396,42.75154116164023,170100
11047,2024-01-10,42.98036575317383,43.000264525737066,41.955599840332354,42.10483873690526,185400
11048,2024-01-11,41.83621597290039,42.96047208688414,41.79641842304358,42.71174309323395,196000
11049,2024-01-12,41.716827392578125,42.6719458235941,41.36860831730249,42.433168113491746,102200
11050,2024-01-16,41.24921798706055,41.716829738992026,41.09998285867848,41.50789828207504,84800
11051,2024-01-17,40.12496566772461,40.68211622047469,39.886184148472076,40.60252491092617,143000
11052,2024-01-18,41.1994743347168,41.53774595055744,40.06527062139926,40.31399963906727,270800
11053,2024-01-19,41.79642105102539,41.81631982720495,40.990541489922585,41.458149446579924,131000
11054,2024-01-22,42.283935546875,42.741596056038844,41.94566391068784,42.403324419851685,184000
11055,2024-01-23,41.77652359008789,42.74158950803256,41.587487125256,42.74158950803256,135000
11056,2024-01-24,41.448204040527344,42.363528814300146,41.36861272711005,42.363528814300146,88900
11057,2024-01-25,41.72677230834961,42.30382536355482,41.378553254555456,42.22423026822871,144000
11058,2024-01-26,41.54769515991211,42.28393475259687,41.328816196116996,41.96556190043691,110800
11059,2024-01-29,42.17448806762695,42.224233107899714,40.71196035272728,40.71196035272728,120500
11060,2024-01-30,42.13469314575195,42.45306597772246,42.01530428258889,42.13469314575195,141500
11061,2024-01-31,40.85124969482422,42.174485916028544,40.771654598205835,42.13468836771935,138400
11062,2024-02-01,41.885963439941406,41.95560725857519,40.871152426905276,40.871152426905276,131100
11063,2024-02-02,41.91581726074219,42.08495117964838,41.169630169630324,41.39846042213484,130300
11064,2024-02-05,41.35866165161133,41.567593120112974,40.751762228084324,41.308916606059086,137900
11065,2024-02-06,45.676597595214844,46.860546377434424,42.38342396703099,42.74159436711186,443400
11066,2024-02-07,42.492862701416016,42.89083063126569,41.98545719639596,41.98545719639596,336700
11067,2024-02-08,43.965335845947266,44.27376116644969,42.55255697429152,42.71174337948236,231300
11068,2024-02-09,45.50746154785156,45.915376974306724,43.99518870469246,44.16432261052102,227800
11069,2024-02-12,46.522274017333984,46.711310500660666,45.507462960259076,45.507462960259076,220700
11070,2024-02-13,43.9056396484375,45.34826845982851,43.507671771052756,44.801061679598746,303600
11071,2024-02-14,44.51254653930664,44.70157922586236,43.935493398288756,44.54239280684081,133700
11072,2024-02-15,45.59700393676758,45.805935394303084,44.73142424931447,44.93040821638313,135100
11073,2024-02-16,45.33832550048828,46.04471500701545,44.92046256827908,45.278629169328255,116700
11074,2024-02-20,44.9105110168457,45.179138812523725,44.432951756297086,44.49264808710452,109800
11075,2024-02-21,44.82097244262695,44.94036131965777,44.36331191792219,44.50259957367547,92200
11076,2024-02-22,44.9105110168457,45.218936366395354,44.62198444423186,44.820968418286355,92500
11077,2024-02-23,44.81101989746094,45.1990365505314,44.28371180904148,44.73142479154723,70100
11078,2024-02-26,44.26381301879883,44.94035238432887,44.194165409466,44.681675902976494,133000
11079,2024-02-27,43.97528839111328,44.980151891052486,43.826049471525685,44.62198152028496,107300
11080,2024-02-28,44.373252868652344,44.48269423784136,43.348490584979544,43.348490584979544,91800
11081,2024-02-29,44.333457946777344,45.17913502141629,44.154372764686194,45.14928875616887,223800
11082,2024-03-01,44.83091354370117,45.16918511451714,43.9752852295606,44.363301838228274,99800
11083,2024-03-04,44.413047790527344,45.73628783738582,44.27376016355344,44.92045705485021,100100
11084,2024-03-05,44.313560485839844,44.602087042800235,44.08473025644818,44.11457652258083,105500
11085,2024-03-06,44.393150329589844,44.81101701818017,44.31355902409373,44.61203306148494,66200
11086,2024-03-07,44.74137878417969,45.079650414170445,44.36330959882442,44.74137878417969,82100
11087,2024-03-08,44.333457946777344,45.57710293613069,44.074777663621994,45.298523877709286,97800
11088,2024-03-11,44.51254653930664,44.54239280684081,44.02503599619485,44.09467981731031,68700
11089,2024-03-12,44.27376174926758,44.41304938123022,43.63701612012215,44.21406542329645,79500
11090,2024-03-13,44.243919372558594,44.62198475102751,43.995190352106256,44.05488288802048,92100
11091,2024-03-14,44.393150329589844,44.41304910478969,43.368388076268815,44.00513370145094,114500
11092,2024-03-15,44.69162368774414,44.96025145590453,44.05487807223946,44.05487807223946,277200
11093,2024-03-18,43.855899810791016,45.169188648399505,43.8360010350329,44.631933088840555,122900
11094,2024-03-19,43.57732009887695,43.9653367321443,43.507676282408625,43.85589916005361,91000
11095,2024-03-20,44.681678771972656,44.87071145143315,43.577321371016666,43.577321371016666,95900
11096,2024-03-21,45.985015869140625,46.16410104160598,44.940351097991694,44.940351097991694,149500
11097,2024-03-22,45.39801788330078,46.74115295750536,45.29852400668724,46.104407328391986,146300
11098,2024-03-25,45.159236907958984,45.9452214636217,45.12939064227417,45.59700237962094,107900
11099,2024-03-26,45.208988189697266,45.46766851235093,44.870716549129774,45.46766851235093,121500
11100,2024-03-27,46.7126350402832,46.74250760548267,45.4579379194859,45.58738823444871,99100
11101,2024-03-28,46.593135833740234,47.09103212485014,46.39397655756682,46.603092088157645,149300
11102,2024-04-01,45.95582962036133,46.692714010879804,45.94586956720317,46.623008833361766,81300
11103,2024-04-02,44.820621490478516,45.88612302529645,44.79074892922142,45.368310437839604,169600
11104,2024-04-03,44.611507415771484,45.72679405653776,44.45218075280487,44.49201336820834,171100
11105,2024-04-04,44.23310470581055,45.54755440989723,44.183315836398656,45.21894103421375,124100
11106,2024-04-05,44.611507415771484,44.82062294866879,44.053865994711984,44.053865994711984,90300
11107,2024-04-08,45.48780822753906,45.56746966366733,44.58163707452614,45.02974452352098,129900
11108,2024-04-09,46.29439926147461,46.32427182365973,45.5873836343661,45.806459220116395,101000
11109,2024-04-10,45.39818572998047,45.51767978084404,44.760879060511535,44.91024567442916,152000
11110,2024-04-11,46.662841796875,46.80225215295129,45.54755514961741,45.54755514961741,176600
11111,2024-04-12,45.77659225463867,46.403938929110126,45.60730551804878,46.24461224689786,163000
11112,2024-04-15,45.278690338134766,45.80645919591184,44.86045547452768,45.80645919591184,129300
11113,2024-04-16,44.183319091796875,45.10940656595099,44.14349027252115,44.99986876598582,141900
11114,2024-04-17,43.615718841552734,44.84054338821678,43.615718841552734,44.70113302010589,99100
11115,2024-04-18,42.91865921020508,43.77504144739725,42.87883039348358,43.47630442942603,103300
11116,2024-04-19,43.247276306152344,43.44643560146676,42.45064292354227,42.69959109302339,119600
11117,2024-04-22,43.58584213256836,44.19327622042516,43.316977677354004,43.575882079423046,109900
11118,2024-04-23,45.29860305786133,45.33843187138332,43.53604985517761,43.53604985517761,148800
11119,2024-04-24,45.44797134399414,45.65708686767977,44.930158762500824,45.089485418448994,93700
11120,2024-04-25,45.48780822753906,45.53759709995016,44.99986816115635,45.14923857703712,126800
11121,2024-04-26,45.96578598022461,46.125112643294905,45.457933428765315,45.46788968329902,136000
11122,2024-04-29,46.80225372314453,46.822170031630364,46.16494704618743,46.24460848148335,136100
11123,2024-04-30,45.55751419067383,46.871960197857206,45.54755793547969,46.583179414809216,248500
11124,2024-05-01,47.22048568725586,47.75821463047338,44.90029078571339,45.55751378343009,265400
11125,2024-05-02,48.30590057373047,48.81375696081683,47.20057390493455,47.69847023811467,251500
11126,2024-05-03,49.38135528564453,49.46101671850876,48.83367011426824,48.923291600395075,246300
11127,2024-05-06,49.54068374633789,50.23773935274952,49.421189693385095,49.690054161514475,182300
11128,2024-05-07,50.10828399658203,50.55639143228951,49.41122840755344,49.57055507373306,201200
11129,2024-05-08,50.65597152709961,50.68584788996609,49.53072855684739,49.69005523042764,129400
11130,2024-05-09,51.36298370361328,51.49243400550919,50.36719111190598,50.41697998176189,148000
11131,2024-05-10,51.37294387817383,51.65176460956036,50.91488016271095,51.41277649655692,116500
11132,2024-05-13,51.183738708496094,51.71150754565644,50.71571499334054,51.71150754565644,90400
11133,2024-05-14,50.88500213623047,52.06003774958828,50.83521326420292,52.06003774958828,89400
11134,2024-05-15,51.77125930786133,52.129741455507364,51.004498544655476,51.29327551370528,110700
11135,2024-05-16,51.56214141845703,51.68163926966864,51.123994026623436,51.68163926966864,90100
11136,2024-05-17,52.32889938354492,52.35877574406174,51.611931308144406,51.681636484938245,175600
11137,2024-05-20,53.42427444458008,53.633389978650776,52.209406258488286,52.27911143651185,280400
11138,2024-05-21,53.90225601196289,54.01179380881571,52.92637969245651,53.27490559276328,142700
11139,2024-05-22,52.936336517333984,54.10141587982136,52.687388357677854,53.90225659236696,177600
11140,2024-05-23,52.0799560546875,53.235075403787945,51.56214340872557,53.12553760193959,132400
11141,2024-05-24,52.63759994506836,52.77701030790943,52.10983105755646,52.169576185261214,101400
11142,2024-05-28,53.3943977355957,54.14124217982197,52.737174776622474,52.946290309330486,182400
11143,2024-05-29,52.478275299072266,53.40436280071718,52.44839893541919,52.53802042908314,121700
11144,2024-05-30,53.245033264160156,53.543770294117934,52.50814504486004,52.84671469178483,76200
11145,2024-05-31,52.72721862792969,53.84250526992477,52.47827047935462,53.34460897277463,166200
11146,2024-06-03,53.44418716430664,53.54376870376643,52.57784866356676,53.25498793730403,178800
11147,2024-06-04,52.767051696777344,53.71305163057328,52.74713538888253,53.33465317651383,139500
11148,2024-06-05,54.48977279663086,54.49972905131906,52.79692460108618,52.826797163798126,127100
11149,2024-06-06,52.59777069091797,54.121332323174606,52.31894994740635,54.121332323174606,136800
11150,2024-06-07,52.418521881103516,52.946290743786946,52.109828606091234,52.35877675620942,106100
11151,2024-06-10,51.87083435058594,51.880790604732866,51.19369510918072,51.86087809643901,124900
11152,2024-06-11,51.382896423339844,51.671677187794494,50.974621611011564,51.671677187794494,119000
11153,2024-06-12,52.02021026611328,53.28486360238613,51.8310072294468,52.677433270226096,173300
11154,2024-06-13,51.442649841308594,51.751346940488574,51.00450242839138,51.751346940488574,137700
11155,2024-06-14,50.21782302856445,50.98458381551454,49.81950445398215,50.69580303887474,121700
11156,2024-06-17,50.65597152709961,50.78542563646092,49.62035004815175,49.89917077725531,116200
11157,2024-06-18,50.74559020996094,51.14390877119095,50.40702057250962,50.675885031542784,111000
11158,2024-06-20,50.7655029296875,51.333104370200395,50.187945235238885,50.68584150226051,130400
11159,2024-06-21,50.5763053894043,50.92483126839404,50.08836536017148,50.626094258024665,562800
11160,2024-06-24,50.5066032409668,51.03437211754201,50.347276572643295,50.646013600918934,142000
11161,2024-06-25,50.456809997558594,50.82525600027241,49.839419639649094,50.29748333104494,106900
11162,2024-06-26,49.95890808105469,50.78541768237326,49.938995573792475,50.1182385283279,172200
11163,2024-06-27,50.128196716308594,50.426933719179665,49.809543406759836,50.227774451049925,93600
11164,2024-06-28,50.457069396972656,51.045054346909765,49.789355869981385,50.71617966906307,440300
11165,2024-07-01,48.882469177246094,50.835773893340246,48.82267654005369,50.52683513006436,100800
11166,2024-07-02,49.12165451049805,49.39073280138047,48.972165303896105,48.972165303896105,70400
11167,2024-07-03,49.699668884277344,49.839190108631726,48.882469883057475,49.48042287529256,53900
11168,2024-07-05,49.14158248901367,49.59004246743553,49.0917502232618,49.390728611100535,86500
11169,2024-07-08,49.330936431884766,50.18799977411982,49.201379372748,49.60001472316799,87500
11170,2024-07-09,48.46390151977539,49.33092890268898,48.414073058995136,49.33092890268898,88000
11171,2024-07-10,49.48041915893555,49.679733006375685,48.56355949370554,48.932294673471326,107600
11172,2024-07-11,51.72273635864258,51.88218972438079,50.52683421477195,50.97529799393195,162400
11173,2024-07-12,51.623077392578125,52.99836509509578,51.613113220108886,52.38048375696047,191100
11174,2024-07-15,52.53993606567383,53.24751014839656,50.81584533657408,52.29078994063048,189100
11175,2024-07-16,54.752349853515625,54.9715996552126,52.61965967883151,53.16778038140586,202900
11176,2024-07-17,53.476722717285156,55.280541983640546,53.36709781688952,54.08463985462966,134500
11177,2024-07-18,53.217613220214844,53.88532300288038,52.54989963588118,53.30730597626957,121700
11178,2024-07-19,52.42034149169922,53.33720117904906,52.00177783997528,53.33720117904906,144600
11179,2024-07-22,53.99494552612305,54.05474196141453,52.08150141514312,52.908668329169494,112500
11180,2024-07-23,53.54648208618164,54.7025198970623,53.267439656486715,53.69597127447134,166300
11181,2024-07-24,52.36055374145508,54.483276118945234,52.14130392152583,53.267445539796405,209500
11182,2024-07-25,51.74266052246094,52.918630425395754,51.662935746867085,52.56982740404552,202700
11183,2024-07-26,52.11140441894531,52.82894267383223,51.533383584127456,52.619660841226384,304900
11184,2024-07-29,51.52341842651367,52.37051371467144,51.12478311345819,52.37051371467144,223500
11185,2024-07-30,47.72643280029297,49.81926260599589,46.939130104790415,48.35428212217067,260000
11186,2024-07-31,48.713050842285156,50.227859720381474,47.4673202321732,48.075237378174734,355100
11187,2024-08-01,48.25461959838867,48.782811967791716,47.44738858757394,48.693119210849176,415600
11188,2024-08-02,45.87278366088867,46.899268288685334,45.10541313396037,46.510597137382796,247200
11189,2024-08-05,44.58719253540039,44.58719253540039,42.96275872381335,43.73012925073891,191100
11190,2024-08-06,45.0954475402832,45.4442505862259,44.088898892228514,44.52739469308049,218800
11191,2024-08-07,44.537357330322266,46.0621341112352,44.17859012471658,45.812988000813846,168600
11192,2024-08-08,45.5638427734375,45.58377491885766,44.63701892057439,45.035650423973436,137900
11193,2024-08-09,45.38446044921875,45.583778115730794,44.746646957714844,45.583778115730794,101800
11194,2024-08-12,44.91606521606445,45.7133320930984,44.47756938411287,45.67347160049796,78200
11195,2024-08-13,46.10199737548828,46.191690132707194,45.08548452923153,45.583776780076995,101000
11196,2024-08-14,45.57381057739258,46.47073818444157,45.1951073875643,46.47073818444157,70700
11197,2024-08-15,47.068687438964844,47.58691185674636,46.65012375633457,46.75974486249846,74100
11198,2024-08-16,47.357696533203125,47.70649959222757,46.899268569437226,47.05872193951529,108200
11199,2024-08-19,48.03537368774414,48.06527000622739,47.28793531231763,47.41749236185865,105800
11200,2024-08-20,47.40752410888672,47.92574850233244,47.158377985210976,47.8260915735294,81700
11201,2024-08-21,48.30445098876953,48.34431147872376,47.616805264122775,47.955644139576336,83400
11202,2024-08-22,47.646705627441406,48.713050722951536,47.487252261804414,48.45393662774886,97800
11203,2024-08-23,49.49038314819336,49.829222009927584,48.00547065956362,48.1748919912647,111700
11204,2024-08-26,49.37079620361328,50.05843812833002,49.27113547430557,49.82922415342444,90500
11205,2024-08-27,48.812705993652344,49.27113392908649,48.5535957089146,49.27113392908649,113800
11206,2024-08-28,48.04534149169922,49.0817903630348,47.98554885021308,48.59346224811008,115500
11207,2024-08-29,48.79277420043945,49.28110225808538,48.15496075494372,48.55359605921256,112800
11208,2024-08-30,49.081783294677734,49.16151187406867,48.43400189296406,48.8824656478683,295400
11209,2024-09-03,46.759742736816406,48.58349418965973,46.55046090501516,48.374212357858475,151900
11210,2024-09-04,46.42090606689453,47.457351018154476,46.35114165701675,46.79960542527096,114800
11211,2024-09-05,46.03223419189453,46.699947747578314,45.89271297772215,46.281380303393206,99800
11212,2024-09-06,45.12534713745117,45.87278554879148,45.005758056103865,45.783092787363906,79100
11213,2024-09-09,44.73667526245117,45.314696067091774,44.48752915045118,44.95592505754491,153700
11214,2024-09-10,44.79647445678711,45.205073953564565,44.268282081683424,44.91606353344514,138800
11215,2024-09-11,45.67346954345703,45.92261566891337,43.70022888437482,44.407806769938645,269700
11216,2024-09-12,45.60370635986328,46.13189874520043,45.215039001943296,46.13189874520043,83700
11217,2024-09-13,46.86936569213867,47.108547634021676,46.131895324529744,46.231552249341334,97200
11218,2024-09-16,46.36111068725586,46.87933507553146,45.75319354328509,46.7398138559319,149200
11219,2024-09-17,46.67005157470703,47.5769432712932,46.53052655843626,47.06868307333389,110000
11220,2024-09-18,46.86936569213867,48.04533565292177,46.33121297582091,46.80957305791892,113500
11221,2024-09-19,48.404109954833984,48.49380271392783,47.317832673216614,48.49380271392783,132400
11222,2024-09-20,47.82609176635742,48.27455174944737,47.18827449377469,47.99550930633929,723900
11223,2024-09-23,47.33776092529297,48.21475629742858,47.31782878028216,48.01543864898849,101000
11224,2024-09-24,47.885887145996094,48.17489757957935,47.2879379331817,47.736401743626686,63600
11225,2024-09-25,47.05872344970703,47.87592247279088,46.809577313360286,47.55701572240052,85300
11226,2024-09-26,48.105133056640625,48.43400395646984,47.566976527827656,47.945679692733236,94600
11227,2024-09-27,48.25474548339844,49.07262220304748,48.02534140884527,48.61381405394115,97200
11228,2024-09-30,48.25474548339844,48.4841495579516,47.835830882824936,48.085183634055035,97900
11229,2024-10-01,47.456817626953125,48.34451281604995,46.93816344577745,48.34451281604995,114400
11230,2024-10-02,48.035316467285156,48.26472055436275,47.30720685052029,47.41692267582289,69600
11231,2024-10-03,47.24735641479492,47.875726389000405,47.09774705272183,47.58647629557651,84500
11232,2024-10-04,47.975467681884766,48.06523482427185,47.46678974490529,48.06523482427185,99000
11233,2024-10-07,47.65629959106445,47.955525955193174,47.38699814624136,47.52663889175136,93400
11234,2024-10-08,47.9056510925293,48.135055175432676,47.63634965481981,47.80591151033519,83700
11235,2024-10-09,48.73350143432617,49.072621322104126,47.85577870040307,47.99541562981382,85500
11236,2024-10-10,47.347103118896484,48.17495230066173,47.31717820052392,48.17495230066173,120200
11237,2024-10-11,48.12508010864258,48.52404602525401,47.536607474292246,47.58647726266343,158100
11238,2024-10-14,48.36446762084961,48.68363887973369,48.03532011991328,48.03532011991328,93600
11239,2024-10-15,48.294639587402344,49.102543880415716,48.27469471531705,48.37443429502785,144500
11240,2024-10-16,49.052677154541016,49.24218388975714,48.50410182222375,48.81329682153316,155100
11241,2024-10-17,49.222232818603516,49.4217157856084,49.00280497923716,49.30202752733392,115100
11242,2024-10-18,48.26472091674805,49.49153607241146,48.234799802284954,49.49153607241146,81800
11243,2024-10-21,47.087772369384766,48.21484786407742,46.9581116789315,48.17495051094364,131600
11244,2024-10-22,47.04787826538086,47.307207273838685,46.52922785810776,46.87832021008413,57900
11245,2024-10-23,46.88829040527344,47.07780093427693,46.369640022793064,46.91821532317041,119200
11246,2024-10-24,47.29722595214844,47.48673646985522,46.81846914736756,47.4667877940534,112300
11247,2024-10-25,47.62637710571289,48.07521283416552,47.48674016904344,47.49671260531076,99700
11248,2024-10-28,48.414329528808594,48.72352449526528,47.726113522548935,47.98544250615489,158500
11249,2024-10-29,49.601253509521484,50.05008926515186,48.045290824943315,48.105136860634495,222600
11250,2024-10-30,50.64853286743164,50.867964520159454,49.212262297774565,49.212262297774565,213600
11251,2024-10-31,49.36187744140625,50.578716406685515,49.31200384211641,50.578716406685515,199800
11252,2024-11-01,51.03752136230469,51.077418717274256,49.41174409791726,49.41174409791726,155700
11253,2024-11-04,51.38661575317383,51.546201362771654,50.72832463798016,50.94775627798507,139400
11254,2024-11-05,52.44387435913086,52.50371658650192,51.11731584836165,51.26692902643167,89500
11255,2024-11-06,58.81732940673828,59.33598359671315,55.50592510559355,55.50592510559355,227500
11256,2024-11-07,58.57794952392578,58.8572233956822,57.49077134553253,58.737535137046756,229100
11257,2024-11-08,57.81991958618164,59.52549156262905,57.730152439799085,57.84984070003543,218900
11258,2024-11-11,57.72017288208008,58.258775729427754,57.22146738745912,58.258775729427754,142800
11259,2024-11-12,57.14168167114258,58.11914407270376,56.62302745310212,57.35113708472969,151100
11260,2024-11-13,55.46603012084961,57.46085225759042,55.44608144290365,57.46085225759042,146000
11261,2024-11-14,53.9200439453125,55.70540687329839,52.94258155090945,55.16680778585025,189600
11262,2024-11-15,53.022369384765625,54.38882140943892,52.91265356438655,54.289081829905804,146100
11263,2024-11-18,53.53104782104492,53.7903768179328,53.102164581246235,53.341541096258474,119100
11264,2024-11-19,52.234413146972656,53.21187547305741,51.88532081794989,53.092187218081186,155700
11265,2024-11-20,52.613433837890625,52.63338251582951,51.22703306211856,52.43389954126188,118400
11266,2024-11-21,53.04231643676758,53.800347110532975,52.423922691999415,53.03234019622723,143800
11267,2024-11-22,54.14944839477539,54.418749842697416,52.88273586780348,53.18195843055418,175400
11268,2024-11-25,55.32638931274414,56.61304660934067,54.65812196514068,54.65812196514068,185300
11269,2024-11-26,54.31900405883789,55.19672683508306,54.10954865462223,55.19672683508306,186200
11270,2024-11-27,54.1893424987793,54.92742452227835,53.730530538288946,54.498537479641975,95000
11271,2024-11-29,54.76784133911133,55.04711521932058,54.548409687620484,54.58830704331359,80900
11272,2024-12-02,56.2440071105957,56.273928223813385,54.19931526959677,55.007219569864155,201100
11273,2024-12-03,55.14685821533203,56.453464263983996,55.106960859923404,55.98468365480697,117800
11274,2024-12-04,55.3563117980957,55.86498974590287,54.967322107745325,55.665510585081925,117100
11275,2024-12-05,54.17936706542969,55.585716471253036,54.029753888393124,55.28649392200105,100400
11276,2024-12-06,54.66809844970703,54.707991998167095,54.02975221167266,54.328978556459816,89000
11277,2024-12-09,55.48597717285156,56.35372371155568,54.24918581019345,54.81770979811903,151300
11278,2024-12-10,56.08441925048828,56.64297077202816,54.85760419506801,55.80514539212883,154700
11279,2024-12-11,56.52328109741211,56.942195707434266,55.47600027958839,56.53325733838611,116400
11280,2024-12-12,56.164215087890625,57.09180762736571,55.82509519383714,56.15423884713612,116900
11281,2024-12-13,56.31382751464844,56.46344069552434,55.49595075012162,56.07445099103247,198300
11282,2024-12-16,56.80256271362305,57.341165618956396,56.543233697801185,56.61305217017906,170200
11283,2024-12-17,55.5258674621582,57.331182706730004,55.396206774154855,56.56317579511065,197300
11284,2024-12-18,52.80293655395508,56.17418677272532,52.403974439993185,56.12431698408271,237500
11285,2024-12-19,52.6932258605957,53.70060931376241,52.393999511603795,53.49115391332494,181400
11286,2024-12-20,52.064857482910156,53.49115558638364,51.675867782839426,51.675867782839426,619600
11287,2024-12-23,52.76304626464844,53.002422786845585,52.06485776606786,52.06485776606786,127200
11288,2024-12-24,53.28169631958008,53.36149102967695,52.71317232701408,52.76304592323522,42300
11289,2024-12-26,53.84024429321289,53.9699087860817,53.06226494564189,53.06226494564189,59600
11290,2024-12-27,53.02176284790039,54.01991352399302,52.54265098029305,53.46095158227244,66100
11291,2024-12-30,52.62250518798828,53.04172664687533,51.903835478304565,52.78220914484659,69500
11292,2024-12-31,52.632484436035156,53.530821563182045,52.46280064959776,52.78220855977385,108700
11293,2025-01-02,51.794036865234375,53.271299377332426,51.56446267156129,52.872041400021985,91400
11294,2025-01-03,52.38294982910156,52.50272685050581,51.87389463240136,52.313079582645514,171300
11295,2025-01-06,52.163352966308594,53.381098016802454,51.99366917803594,52.42287427591024,125600
11296,2025-01-07,51.82398223876953,53.05171094391961,51.524537791901864,52.37296816694344,105400
11297,2025-01-08,51.41474151611328,51.68424266535615,50.805872780019534,51.36483474202596,125500
11298,2025-01-10,49.80772018432617,50.82583052166667,49.68793936187452,50.36668212519662,163800
11299,2025-01-13,49.61806869506836,49.91751313335216,49.059106758976625,49.059106758976625,128900
11300,2025-01-14,50.63618469238281,51.05540996750205,49.97740538088924,50.3067969404574,123200
11301,2025-01-15,51.514556884765625,52.0934822956036,51.04542484962738,51.84394462715009,99500
11302,2025-01-16,51.294960021972656,51.98368639028093,51.284980191082916,51.53451784739346,80400
11303,2025-01-17,51.544498443603516,52.07351706439102,51.14524047216403,52.07351706439102,77400
11304,2025-01-21,52.74228286743164,52.91196665788522,51.93377943386322,52.06354009033185,83600
11305,2025-01-22,52.85207748413086,53.18146521744208,52.54264941302059,52.57259271396455,103800
11306,2025-01-23,51.44468688964844,52.542651113067805,51.21511269048412,52.23322683958848,118100
11307,2025-01-24,52.15337371826172,52.163353549830646,50.955592124926206,51.18516632743875,184700
11308,2025-01-27,50.965576171875,51.44468805151368,49.5881271381371,51.26502062069383,282000
11309,2025-01-28,51.22509002685547,52.03359340790466,50.835811890379276,51.27499679682684,178600
11310,2025-01-29,50.985538482666016,51.65429760955604,50.556333386323026,51.26501945418511,100500
11311,2025-01-30,51.135257720947266,52.29311233120886,50.726016103724874,51.73415039996418,98300
11312,2025-01-31,50.99551773071289,51.973704927482196,50.47647892694176,51.13525821487384,130400
11313,2025-02-03,49.17888641357422,50.27685068212096,48.99921897942761,49.7877589617774,186000
11314,2025-02-04,46.98295211791992,48.15079039137959,43.91862984047968,45.75522724066,221900
11315,2025-02-05,47.871307373046875,48.51012322136373,46.90310376878538,46.98295384600358,195400
11316,2025-02-06,47.492008209228516,48.09089705668302,46.51381725333443,47.96113641026565,283700
11317,2025-02-07,46.384063720703125,47.442101013796574,45.92491151010882,47.442101013796574,163500
11318,2025-02-10,46.46391296386719,47.20254613561647,45.93489432679275,46.53378320621126,224900
11319,2025-02-11,46.32416915893555,47.132672515080145,46.07463150912278,46.19440851489305,118600
11320,2025-02-12,45.625465393066406,46.01474353815756,45.11641023586473,45.51566821211402,119800
11321,2025-02-13,46.414005279541016,46.433968749481586,45.535631640368926,45.92490978510356,99800
11322,2025-02-14,46.14450454711914,46.58368946669391,45.83507647181987,46.31419213926474,110500
11323,2025-02-18,46.60365295410156,46.713450135946644,45.815116826349986,46.09459779276105,117000
11324,2025-02-19,46.08461380004883,46.68350647615766,45.96483678788409,46.20439461985613,133000
11325,2025-02-20,46.32416915893555,46.36409609673976,45.60549950902924,45.97481797225462,108100
11326,2025-02-21,45.715301513671875,46.962989894545245,45.19626269031142,46.91308312083886,142800
11327,2025-02-24,44.98665237426758,45.91493284287628,44.916782128900714,45.91493284287628,154600
11328,2025-02-25,45.12639236450195,45.23618955104435,44.67722378666614,44.85689121780047,161100
11329,2025-02-26,45.15633773803711,45.62546596116235,44.79700288958877,45.21622434101676,119200
11330,2025-02-27,44.228057861328125,45.02657764126791,44.048390434886336,44.966687229906434,105900
11331,2025-02-28,44.57741165161133,44.58739148359372,43.848762072324725,43.97852273395307,177800
11332,2025-03-03,42.750797271728516,45.026579700550066,42.40144223427284,44.67722466309439,148700
11333,2025-03-04,42.29164505004883,42.85061082545132,41.8225167996281,42.371498935524684,145400
11334,2025-03-05,43.289794921875,43.319742032161315,42.2117941426365,42.59108866826412,138700
11335,2025-03-06,43.179996490478516,43.459481268451185,42.6809211533791,42.720848094181285,180800
11336,2025-03-07,43.79885482788086,44.16816952955865,42.99035137082566,42.99035137082566,207700
11337,2025-03-10,42.9404411315918,43.439516453240735,42.49127258057925,43.33969910432543,200100
11338,2025-03-11,42.601070404052734,43.27981315635908,42.30162596806878,43.00033219045973,185400
11339,2025-03-12,42.41142272949219,42.990348125639386,42.29164191017135,42.88055094508322,124700
11340,2025-03-13,41.373348236083984,42.54118275450058,41.15375385854534,42.19183152445532,150000
11341,2025-03-14,42.37149429321289,42.42140106234599,41.43323027988398,41.79256510987017,126800
11342,2025-03-17,42.84062576293945,43.02029319164941,42.032126141387344,42.032126141387344,106200
11343,2025-03-18,42.521217346191406,42.76077518419783,42.072052587348686,42.53120098524812,122000
11344,2025-03-19,43.26982879638672,43.539329926573714,42.64099663359292,42.65097646464761,103300
11345,2025-03-20,42.87057113647461,43.45948017169575,42.631013305349676,42.65097677524697,134600
11346,2025-03-21,42.29164505004883,42.62103661617248,41.722699442783274,42.281665218185765,319900
11347,2025-03-24,43.73896026611328,43.79885067461545,43.0702011722302,43.21992148202191,157100
11348,2025-03-25,43.589237213134766,43.998482636429706,43.23988600744709,43.52935061081263,134600
11349,2025-03-26,43.27981185913086,43.898664182634484,42.900513554177195,43.898664182634484,102700
11350,2025-03-27,42.96040344238281,43.45947875056763,42.511234903487995,43.2798113350097,106700
11351,2025-03-28,42.121177673339844,43.02035045121046,41.52173169554915,42.760587732632466,112800
11352,2025-03-31,41.51173782348633,41.97131331673064,41.202025726866445,41.35188531230638,263600
11353,2025-04-01,41.052162170410156,41.80147152824593,40.82237442468266,41.192032640749986,196000
11354,2025-04-02,41.74152755737305,41.74152755737305,40.502671489544056,40.502671489544056,250700
11355,2025-04-03,37.3455810546875,39.89323221776537,37.1357715290436,39.61349126515303,277800
11356,2025-04-04,36.01680374145508,36.12670306124201,33.98867422199131,35.52725707663916,356300
11357,2025-04-07,35.866943359375,37.615331888931465,34.55814828808059,34.757964882266805,433800
11358,2025-04-08,34.92780685424805,37.09581063407842,34.668047947075365,36.84604084168045,351000
11359,2025-04-09,38.35464859008789,38.724306814541386,34.65805491199929,34.65805491199929,453500
11360,2025-04-10,37.11579132080078,37.97499617391033,36.386460199762816,37.2456688640568,225700
11361,2025-04-11,37.09580993652344,37.60533862651283,36.066755819588764,37.18572721254327,208300
11362,2025-04-14,37.065834045410156,37.73521904156088,36.446406054500606,37.55538449400901,266900
11363,2025-04-15,37.30561447143555,37.49543813209818,36.79608579745459,37.105797885315496,251000
11364,2025-04-16,36.75612258911133,37.175733999842244,35.96684915138282,36.895993059354964,194900
11365,2025-04-17,37.5453987121582,37.86510375591943,36.61625473773191,36.72615024993722,200200
11366,2025-04-21,37.31560516357422,37.33558720414959,36.60625987347901,36.925964900315854,196100
11367,2025-04-22,38.01496124267578,38.20478872206866,37.305615954377465,37.63531009507455,175300
11368,2025-04-23,38.77426528930664,40.11303157546069,38.70433004990331,38.77426528930664,195000
11369,2025-04-24,40.143001556396484,40.162983597238636,38.66436483473857,38.80423530944904,136100
11370,2025-04-25,40.063072204589844,40.11302921080559,39.35372692606626,39.81330241824905,112600
11371,2025-04-28,39.76335144042969,40.65253131959424,39.413675244528356,39.92320396015382,133700
11372,2025-04-29,39.853267669677734,40.013120185185095,39.35372808231916,39.35372808231916,258300
11373,2025-04-30,38.04493713378906,39.05400543211637,36.925965704312,38.62440107835341,285400
11374,2025-05-01,38.674354553222656,39.54355619309269,38.244750196372316,38.81422503011632,270900
11375,2025-05-02,39.77334213256836,40.51265856556958,39.04401481409548,39.13392827840407,196400
11376,2025-05-05,38.98406982421875,39.583515804104884,38.954098668579825,39.14392233960069,185200
11377,2025-05-06,38.844200134277344,39.38370000259846,38.08489781248742,38.54447713828013,150900
11378,2025-05-07,39.15391159057617,39.46362750759898,38.68434696880015,39.18388655750393,141200
11379,2025-05-08,39.983150482177734,40.47269716131182,39.1639058340399,39.493599991858915,133400
11380,2025-05-09,39.87324905395508,40.44272386927203,39.83328497294014,40.02311245216882,166400
11381,2025-05-12,42.370948791503906,42.560772467799765,41.66160347298367,41.751520753583755,294000
11382,2025-05-13,43.34005355834961,43.48991314055742,42.59074421375732,42.59074421375732,124300
11383,2025-05-14,42.89046859741211,43.59981388556237,42.79056220599373,43.26012681908154,147600
11384,2025-05-15,42.700645446777344,43.260127343396455,42.35096545020581,42.7306166023292,145400
11385,2025-05-16,43.18020248413086,43.24014479453021,42.42090018880645,42.730616100213055,138100
11386,2025-05-19,42.64069747924805,42.75059679309516,42.25105722919693,42.25105722919693,99300
11387,2025-05-20,42.131168365478516,43.030341177013405,41.78149216720646,42.460866333436215,332700
11388,2025-05-21,40.96224594116211,41.95133599568699,40.81238254129378,41.761508514362504,137000
11389,2025-05-22,40.46270751953125,40.98222915984023,40.41275432186753,40.82237664060552,197900
11390,2025-05-23,39.63346862792969,40.023112703495286,39.27380333009035,39.27380333009035,173000
11391,2025-05-27,41.09212875366211,41.142081951656785,40.11303159046453,40.232920027888696,158300
11392,2025-05-28,40.28287124633789,41.162061970341696,40.19295396989222,41.112108774801776,109600
11393,2025-05-29,40.762428283691406,40.84235644452256,40.09304708706064,40.552622578286346,138000
11394,2025-05-30,40.652530670166016,40.892311351514046,39.993138560439725,40.5726063171731,163700
11395,2025-06-02,40.41275405883789,40.74244821022034,40.12302017861552,40.40276113265938,115000
11396,2025-06-03,41.66160202026367,41.75151929772838,40.502670339154434,40.502670339154434,114100
11397,2025-06-04,41.61164855957031,42.19111249084813,41.431814005784375,41.65160882949032,134000
11398,2025-06-05,41.37186813354492,41.79148336530334,41.12209834191251,41.481767451652715,105000
11399,2025-06-06,41.82145309448242,42.660679718194544,41.59166535135921,42.330981775114864,99100
11400,2025-06-09,42.90045928955078,43.090286775884096,42.10119669526089,42.13116785155155,138300
11401,2025-06-10,43.22016143798828,43.49990618567724,42.86049615299005,43.11026593520751,117000
11402,2025-06-11,42.64069747924805,43.37002478519734,42.580751359553865,43.36003567084052,155400
11403,2025-06-12,42.51081848144531,42.600735760377574,41.94134365193588,42.231077529738116,142800
11404,2025-06-13,41.13208770751953,42.06123164295367,41.02219219992606,41.68158430140984,116500
11405,2025-06-16,41.81146240234375,41.911372607637134,41.30193369449374,41.59166757306759,147300
11406,2025-06-17,41.441802978515625,42.15114826536121,41.30193250631335,41.471774133649106,159000
11407,2025-06-18,41.341896057128906,42.05124133487813,41.32191401690132,41.401838366627196,82000
11408,2025-06-20,41.17205047607422,41.681582972125604,41.012197965999846,41.63162596613998,306700
11409,2025-06-23,42.131168365478516,42.191114489975746,40.73245976120557,41.09212888581953,164800
11410,2025-06-24,43.260128021240234,43.39999849758665,42.2011065225119,42.380937269825395,222000
11411,2025-06-25,42.91044998168945,43.659759339421456,42.87048590125947,43.150226841900384,176000
11412,2025-06-26,43.39999771118164,43.569843151656585,43.02035037117332,43.10027472284391,101500
11413,2025-06-27,43.619998931884766,43.93000030517578,43.150001525878906,43.47999954223633,699100
11414,2025-06-30,42.61000061035156,43.81999969482422,42.599998474121094,43.7599983215332,165300
11415,2025-07-01,43.33000183105469,43.93000030517578,42.47999954223633,42.47999954223633,106200
11416,2025-07-02,44.5099983215332,44.540000915527344,43.27000045776367,43.40999984741211,234800
11417,2025-07-03,44.619998931884766,45.2599983215332,44.310001373291016,44.97999954223633,82300
